"source_path","classification","reason","license","internal_target","sha256"
".DS_Store","IGNORE","Phase 0~2의 제품 계약에 필요하지 않음","MIT","none","cd71bafe6f6dbd7a49ef147654a873b03368ce5d5e22b63965417975cd3398ec"
"application/playground/.dockerignore","IGNORE","기존 UI와 Playground runtime은 초기 범위 밖","MIT","none","b51b6b31ea66eb80214b1b8dded233bb48334b7040619e86265a4ddfc0f2e33a"
"application/playground/.env.local.example","IGNORE","기존 UI와 Playground runtime은 초기 범위 밖","MIT","none","ab66332d531135fbb546b80decab8899c99d5384e5e50a716449cf221c2421be"
"application/playground/backend/__init__.py","IGNORE","기존 UI와 Playground runtime은 초기 범위 밖","MIT","none","27f937027b663c7f92f9c6e69d7123ee66101f4247ee5db639044fe4a3b643fb"
"application/playground/backend/api/__init__.py","IGNORE","기존 UI와 Playground runtime은 초기 범위 밖","MIT","none","dbc00c1d50781878e655f1b762bbd4f30c6225e54c8188acae50b6b223ab2955"
"application/playground/backend/api/app.py","IGNORE","기존 UI와 Playground runtime은 초기 범위 밖","MIT","none","5c4aebe7e522554ceb50111fee0af74ab1ce3860080961b89fcb968ae55c4f6a"
"application/playground/backend/api/deps.py","IGNORE","기존 UI와 Playground runtime은 초기 범위 밖","MIT","none","cd7c2b3d0a143ba6ac8fec76fa78cf51ca0785de0a9ae73a3d8f546c484593ea"
"application/playground/backend/api/schemas.py","IGNORE","기존 UI와 Playground runtime은 초기 범위 밖","MIT","none","6e433c22a01029d79c9522655c742342d05d46fe36b6f091fcd4b5af490703a4"
"application/playground/backend/DESIGN_REFERENCE.html","IGNORE","기존 UI와 Playground runtime은 초기 범위 밖","MIT","none","78c83418c3a94a2432c404dc75f071d2c560df50e1b213a0d33ce658b8745cc3"
"application/playground/backend/requirements.txt","IGNORE","기존 UI와 Playground runtime은 초기 범위 밖","MIT","none","08527bf84ead5ddecf38087ca771c5984d0eb362df54552b3783086d51e71587"
"application/playground/backend/run_dev.sh","IGNORE","기존 UI와 Playground runtime은 초기 범위 밖","MIT","none","978f20a6e9d6fe10bf8cb260fe791bb417c8d75e180808dff2080c9d2fc85a3a"
"application/playground/backend/run_real.sh","IGNORE","기존 UI와 Playground runtime은 초기 범위 밖","MIT","none","37bf62ae317395367ea64ec43aad478ac53fddd283c860d483e9cb6cfdf17634"
"application/playground/backend/service/__init__.py","IGNORE","기존 UI와 Playground runtime은 초기 범위 밖","MIT","none","cf46d5d58e262ca3a23eab46bce366ac21a7d8aa6b4942c1f2cd0675a1e0fc05"
"application/playground/backend/service/application_task_index.py","IGNORE","기존 UI와 Playground runtime은 초기 범위 밖","MIT","none","88f2f12869b48999d1b445f63631934a48a182ac1d3cb68819f065299bd98665"
"application/playground/backend/service/application_task_metadata.py","IGNORE","기존 UI와 Playground runtime은 초기 범위 밖","MIT","none","69462e40e5c9409e7274110908de7b5ecb9166a43f8d734b47bf822a9b83208f"
"application/playground/backend/service/application_types.py","IGNORE","기존 UI와 Playground runtime은 초기 범위 밖","MIT","none","fb547c4b6171e6723b0d875fb90cf7391747ce80ff6fdaf56346ddd5fb5d8d03"
"application/playground/backend/service/appworld_eval_service.py","IGNORE","기존 UI와 Playground runtime은 초기 범위 밖","MIT","none","3baba275ed6300b25d7a6f353995a0c546a9225a0c6b7954bdb8c2b8688af280"
"application/playground/backend/service/appworld_tasks.py","IGNORE","기존 UI와 Playground runtime은 초기 범위 밖","MIT","none","f37d3aa7ef3750a88b3aaee18020ef94c74124a801e856c1387fa7f74635dcc8"
"application/playground/backend/service/appworld_types.py","IGNORE","기존 UI와 Playground runtime은 초기 범위 밖","MIT","none","21aeb05cec914cee1872382a44bb6923162f8e3129ca2e566836c34cfe829a1a"
"application/playground/backend/service/build_persona_1m_indexes.py","IGNORE","기존 UI와 Playground runtime은 초기 범위 밖","MIT","none","cd622316370d755de1120e0c09a35e758238a08e7870b3b90eb2cade44578fcd"
"application/playground/backend/service/bundle_catalog.py","IGNORE","기존 UI와 Playground runtime은 초기 범위 밖","MIT","none","1d1a81533b19f35b269ab8e09f5fefad9ce8ce532a1b3dd037ff6e183942c456"
"application/playground/backend/service/catalog_index.py","IGNORE","기존 UI와 Playground runtime은 초기 범위 밖","MIT","none","8471716aee67a7ee406f0244364545d3f15264201a16b92bc3bb7705418b37ed"
"application/playground/backend/service/chatbot_sidecar_service.py","IGNORE","기존 UI와 Playground runtime은 초기 범위 밖","MIT","none","3c20383da5468920c35a013f6f11222ca8b12e8892624a942382b07cc340628a"
"application/playground/backend/service/chatbot_tasks.py","IGNORE","기존 UI와 Playground runtime은 초기 범위 밖","MIT","none","9dd5918946e61cc186fd7d2f10864a0976b10e9402088243c2e07af1270a90f9"
"application/playground/backend/service/config.py","IGNORE","기존 UI와 Playground runtime은 초기 범위 밖","MIT","none","128d549ba1c92c214d8a5e051a32fd6a44451f5f9cbfc1a61aea98c8a69042ab"
"application/playground/backend/service/example_task_catalog.py","IGNORE","기존 UI와 Playground runtime은 초기 범위 밖","MIT","none","3df689ce7d29aade82ba041e9e4cad63c8b79748feaf3b88466a54a63da5adae"
"application/playground/backend/service/execution_plane.py","IGNORE","기존 UI와 Playground runtime은 초기 범위 밖","MIT","none","492d639f85c2828ce13d2bb14711f2c562d6bb045cffb0c2c159a88832f738f6"
"application/playground/backend/service/harbor_job_service.py","IGNORE","기존 UI와 Playground runtime은 초기 범위 밖","MIT","none","c6f39653522bb020bdcf2562ab58e3467a83026d2739f949b1c4b4786b75f0a2"
"application/playground/backend/service/harbor_playground.py","IGNORE","기존 UI와 Playground runtime은 초기 범위 밖","MIT","none","54b25d80364d20d48a33c0b5587b8259b452c749551ad3042c0284416dc91cd6"
"application/playground/backend/service/harbor_trial_debrief.py","IGNORE","기존 UI와 Playground runtime은 초기 범위 밖","MIT","none","81fd14fc3aa0432f4e4392bbbdc15259e42961d414849722de340eae6d1a726f"
"application/playground/backend/service/harbor_web_eval.py","IGNORE","기존 UI와 Playground runtime은 초기 범위 밖","MIT","none","0417cb487889faf8e6ff5c90f9d242d3d984594f2f94b22f20b5891bebbf3c27"
"application/playground/backend/service/harbor_web_trace.py","IGNORE","기존 UI와 Playground runtime은 초기 범위 밖","MIT","none","0c0136265bc3290faa44172555395dbc7278f8a6475a54d56ceaaac7a1a52d1c"
"application/playground/backend/service/import_paths.py","IGNORE","기존 UI와 Playground runtime은 초기 범위 밖","MIT","none","12c619a58612dcce7d1208aeb89aa116f6ad064fd1703ba6c066b4cec5275ef2"
"application/playground/backend/service/job_aggregation.py","IGNORE","기존 UI와 Playground runtime은 초기 범위 밖","MIT","none","2791a87250773196f12cb7d91ccf2543b8ff8714b15434bdd76b8c7d6cf51813"
"application/playground/backend/service/jobs.py","IGNORE","기존 UI와 Playground runtime은 초기 범위 밖","MIT","none","912adc160bdbaf114f6d5898d0b9d714e51d43ee498386d61bb54ad600aa9d8e"
"application/playground/backend/service/local_appworld_eval.py","IGNORE","기존 UI와 Playground runtime은 초기 범위 밖","MIT","none","96684602ad91f6a2d512ad091ff9e1219b783542260e155e2cd75f0dc7155932"
"application/playground/backend/service/local_distributed_harbor.py","IGNORE","기존 UI와 Playground runtime은 초기 범위 밖","MIT","none","d8be3c46284c9a6f56f1aeeb56a5e03bdc361049f621075252cf1f08a7cccf38"
"application/playground/backend/service/os_app_tasks.py","IGNORE","기존 UI와 Playground runtime은 초기 범위 밖","MIT","none","d80fee5927a1e182cca9b19a08e73402d3166485ba9d890af5e205f4d6ce9dff"
"application/playground/backend/service/os_app_types.py","IGNORE","기존 UI와 Playground runtime은 초기 범위 밖","MIT","none","37485e99bbade006f6a348a56c55f4f3d4955304a47b61cf306764f234a443a5"
"application/playground/backend/service/persona_1m_index.py","IGNORE","기존 UI와 Playground runtime은 초기 범위 밖","MIT","none","c933321f5a6153912e9fff7d0e78d9db0c632ef34c99841dab1fd85568f6a71d"
"application/playground/backend/service/persona_1m_pool.py","IGNORE","기존 UI와 Playground runtime은 초기 범위 밖","MIT","none","442da5d82365a9c37269bb8a78150394add699df590bd2ff35936a7ce2fd0b31"
"application/playground/backend/service/persona_pool_service.py","IGNORE","기존 UI와 Playground runtime은 초기 범위 밖","MIT","none","201c87de79982e8e0e8a76fc23960559b5358cff3d9437a942f685aac7dfaeb0"
"application/playground/backend/service/persona_sampling_alloc.py","IGNORE","기존 UI와 Playground runtime은 초기 범위 밖","MIT","none","84aa016ffc5b0ab931d8e499956b0c3dc8484d07e72f5f2ad881f556f007684c"
"application/playground/backend/service/persona_strategy.py","IGNORE","기존 UI와 Playground runtime은 초기 범위 밖","MIT","none","cddb71373c6ec5996186a2c7dfacd819bdeb89ec211d6278554d3a0049a0db69"
"application/playground/backend/service/persona_taxonomy.py","IGNORE","기존 UI와 Playground runtime은 초기 범위 밖","MIT","none","8f6dd007d3c7def82d6452d7d46bd5721783fb3f5ccf163774148870025ebc0f"
"application/playground/backend/service/playground_service.py","IGNORE","기존 UI와 Playground runtime은 초기 범위 밖","MIT","none","e3a8f2cf56937f1efeab8d3d3a4d58f4696d27fb7a5023eb573a0e1030a07e50"
"application/playground/backend/service/playground_task_registry_cache.py","IGNORE","기존 UI와 Playground runtime은 초기 범위 밖","MIT","none","d53cac77f93d488a18cade2c85b3afcb7735c2f9e76659a3e28b30f33771b890"
"application/playground/backend/service/playground_task_registry.py","IGNORE","기존 UI와 Playground runtime은 초기 범위 밖","MIT","none","7f6d7aacc1c8782164863967e8e5c226dd7892980640c9f9de5bfd9a6b5c2a81"
"application/playground/backend/service/report_pdf.py","IGNORE","기존 UI와 Playground runtime은 초기 범위 밖","MIT","none","5e2edc10fd222a3b20f3b253aeda0afbc5c9cff4a73ba1196df1582128ed668d"
"application/playground/backend/service/run_store.py","IGNORE","기존 UI와 Playground runtime은 초기 범위 밖","MIT","none","b0e3759e727d278afb9d62e70bddc9932b1d5645d78e0fb526190fb6d0ae8d4f"
"application/playground/backend/service/session_store.py","IGNORE","기존 UI와 Playground runtime은 초기 범위 밖","MIT","none","de957c957b96122afad4afae49b43f4e9c313d328dfabe438052ee560f12131e"
"application/playground/backend/service/session.py","IGNORE","기존 UI와 Playground runtime은 초기 범위 밖","MIT","none","b13630cac4630bc5e0e69da179dbe4c768d504963bc5d0bd003870c82e44bc1b"
"application/playground/backend/service/survey_eval_service.py","IGNORE","기존 UI와 Playground runtime은 초기 범위 밖","MIT","none","b1aa2cc0877baf958f86a9561ff955660d9598f33a80117778369bda37ae7c10"
"application/playground/backend/service/survey_harbor_tasks.py","IGNORE","기존 UI와 Playground runtime은 초기 범위 밖","MIT","none","71cf6af05101171b05bf4e1bc10eb8917543e6d29e2b625af9a88f950e959ffd"
"application/playground/backend/service/survey_harbor_types.py","IGNORE","기존 UI와 Playground runtime은 초기 범위 밖","MIT","none","7f019d7e2f91de6fc6402df1c1bc529c633edaa6d10737a2a4c1effb7bbf9de8"
"application/playground/backend/service/survey_instruction_builder.py","IGNORE","기존 UI와 Playground runtime은 초기 범위 밖","MIT","none","572171dc86e7bcb9ee07f858d2e613ab7606ba5b039353bc6b3b9df4206a81f7"
"application/playground/backend/service/survey_instruments.py","IGNORE","기존 UI와 Playground runtime은 초기 범위 밖","MIT","none","0d7fe2eef6df96761824aaf73615e175db314fde98e4ac95d8cf2a1206e9eb10"
"application/playground/backend/service/survey_questionnaire_catalog.py","IGNORE","기존 UI와 Playground runtime은 초기 범위 밖","MIT","none","dae30423bf92d05bd488d5abf4bc04935d8c07060de65fbfb28b9f6a574c8ef9"
"application/playground/backend/service/survey_task_registry.py","IGNORE","기존 UI와 Playground runtime은 초기 범위 밖","MIT","none","923f2e3a411a2a0c6627b1e9d4b0bc1ff7650f6b162298202197314ab7ec50e5"
"application/playground/backend/service/survey_types.py","IGNORE","기존 UI와 Playground runtime은 초기 범위 밖","MIT","none","352a490c6ae66512bf63abefe31a292aa0967a2e13e37ea73b84d543a2facc79"
"application/playground/backend/service/task_detail_service.py","IGNORE","기존 UI와 Playground runtime은 초기 범위 밖","MIT","none","400872e8f2dfeeca51714ad95710adf699e4c9e37c7703eb39ccb93bb2e2c264"
"application/playground/backend/service/task_environment.py","IGNORE","기존 UI와 Playground runtime은 초기 범위 밖","MIT","none","43aba3b90dd13665b708138a8c7cf8ab3fb35f84dcb88160141f16245794cf6b"
"application/playground/backend/service/task_list_summary.py","IGNORE","기존 UI와 Playground runtime은 초기 범위 밖","MIT","none","63e7a77af207d4c291182615b6f655b2744d27141651f6fa2d6ce58d84844617"
"application/playground/backend/service/task_persona_strategy_service.py","IGNORE","기존 UI와 Playground runtime은 초기 범위 밖","MIT","none","5289f71e722c2f38d1e71cbfed9c5e905f8c01b23155429932db3d4d1c69e5c5"
"application/playground/backend/service/trace_view.py","IGNORE","기존 UI와 Playground runtime은 초기 범위 밖","MIT","none","ac3439bdbb784fe3d190ec614e3fb85631fc694deacece32174723481bbe4475"
"application/playground/backend/service/web_eval_service.py","IGNORE","기존 UI와 Playground runtime은 초기 범위 밖","MIT","none","f38e11299b34851e7979a7c3f40731369e7074e5b6c05621166733f03a92aced"
"application/playground/backend/service/web_tasks.py","IGNORE","기존 UI와 Playground runtime은 초기 범위 밖","MIT","none","90935b05923e48b2a2078b2039d2f7fcd16f091a2b09be0dba4e0974a61716da"
"application/playground/backend/service/web_types.py","IGNORE","기존 UI와 Playground runtime은 초기 범위 밖","MIT","none","1bce07f12e64549be7233f600e9045025240bc78d187fd360e9714faad10268d"
"application/playground/backend/tests/__init__.py","IGNORE","기존 UI와 Playground runtime은 초기 범위 밖","MIT","none","a0378747c3f19451de19cad16a4cf42f665cb5f1476e75b960cdeda5b483b0ec"
"application/playground/backend/tests/conftest.py","IGNORE","기존 UI와 Playground runtime은 초기 범위 밖","MIT","none","d74a4aaf822117304217f11a4d735bbaa79de9ca6f09ada1b4e00e6199cacc09"
"application/playground/backend/tests/test_api_schemas.py","IGNORE","기존 UI와 Playground runtime은 초기 범위 밖","MIT","none","6d3c0a8270d3cf8e14a95472ff375a122af50d2cf1cf2d61f8b795c25b7f3961"
"application/playground/backend/tests/test_api.py","IGNORE","기존 UI와 Playground runtime은 초기 범위 밖","MIT","none","9a1448f68f19f1f14528e51ca5e6e6201bf0b837ee27158ed82f4e73886059fb"
"application/playground/backend/tests/test_application_task_index.py","IGNORE","기존 UI와 Playground runtime은 초기 범위 밖","MIT","none","5764e7a9350a58007109cf4889b1e95ff52a89f59f82d97aab89d766d21b54d1"
"application/playground/backend/tests/test_application_task_metadata.py","IGNORE","기존 UI와 Playground runtime은 초기 범위 밖","MIT","none","53f7945622e32fec58c2277815a4a9197894a5aa4c47e9ad111cbb19940c8176"
"application/playground/backend/tests/test_application_task_spec.py","IGNORE","기존 UI와 Playground runtime은 초기 범위 밖","MIT","none","a11f38c1c15aa2651113e59b62b0ec94f48b72aae2cfbcb89cb537586ed5bb84"
"application/playground/backend/tests/test_application_types.py","IGNORE","기존 UI와 Playground runtime은 초기 범위 밖","MIT","none","b6e8b25576cbf99c9ca9a74ae2308b3acd64d505703f570912511be9ae7e0479"
"application/playground/backend/tests/test_appworld_eval_api.py","IGNORE","기존 UI와 Playground runtime은 초기 범위 밖","MIT","none","d5985a9db674aab77e07ab37d7acc9947361667a65b94cad93a856fdaa885e1f"
"application/playground/backend/tests/test_appworld_eval_service.py","IGNORE","기존 UI와 Playground runtime은 초기 범위 밖","MIT","none","42db35818f6db7cf2a0268ba56f10dec7958b49a792624a7f62f216f45a1d473"
"application/playground/backend/tests/test_branding.py","IGNORE","기존 UI와 Playground runtime은 초기 범위 밖","MIT","none","6b819a92b366c13090fedb700e5dbd7ff09556ab014f478b3be3b025afc75019"
"application/playground/backend/tests/test_bundle_catalog.py","IGNORE","기존 UI와 Playground runtime은 초기 범위 밖","MIT","none","701ff4aa14f44f925112d760394e34f2d7086f409ec721debfd8875c181c2879"
"application/playground/backend/tests/test_catalog_index.py","IGNORE","기존 UI와 Playground runtime은 초기 범위 밖","MIT","none","e321afc5dd4ef3565f6b438e9c2b0384465adf98f042d13fb6bd5277d21831aa"
"application/playground/backend/tests/test_chatbot_sidecar_service.py","IGNORE","기존 UI와 Playground runtime은 초기 범위 밖","MIT","none","dbb46ef60970833d61913c999f00572c0d2f85b4de5290684d0738effa3e0489"
"application/playground/backend/tests/test_chatbot_task_config.py","IGNORE","기존 UI와 Playground runtime은 초기 범위 밖","MIT","none","1660ec07d9dcaeb73a0614eee17874f0347431cd77f42f088f08e7a928c0efe2"
"application/playground/backend/tests/test_chatbot_tasks.py","IGNORE","기존 UI와 Playground runtime은 초기 범위 밖","MIT","none","e6a909814c7ff7ebddea14a22eb2fb35b139340009597012ca264f101761e7f1"
"application/playground/backend/tests/test_config.py","IGNORE","기존 UI와 Playground runtime은 초기 범위 밖","MIT","none","293b6bce6a8911e8942e358181777e82b3f9c395a497f62ea2b5a9b8e2d44cc5"
"application/playground/backend/tests/test_example_task_catalog.py","IGNORE","기존 UI와 Playground runtime은 초기 범위 밖","MIT","none","23cc54ecc15d0c3a3362e4549b2bb7537faaa81c59c6ea9a048b67fdb279832c"
"application/playground/backend/tests/test_harbor_chat_eval.py","IGNORE","기존 UI와 Playground runtime은 초기 범위 밖","MIT","none","c4ecf4ad53f88e6fb7d15deae0e4a0dba2b6648168356966b47c6d39af1202d3"
"application/playground/backend/tests/test_harbor_chat_mcp_session.py","IGNORE","기존 UI와 Playground runtime은 초기 범위 밖","MIT","none","17d5fc2e65c38ffca849342ecf68e19754d99302f5f45c3fe06a9104898553e5"
"application/playground/backend/tests/test_harbor_job_service.py","IGNORE","기존 UI와 Playground runtime은 초기 범위 밖","MIT","none","7cf4fbd740d6b338e90a0551bac3d0d7a36332c75b4e2d888ea2be3ae46f576d"
"application/playground/backend/tests/test_harbor_jobs_api.py","IGNORE","기존 UI와 Playground runtime은 초기 범위 밖","MIT","none","9f14b8e3a8a45aa34d2bb26bcc8d9493f60d2fed23e58faa326ef46abae54b53"
"application/playground/backend/tests/test_harbor_playground.py","IGNORE","기존 UI와 Playground runtime은 초기 범위 밖","MIT","none","617caf4aa6b449547de71be774001e5bdb50cf524660ebd037dcb9712d854b2d"
"application/playground/backend/tests/test_harbor_survey_eval.py","IGNORE","기존 UI와 Playground runtime은 초기 범위 밖","MIT","none","bb6306dc8e44ee5773868daa4d85510701cbbb3d704ef0ea4e8807ae91003a3f"
"application/playground/backend/tests/test_harbor_trial_debrief.py","IGNORE","기존 UI와 Playground runtime은 초기 범위 밖","MIT","none","2faa6ea18f5f897e63d6d0bee8125c9da273daf34a788a89153d48ece4fd7feb"
"application/playground/backend/tests/test_harbor_web_eval.py","IGNORE","기존 UI와 Playground runtime은 초기 범위 밖","MIT","none","c8b88380e133bab18bb9b02b6b158a066ecb592bb2ca82d1a2d4a397e8f2fadd"
"application/playground/backend/tests/test_harbor_web_trace.py","IGNORE","기존 UI와 Playground runtime은 초기 범위 밖","MIT","none","c866f58b77c327c50c2076c41ac5980b0c81930338d26a6c80daa8c56ae9928d"
"application/playground/backend/tests/test_host_verifier_tasks.py","IGNORE","기존 UI와 Playground runtime은 초기 범위 밖","MIT","none","5e9dd58b8634f1b59199bd8abfb737e385118f8be645a654e65d378bd293d3d1"
"application/playground/backend/tests/test_inprocess_eval_runners.py","IGNORE","기존 UI와 Playground runtime은 초기 범위 밖","MIT","none","a946666f30658581f2a197e6e0170983e56b731f82ba44fc3de87c9bfc511f8f"
"application/playground/backend/tests/test_inprocess_survey_prompt.py","IGNORE","기존 UI와 Playground runtime은 초기 범위 밖","MIT","none","ed57df89c8ec3ecbd9015557b9c59cd8fa77a070b8d737be920a758ec6cdd1b2"
"application/playground/backend/tests/test_job_aggregation.py","IGNORE","기존 UI와 Playground runtime은 초기 범위 밖","MIT","none","40c7780f4563476d2d762d122d21c3afd5230bb33ece49d6a8aebf292e4dcf8f"
"application/playground/backend/tests/test_os_app_tasks.py","IGNORE","기존 UI와 Playground runtime은 초기 범위 밖","MIT","none","cde5b387a763fbca013793166d18797ec4dfaa344754a0b316733177a57a063c"
"application/playground/backend/tests/test_persona_1m_index.py","IGNORE","기존 UI와 Playground runtime은 초기 범위 밖","MIT","none","8ee98ea50891cba049cf5bfe822789780560e75e5d4a9637ed343e062c6b61f8"
"application/playground/backend/tests/test_persona_1m_pool.py","IGNORE","기존 UI와 Playground runtime은 초기 범위 밖","MIT","none","84215615a96832107c1e1e89b8529131588ab7641c9d77e13f165893ff1f0f69"
"application/playground/backend/tests/test_persona_pool_service.py","IGNORE","기존 UI와 Playground runtime은 초기 범위 밖","MIT","none","14c8e102b6fe3547feb6d3d518bbb809cd21b8ef87fcf25ec09eb5f8c3ad3730"
"application/playground/backend/tests/test_persona_sampling_alloc.py","IGNORE","기존 UI와 Playground runtime은 초기 범위 밖","MIT","none","6737035c4d665626cd488016d7a355c483052d65f3d782674dc4861a54a910e7"
"application/playground/backend/tests/test_persona_strategy.py","IGNORE","기존 UI와 Playground runtime은 초기 범위 밖","MIT","none","397afb221b98ebc0163760edb4bd4a5630358ed09be6c2752ca23d0a93bdf0d7"
"application/playground/backend/tests/test_persona_taxonomy.py","IGNORE","기존 UI와 Playground runtime은 초기 범위 밖","MIT","none","d63f95f261e305e54bd896f9dfb10db88cfdabc0311fca759286e5cd9c85b88d"
"application/playground/backend/tests/test_playground_api.py","IGNORE","기존 UI와 Playground runtime은 초기 범위 밖","MIT","none","cefeb9819df286ccf909748b5985176cbd99aa098f6dfb8e893191a6c86e5a44"
"application/playground/backend/tests/test_playground_service.py","IGNORE","기존 UI와 Playground runtime은 초기 범위 밖","MIT","none","20463047d1c661aca3c908cc5df2f5eaee5fd1a23a6093b19d8a4ad2897ae10f"
"application/playground/backend/tests/test_playground_task_list_summaries.py","IGNORE","기존 UI와 Playground runtime은 초기 범위 밖","MIT","none","7869f5c13a26681fa1764ddea5029f9ddff62b5a328d812e1314bb850516fc95"
"application/playground/backend/tests/test_post_run_feedback.py","IGNORE","기존 UI와 Playground runtime은 초기 범위 밖","MIT","none","dc9d73b8365ef92ebb42b2956065fc117ecff295649958b43b920e5cac6f5658"
"application/playground/backend/tests/test_remote_runner_client.py","IGNORE","기존 UI와 Playground runtime은 초기 범위 밖","MIT","none","0f4144823e158a07f6b00da9cd0ae451eef804d81c1d3afe1f4760424a4c9bd5"
"application/playground/backend/tests/test_remote_runner_dispatch.py","IGNORE","기존 UI와 Playground runtime은 초기 범위 밖","MIT","none","91d22c4a7ce49df2c0e965a3cf64e71c2db0a2a09a21dec160718a4443d2a51b"
"application/playground/backend/tests/test_remote_runner_harbor_job_service.py","IGNORE","기존 UI와 Playground runtime은 초기 범위 밖","MIT","none","dade367a047c1b4d7c5a26dab3cdae58f9ed84605c6aefdee2ff7ff3bd0a58b6"
"application/playground/backend/tests/test_remote_runner_server.py","IGNORE","기존 UI와 Playground runtime은 초기 범위 밖","MIT","none","063c28b71c2cda4525dafd014ba92c4315b36c4f855bdde5f477bf46666496a3"
"application/playground/backend/tests/test_report_pdf.py","IGNORE","기존 UI와 Playground runtime은 초기 범위 밖","MIT","none","8e504749817af4caf17c8fcb34f884160f029ae09d177a3c2160a914ae1f22c0"
"application/playground/backend/tests/test_run_store.py","IGNORE","기존 UI와 Playground runtime은 초기 범위 밖","MIT","none","fe9d735a685b2a8cd7da0b0d01d574c7b5ef20cd7b7fec2a6076be6c467a8b40"
"application/playground/backend/tests/test_session_store.py","IGNORE","기존 UI와 Playground runtime은 초기 범위 밖","MIT","none","020080c1d552c2cb7f115390d9472b47b531cd97db1cd951fdb8d7be6bc9489c"
"application/playground/backend/tests/test_session.py","IGNORE","기존 UI와 Playground runtime은 초기 범위 밖","MIT","none","f3e32e9c4706c5c3796e3653027ecca924d1a5ac41eb85f1d9ba6adf5a3dd0f7"
"application/playground/backend/tests/test_survey_eval_api.py","IGNORE","기존 UI와 Playground runtime은 초기 범위 밖","MIT","none","08c8ad26fd4000fe16b533e87bab61d7e4bd9643a259c52d918c29d61d61d477"
"application/playground/backend/tests/test_survey_harbor_task_summary.py","IGNORE","기존 UI와 Playground runtime은 초기 범위 밖","MIT","none","b7f922150728968c845a063307f00bea30280e7eec4d79da40787225fffa80ed"
"application/playground/backend/tests/test_survey_instruction_builder.py","IGNORE","기존 UI와 Playground runtime은 초기 범위 밖","MIT","none","3d6239ca6fb606eb3d421049ca8147b03661bd508d3253f96aa29b9ddc9299a1"
"application/playground/backend/tests/test_survey_instruments.py","IGNORE","기존 UI와 Playground runtime은 초기 범위 밖","MIT","none","559edb26d4be824038c3140c6c48889a665c94051d4d830f4d8df1a8377935a7"
"application/playground/backend/tests/test_survey_task_registry.py","IGNORE","기존 UI와 Playground runtime은 초기 범위 밖","MIT","none","72eb5c9cbc9939cf02177a3d1646ae3b5fefd9a4db96b047ad6856db22d009d7"
"application/playground/backend/tests/test_task_detail_service.py","IGNORE","기존 UI와 Playground runtime은 초기 범위 밖","MIT","none","8f58341a318324511e1ecabd96ecc54224a88aed5b94b3fbb8a52f8b6dcb14ad"
"application/playground/backend/tests/test_task_list_summary.py","IGNORE","기존 UI와 Playground runtime은 초기 범위 밖","MIT","none","554198e8a4c369ec7d30ded107c486ecbcc26993e1b55558f43487f1dd6c4679"
"application/playground/backend/tests/test_task_persona_strategy_service.py","IGNORE","기존 UI와 Playground runtime은 초기 범위 밖","MIT","none","7534a2b511cb1a356cf87704e9d7b4396cbc4e4c8afe56628df467c519b0bc96"
"application/playground/backend/tests/test_task_reporting_contract.py","IGNORE","기존 UI와 Playground runtime은 초기 범위 밖","MIT","none","2033cb863af20f619761d0f486e0d3970232a22678f3a5ffcb101174ad81f84b"
"application/playground/backend/tests/test_trace_view.py","IGNORE","기존 UI와 Playground runtime은 초기 범위 밖","MIT","none","210ffa6fc847b20a635fc01e0af3a384e21ab6b6812c3f6d7325c6de2a83c1e2"
"application/playground/backend/tests/test_trial_events.py","IGNORE","기존 UI와 Playground runtime은 초기 범위 밖","MIT","none","95c5ffd0a5706a192fa9d2e6f3b71e40be1d38e64b0b0afb93cfd200e27a11f7"
"application/playground/backend/tests/test_web_eval_api.py","IGNORE","기존 UI와 Playground runtime은 초기 범위 밖","MIT","none","7975131ebf8f08eb9749700f6cbcfae8fe02990fdc530f87de01c4736e436ec5"
"application/playground/backend/tests/test_web_submission_materialize.py","IGNORE","기존 UI와 Playground runtime은 초기 범위 밖","MIT","none","13b705e7c223cf260045c0c8a741662902de569519cbd0faa52a70ae5a6c1934"
"application/playground/backend/tests/test_web_tasks.py","IGNORE","기존 UI와 Playground runtime은 초기 범위 밖","MIT","none","bc6b4b6cc89c8ecc4070ee3e4d1995ce717edbc95079c35396e2ad9ccd5e513f"
"application/playground/frontend/.gitignore","IGNORE","기존 UI와 Playground runtime은 초기 범위 밖","MIT","none","8434f4da4934dda48143f2c64e26f42c2207a7f55089e6382b675cdf77786e35"
"application/playground/frontend/DESIGN.md","IGNORE","기존 UI와 Playground runtime은 초기 범위 밖","MIT","none","515334462a6f1f4ef7e1b4ebed2cc2417df223e927b57846c46d38e34958d98e"
"application/playground/frontend/index.html","IGNORE","기존 UI와 Playground runtime은 초기 범위 밖","MIT","none","6bbcad66e1fcb927a0645516781f709050629fd6b470b7849f395ffd82c77246"
"application/playground/frontend/package-lock.json","IGNORE","기존 UI와 Playground runtime은 초기 범위 밖","MIT","none","90508b5adc40f18170450070fee795fd706d9782b435cf9441e5084dd0f3df9b"
"application/playground/frontend/package.json","IGNORE","기존 UI와 Playground runtime은 초기 범위 밖","MIT","none","b9d16e1b2b7994756997a89df422df77e7254db6a7795778c78251b7cc2d32b8"
"application/playground/frontend/postcss.config.js","IGNORE","기존 UI와 Playground runtime은 초기 범위 밖","MIT","none","2e7be8c37ef1e53ae7c4cf01c3d23a3e077957cd922d3dc024ce3e95c58b38fc"
"application/playground/frontend/PRODUCT.md","IGNORE","기존 UI와 Playground runtime은 초기 범위 밖","MIT","none","569c4d88c422f70acbc0d1210ef1d05e380baa13844e33c42d85308a489c70aa"
"application/playground/frontend/public/earth/day.jpg","IGNORE","기존 UI와 Playground runtime은 초기 범위 밖","MIT","none","228deba2e4b600146bdcb6cfa359b8ead6aacc2b1c13550a29cd82824cfa1c01"
"application/playground/frontend/public/earth/night.jpg","IGNORE","기존 UI와 Playground runtime은 초기 범위 밖","MIT","none","355ab23dd1323315b393d7b91dd2d7ee223a1cbaaba2b48dc72ba90d371ced24"
"application/playground/frontend/public/earth/topology.png","IGNORE","기존 UI와 Playground runtime은 초기 범위 밖","MIT","none","839b12da2e4dd346b256cebae72e10c479a102c8980a22084c41275e4b9a0e12"
"application/playground/frontend/public/favicon.svg","IGNORE","기존 UI와 Playground runtime은 초기 범위 밖","MIT","none","209b288772479a96a45057c3164c5789d189dd7a13382fc1e57d8c5ef8cc8dcb"
"application/playground/frontend/public/globe/earth-topology.png","IGNORE","기존 UI와 Playground runtime은 초기 범위 밖","MIT","none","839b12da2e4dd346b256cebae72e10c479a102c8980a22084c41275e4b9a0e12"
"application/playground/frontend/scripts/cohort-ref-contract.test.mjs","IGNORE","기존 UI와 Playground runtime은 초기 범위 밖","MIT","none","b07dd4c0ea8196f89da4f30b7bbb3abacdc8a26c34ee50c6a4165cc4b8c3f994"
"application/playground/frontend/src/App.tsx","IGNORE","기존 UI와 Playground runtime은 초기 범위 밖","MIT","none","a9ccb1a43df267cfbd9dd67c1bcfd178817e83cb9ad5be4809eb7283cb926bda"
"application/playground/frontend/src/components/AppFooter.tsx","IGNORE","기존 UI와 Playground runtime은 초기 범위 밖","MIT","none","08e46b59cfec0570be2ea98a700f77106e54150f98b24c1d8d6ddec4358be190"
"application/playground/frontend/src/components/CatalogDrawer.tsx","IGNORE","기존 UI와 Playground runtime은 초기 범위 밖","MIT","none","806784033a9d4944681b83d0f82271662615063f399bd52f6040d8b83cd32965"
"application/playground/frontend/src/components/ChatTrialDebrief.tsx","IGNORE","기존 UI와 Playground runtime은 초기 범위 밖","MIT","none","5fe2a510a0c9ac4e64e3ef583d12aa00f721e0c7a27176c4716a86420e8f8044"
"application/playground/frontend/src/components/cockpit/ChatBubbleAvatar.tsx","IGNORE","기존 UI와 Playground runtime은 초기 범위 밖","MIT","none","d38ef178655149f459b4f32af5c3f20ddfcfea2433cf563c83a98c350a7eb009"
"application/playground/frontend/src/components/cockpit/cockpitShared.tsx","IGNORE","기존 UI와 Playground runtime은 초기 범위 밖","MIT","none","19f4f426486ed8b4a3229980f78f7e7bc1c00609723c232274a06501c450ec89"
"application/playground/frontend/src/components/cockpit/ComponentPipeline.tsx","IGNORE","기존 UI와 Playground runtime은 초기 범위 밖","MIT","none","1d593f3df56cb3807000b6159964c1b8880a0779beb11ee77303642b99b5e039"
"application/playground/frontend/src/components/cockpit/EnvironmentPopover.tsx","IGNORE","기존 UI와 Playground runtime은 초기 범위 밖","MIT","none","c96de34b4fb9514b2afa295dafb38afe2442746ac2dec3e4377e76047a70ce64"
"application/playground/frontend/src/components/cockpit/HarborTraceReplay.tsx","IGNORE","기존 UI와 Playground runtime은 초기 범위 밖","MIT","none","dbc61b6e95fd1fd828d70288cf5265fa464274b7512eec016f67526f4fb55fd4"
"application/playground/frontend/src/components/cockpit/InspectorTabs.tsx","IGNORE","기존 UI와 Playground runtime은 초기 범위 밖","MIT","none","fcefd773dd1a5c2312979e016d2fd8eeaed500162488524f0f2bb70af7475d49"
"application/playground/frontend/src/components/cockpit/InstructionPanel.tsx","IGNORE","기존 UI와 Playground runtime은 초기 범위 밖","MIT","none","d7ff15886079b4203e680f20ba20d6f30350ba3f960ebac8f3c3dcb070dc75fb"
"application/playground/frontend/src/components/cockpit/KnobSelect.tsx","IGNORE","기존 UI와 Playground runtime은 초기 범위 밖","MIT","none","27ca8fffb101d247bfa7dab3abdf194c2d5c7696e890edc28a427c28334771eb"
"application/playground/frontend/src/components/cockpit/OsAppEvalCockpit.tsx","IGNORE","기존 UI와 Playground runtime은 초기 범위 밖","MIT","none","47a58bf825e45915ba8130a804494d18e60b63cce4cf1056d3b3a718e3db6347"
"application/playground/frontend/src/components/cockpit/PersonaCard.tsx","IGNORE","기존 UI와 Playground runtime은 초기 범위 밖","MIT","none","18be21011e6c91a7c4d4a1dc6d7413fc1151ec2f6d76fd2fb1340bee5a63b787"
"application/playground/frontend/src/components/cockpit/PersonaCatalog.tsx","IGNORE","기존 UI와 Playground runtime은 초기 범위 밖","MIT","none","a1b35ff9bb86272dd68c2457387385e21efca6340a97a08574bba849ba338585"
"application/playground/frontend/src/components/cockpit/PersonaDrawer.tsx","IGNORE","기존 UI와 Playground runtime은 초기 범위 밖","MIT","none","46cbf7a38c35d4a6de7c64251a6c183992bcccdc38d4506af49cc1b1e7336c94"
"application/playground/frontend/src/components/cockpit/PersonaGroupBuilder.tsx","IGNORE","기존 UI와 Playground runtime은 초기 범위 밖","MIT","none","590c56b2c5dfe176ecf29a5c1c184d8230cf99f1015aee92e688d176b9306ad4"
"application/playground/frontend/src/components/cockpit/PersonaPanel.tsx","IGNORE","기존 UI와 Playground runtime은 초기 범위 밖","MIT","none","9c422cd7654b8a03ab9d07cf67b8c424b7b9f9ee5a37678e23df02d389fe9b9b"
"application/playground/frontend/src/components/cockpit/PlaygroundCockpit.tsx","IGNORE","기존 UI와 Playground runtime은 초기 범위 밖","MIT","none","62e171dcfc24012e10baff7ceeedb66993d1a153e5896befe06eb5f6810d6bde"
"application/playground/frontend/src/components/cockpit/PromptPanel.tsx","IGNORE","기존 UI와 Playground runtime은 초기 범위 밖","MIT","none","49072be5c550bee4cc3df7a40fcb2e9b0616d8f2843c7331dd9c346ca6964e53"
"application/playground/frontend/src/components/cockpit/RunHeader.tsx","IGNORE","기존 UI와 Playground runtime은 초기 범위 밖","MIT","none","dd3dc12149da9c4335e9465be9552bfa649f03e043117b3034893d7b7783b009"
"application/playground/frontend/src/components/cockpit/Scorecard.tsx","IGNORE","기존 UI와 Playground runtime은 초기 범위 밖","MIT","none","d0277e37d3ba4be7455f7a23daacc6220e466f236ad8c787a13d9bd4472d1aed"
"application/playground/frontend/src/components/cockpit/setup/AvailabilityPill.tsx","IGNORE","기존 UI와 Playground runtime은 초기 범위 밖","MIT","none","c009c7e0235008f030199b82051c98f2ab7b771f5b20bb1d371f17ac018f8f37"
"application/playground/frontend/src/components/cockpit/setup/BatchMosaicCanvas.tsx","IGNORE","기존 UI와 Playground runtime은 초기 범위 밖","MIT","none","e992c18ded84072b144067fe45b1d04c505e80b7841765b96cfe1ead0056e1a4"
"application/playground/frontend/src/components/cockpit/setup/BatchTrialGrid.tsx","IGNORE","기존 UI와 Playground runtime은 초기 범위 밖","MIT","none","f7c7a6b23133567fa91bdc47e87abdc8973216d283fbfb672d3373948fe38547"
"application/playground/frontend/src/components/cockpit/setup/BatchTrialStage.tsx","IGNORE","기존 UI와 Playground runtime은 초기 범위 밖","MIT","none","124c4351415fb078f98df882b85a99c675cfca40ea65996d7dc330f8cb95caac"
"application/playground/frontend/src/components/cockpit/setup/BenchPersonaCard.tsx","IGNORE","기존 UI와 Playground runtime은 초기 범위 밖","MIT","none","87f1261e4a9cd75e911d8b434ed98a2bf8200b8beb69a88f2bea43259e612ba8"
"application/playground/frontend/src/components/cockpit/setup/BenchPersonaDetailModal.tsx","IGNORE","기존 UI와 Playground runtime은 초기 범위 밖","MIT","none","5a1a89bec843c3450b324950be86e99aadfe2766bb72399013cf0fd4a3d86d7e"
"application/playground/frontend/src/components/cockpit/setup/BenchPersonaDetailPanel.tsx","IGNORE","기존 UI와 Playground runtime은 초기 범위 밖","MIT","none","6bcee9d21a74e5d3ea1f7e2a0ea009d42fab454f71708b813d137b2b8b04051b"
"application/playground/frontend/src/components/cockpit/setup/cockpitBatchStorage.ts","IGNORE","기존 UI와 Playground runtime은 초기 범위 밖","MIT","none","8aa7f6fa67b65ddb8263a0bd26a57be2d08d1b3f2719705f237b727312bb0a9b"
"application/playground/frontend/src/components/cockpit/setup/CockpitCountField.tsx","IGNORE","기존 UI와 Playground runtime은 초기 범위 밖","MIT","none","80dc60be99b7180f55ca110d5853555ba0563577150d909970a3e47a5399ed0f"
"application/playground/frontend/src/components/cockpit/setup/CockpitLiveStage.tsx","IGNORE","기존 UI와 Playground runtime은 초기 범위 밖","MIT","none","db70f6801f70ad52a52388396890f6529818bde5c241763e150749fbf5654485"
"application/playground/frontend/src/components/cockpit/setup/cockpitPersonaSetupStorage.ts","IGNORE","기존 UI와 Playground runtime은 초기 범위 밖","MIT","none","57effa9919b9c7bf7e334b6434740ae4e958d985ca763e24315ca8e39c49e9fc"
"application/playground/frontend/src/components/cockpit/setup/CockpitPipelineDiagram.tsx","IGNORE","기존 UI와 Playground runtime은 초기 범위 밖","MIT","none","1c49d2d4848298d182d8291d792f361f41d6dcdee1ce8448fec63e0530214212"
"application/playground/frontend/src/components/cockpit/setup/CockpitRailHeader.tsx","IGNORE","기존 UI와 Playground runtime은 초기 범위 밖","MIT","none","fdfa089fbd0a5fd259355a0f269321ba740214135bbd92797c9a403ae656d1c5"
"application/playground/frontend/src/components/cockpit/setup/CockpitRunCenter.tsx","IGNORE","기존 UI와 Playground runtime은 초기 범위 밖","MIT","none","91e242c34de56f3479c8916ec3bc5d6078d036a1834b16e24678c2b4467c9008"
"application/playground/frontend/src/components/cockpit/setup/CockpitSelect.tsx","IGNORE","기존 UI와 Playground runtime은 초기 범위 밖","MIT","none","9e3ce7413830912b8bb00c8307bdb72ceffdaff669c5b3c5c9881820fdf9cd31"
"application/playground/frontend/src/components/cockpit/setup/CockpitSetupShell.tsx","IGNORE","기존 UI와 Playground runtime은 초기 범위 밖","MIT","none","faff4fc51820d041febe8696459756a79169a4800c2016d44feb3f8dfc7c8aff"
"application/playground/frontend/src/components/cockpit/setup/cockpitTaskCards.ts","IGNORE","기존 UI와 Playground runtime은 초기 범위 밖","MIT","none","29a0b535b8212bf0713e57736b365788c1b9060c8811dac7d0430828422f4117"
"application/playground/frontend/src/components/cockpit/setup/CockpitToggle.tsx","IGNORE","기존 UI와 Playground runtime은 초기 범위 밖","MIT","none","3ee8ac6943e62ed71a46f253fb86f43cfbc262791d36eb275e88a4088788c500"
"application/playground/frontend/src/components/cockpit/setup/personaAttributeMatch.ts","IGNORE","기존 UI와 Playground runtime은 초기 범위 밖","MIT","none","92527c0dc864bb8b5799dacba1f7ec30315b21bafd163fe984a0b5277b9a018a"
"application/playground/frontend/src/components/cockpit/setup/PersonaAvatar.tsx","IGNORE","기존 UI와 Playground runtime은 초기 범위 밖","MIT","none","80d522d95610490c11757558c67c604c66bfeb84bf14e0e2bfab709d8e032ef8"
"application/playground/frontend/src/components/cockpit/setup/PersonaFilterModal.tsx","IGNORE","기존 UI와 Playground runtime은 초기 범위 밖","MIT","none","9aeae482007f4e904ffc8c868d291772e1a08426c905f3c11bfeb8f97cb950b9"
"application/playground/frontend/src/components/cockpit/setup/personaLaunchFields.ts","IGNORE","기존 UI와 Playground runtime은 초기 범위 밖","MIT","none","70fd415cfa8b3339ed1c39b443af2b6e6fa63aa07f87434dda0b78a90854395e"
"application/playground/frontend/src/components/cockpit/setup/PersonaSamplingRail.tsx","IGNORE","기존 UI와 Playground runtime은 초기 범위 밖","MIT","none","31c2b8558a6f429fe8cbf660cd1486793ecdaa6ce4e903a4220755404b50e192"
"application/playground/frontend/src/components/cockpit/setup/personaSamplingTypes.ts","IGNORE","기존 UI와 Playground runtime은 초기 범위 밖","MIT","none","ae3c77416d370dfb845bebc2f4a03686f827fd2aaf6e280340339761bc9c796f"
"application/playground/frontend/src/components/cockpit/setup/personaSearchHits.ts","IGNORE","기존 UI와 Playground runtime은 초기 범위 밖","MIT","none","757cf503f4dce14fd782dbcd60d324ed1ccc1e7765cc4029d1ba960584fde006"
"application/playground/frontend/src/components/cockpit/setup/RailInsetModal.tsx","IGNORE","기존 UI와 Playground runtime은 초기 범위 밖","MIT","none","86cc3cf611f01c49dbaa802613ca9c5e9963a35ae1cdf425f54c45caa12d4145"
"application/playground/frontend/src/components/cockpit/setup/RunLaunchBar.tsx","IGNORE","기존 UI와 Playground runtime은 초기 범위 밖","MIT","none","8310ddc93d1043dd1038747d3556222b52bfdaf17312f7e4af218e2819feebf2"
"application/playground/frontend/src/components/cockpit/setup/SimulatedPersonaBust.tsx","IGNORE","기존 UI와 Playground runtime은 초기 범위 밖","MIT","none","7be919aaad20d55240012e3ad2626ae9b8c577abbe16d37dfb80ee2c1bd528a9"
"application/playground/frontend/src/components/cockpit/setup/simulatedPersonaVisual.ts","IGNORE","기존 UI와 Playground runtime은 초기 범위 밖","MIT","none","b0dbb6e45be40923bf23bfa64d014748cc8339b06e7ceeaa26794817dfe33641"
"application/playground/frontend/src/components/cockpit/setup/taskCardIcons.ts","IGNORE","기존 UI와 Playground runtime은 초기 범위 밖","MIT","none","89154a88773283dcd5a851e7a71d8cafb135e50e93f4406d580f982dd3c1f12e"
"application/playground/frontend/src/components/cockpit/setup/taskCardLabels.ts","IGNORE","기존 UI와 Playground runtime은 초기 범위 밖","MIT","none","2578d24b13cf77aef15a787a0503f0c1342c9a30948bddc530b3566c5c833754"
"application/playground/frontend/src/components/cockpit/setup/TaskDetailModal.tsx","IGNORE","기존 UI와 Playground runtime은 초기 범위 밖","MIT","none","6f0d57914d23ffbe73e97b409f1072f3f65a3c208cffa30aea23b42d51228b2e"
"application/playground/frontend/src/components/cockpit/setup/taskDetailSections.ts","IGNORE","기존 UI와 Playground runtime은 초기 범위 밖","MIT","none","df91a1e0baccb4c091084210d3c7b42a37b24a1525be13e48b0cf462dfa3e5c8"
"application/playground/frontend/src/components/cockpit/setup/TaskSelectionRail.tsx","IGNORE","기존 UI와 Playground runtime은 초기 범위 밖","MIT","none","175169294e7162dac624f8f34c9f8c0ea929e56724123f3c829ef2f942dcef87"
"application/playground/frontend/src/components/cockpit/setup/ToneChip.tsx","IGNORE","기존 UI와 Playground runtime은 초기 범위 밖","MIT","none","3eda56d1aac02b0a6b759c92e8bac786da3c78395b7124e229bcfe0fbad286bd"
"application/playground/frontend/src/components/cockpit/setup/useBatchGridLayout.ts","IGNORE","기존 UI와 Playground runtime은 초기 범위 밖","MIT","none","8a725c10fb9b12bf63e3f259badf0e5572c218d324445a98af52d18ef9ab6aa7"
"application/playground/frontend/src/components/cockpit/setup/useCockpitBatchJob.ts","IGNORE","기존 UI와 Playground runtime은 초기 범위 밖","MIT","none","363e9682fab2c9d538a6757ae06b8b1524903e98e560ab129cb713e8fd00a2ef"
"application/playground/frontend/src/components/cockpit/setup/useCockpitRunCancel.ts","IGNORE","기존 UI와 Playground runtime은 초기 범위 밖","MIT","none","ebfb55e61bb686f28b2f3119b762f52bd8adc45bea19f832404d4a5099fce03b"
"application/playground/frontend/src/components/cockpit/setup/useCockpitSetupLock.ts","IGNORE","기존 UI와 Playground runtime은 초기 범위 밖","MIT","none","94d038fd734239737fde62b9a8f4cb51ce1ab2ca534d1b786bd225c2d24d1558"
"application/playground/frontend/src/components/cockpit/setup/useSetupPersonaSampling.ts","IGNORE","기존 UI와 Playground runtime은 초기 범위 밖","MIT","none","d1b549fe197dfc6043c66d1c3201939f105151b1abd3a26f9c821666d53ee8f7"
"application/playground/frontend/src/components/cockpit/setup/WebAgentSettings.tsx","IGNORE","기존 UI와 Playground runtime은 초기 범위 밖","MIT","none","e201b4317fb52ffeda96dd77729f9e90e662ca67ded0cf097133ef4f8349b7e6"
"application/playground/frontend/src/components/cockpit/StructuredExposurePanel.tsx","IGNORE","기존 UI와 Playground runtime은 초기 범위 밖","MIT","none","e8985dde7eee15fec8f9d0bdf3559860491e3712c71d8a0b20b2613508b1ae26"
"application/playground/frontend/src/components/cockpit/SurveyEvalCockpit.tsx","IGNORE","기존 UI와 Playground runtime은 초기 범위 밖","MIT","none","2f8bbdc9bff3c6c3938ba18aea10042b7f70f90b33149dd8c0c17a8057c60274"
"application/playground/frontend/src/components/cockpit/TaskEvalScorecard.tsx","IGNORE","기존 UI와 Playground runtime은 초기 범위 밖","MIT","none","b142a0715e253a69516910cd41284624a82dcef29c94f05924ce655051313413"
"application/playground/frontend/src/components/cockpit/TaskTypeSwitch.tsx","IGNORE","기존 UI와 Playground runtime은 초기 범위 밖","MIT","none","31189c44cf3fcbc26a1c9dfd0c50fbb82ae359e4c24ff6334ce0276e700fe920"
"application/playground/frontend/src/components/cockpit/ToolPlanFold.tsx","IGNORE","기존 UI와 Playground runtime은 초기 범위 밖","MIT","none","cb179ffb7b3b4304a3204f406950121d240ef2907047ec0ac5189c154b859d94"
"application/playground/frontend/src/components/cockpit/Trajectory.tsx","IGNORE","기존 UI와 Playground runtime은 초기 범위 밖","MIT","none","ec7dd10312c00072240976e1b8e4e4d8faf99a613ff7c8813bff16aa6cf69af7"
"application/playground/frontend/src/components/cockpit/TurnBubble.tsx","IGNORE","기존 UI와 Playground runtime은 초기 범위 밖","MIT","none","e62ab41e723d70df17b817665a380afc5ad3f1e9a0d8c5f6e2ebae4686bff2e1"
"application/playground/frontend/src/components/cockpit/WebEvalCockpit.tsx","IGNORE","기존 UI와 Playground runtime은 초기 범위 밖","MIT","none","1827a23ff147761064c5288a2f186c7476d98140724971fe25f3f6426bc03947"
"application/playground/frontend/src/components/ConfigBar.tsx","IGNORE","기존 UI와 Playground runtime은 초기 범위 밖","MIT","none","a8a37c4eec189e8e9d9f2fcfba2cd8a865bba3987adf9b53ca8fedc12da7ad88"
"application/playground/frontend/src/components/ErrorBoundary.tsx","IGNORE","기존 UI와 Playground runtime은 초기 범위 밖","MIT","none","e509c9c3547cce8d68f499505a748367e83969a1a43f59cfe86e89e6f13e769b"
"application/playground/frontend/src/components/HarborJobDetail.tsx","IGNORE","기존 UI와 Playground runtime은 초기 범위 밖","MIT","none","9fdfc2f9f6dcf60510d9e43f99cb47810e5a41d441aac98347af61e4f6ba3562"
"application/playground/frontend/src/components/HomeView.tsx","IGNORE","기존 UI와 Playground runtime은 초기 범위 밖","MIT","none","c77d5b97dc09cef3a203a3f1268675cb6e194ec3fb77785a65d3ae0a7708bfb3"
"application/playground/frontend/src/components/Markdown.tsx","IGNORE","기존 UI와 Playground runtime은 초기 범위 밖","MIT","none","6f8f2ac31ab6bb1d05842214f833af3840d34a307d2ed435bdbc73384d8cd3dc"
"application/playground/frontend/src/components/PersonaStoreContent.tsx","IGNORE","기존 UI와 Playground runtime은 초기 범위 밖","MIT","none","081219d3ed341245100073a5ed70b036402a0995b68bc966d9807c6253a29887"
"application/playground/frontend/src/components/PersonaStoreView.tsx","IGNORE","기존 UI와 Playground runtime은 초기 범위 밖","MIT","none","00c396d2d1b7d35592ff184b6d7126d61e8374cf1fcbfa36414deac2c5004bc0"
"application/playground/frontend/src/components/PreflightChip.tsx","IGNORE","기존 UI와 Playground runtime은 초기 범위 밖","MIT","none","16d1cf4bc45ffd432a3205e177982fa91a814e35423c77516b75bf25fc2b4355"
"application/playground/frontend/src/components/QuestionnairePreview.tsx","IGNORE","기존 UI와 Playground runtime은 초기 범위 밖","MIT","none","3bb505a1020b6e8b6111037651330e38b5c74444bc0df7b609cfecf045e70da6"
"application/playground/frontend/src/components/RatingChip.tsx","IGNORE","기존 UI와 Playground runtime은 초기 범위 밖","MIT","none","277b31d95c95b256c80f1d9095ec241f3e5a906d8b5e5e74f911236beecfc706"
"application/playground/frontend/src/components/RunDetail.tsx","IGNORE","기존 UI와 Playground runtime은 초기 범위 밖","MIT","none","7aa377af796a05fc25bdc1ff09357bc92129b76c1140075db085be921d11c1a6"
"application/playground/frontend/src/components/runsShared.tsx","IGNORE","기존 UI와 Playground runtime은 초기 범위 밖","MIT","none","fea8ef4bf90f2dc47840d85f93d87b26a548196dfc16d5e8d5001f76619595a2"
"application/playground/frontend/src/components/RunsView.tsx","IGNORE","기존 UI와 Playground runtime은 초기 범위 밖","MIT","none","60e7dc85c8536a54857b50be7c1f623f7586ec50d9f1e3b321aa032479c39447"
"application/playground/frontend/src/components/SchemaSelfReportPanel.tsx","IGNORE","기존 UI와 Playground runtime은 초기 범위 밖","MIT","none","337d93ecc256b2ffde81c3b5a5ea916ce4673e94bdf3d5c0dbb0cb8961c051f9"
"application/playground/frontend/src/components/SessionRail.tsx","IGNORE","기존 UI와 Playground runtime은 초기 범위 밖","MIT","none","bd396a6e68982cbbd92f6ce2079f89992792d025f4da0a4f4c03cc8bd328508f"
"application/playground/frontend/src/components/studio/CosmicField.tsx","IGNORE","기존 UI와 Playground runtime은 초기 범위 밖","MIT","none","87657d288653b686414c085f8cbdb11cc974a6a9a3fadaf6b29467f2226334d1"
"application/playground/frontend/src/components/studio/DigitalGlobe.tsx","IGNORE","기존 UI와 Playground runtime은 초기 범위 밖","MIT","none","a773d665b20f9fe2496ff054614ca72d2bf1708b9498abe5862e6a63873b6c57"
"application/playground/frontend/src/components/studio/MatrAIxLogo.tsx","IGNORE","기존 UI와 Playground runtime은 초기 범위 밖","MIT","none","60f82a1236678a06faf2aa28a9188b5a60485998fa99fc1bfd02595ec7cf7f3e"
"application/playground/frontend/src/components/studio/StudioShell.tsx","IGNORE","기존 UI와 Playground runtime은 초기 범위 밖","MIT","none","799f54884d71fdfd8cb4cc56c7663fda99e051cc621696beba9430cf08b4a0b6"
"application/playground/frontend/src/components/TaskGalleryContent.tsx","IGNORE","기존 UI와 Playground runtime은 초기 범위 밖","MIT","none","e410b4a55b7a83c6f8d93564eb7aa428bb38dd966ad7b2c3340c47ffb70fac37"
"application/playground/frontend/src/components/TaskGalleryView.tsx","IGNORE","기존 UI와 Playground runtime은 초기 범위 밖","MIT","none","726b5edba8f3106880351eab0543d754dc978ab41ef0397270ac67f789e6a73e"
"application/playground/frontend/src/components/TopBar.tsx","IGNORE","기존 UI와 Playground runtime은 초기 범위 밖","MIT","none","114e43a4532b32e3e5f0a9491c3f9cec753538d86a91b3254af1196a56fff7ae"
"application/playground/frontend/src/components/TrialDebriefRails.tsx","IGNORE","기존 UI와 Playground runtime은 초기 범위 밖","MIT","none","039df75ba38aa34d363fb056ccc9836eba39446b5e2423ed167970be02b3c996"
"application/playground/frontend/src/hooks/useIsLightTheme.ts","IGNORE","기존 UI와 Playground runtime은 초기 범위 밖","MIT","none","a014aeb501123ec09b4d1ee1e8db8a9ef9b1abdaa1bf7084d231b56981571dd5"
"application/playground/frontend/src/hooks/useTheme.ts","IGNORE","기존 UI와 Playground runtime은 초기 범위 밖","MIT","none","a646f7558213a6de8c4d253d9fa22c6f019c9038f62f1f6959bf19725616a8ac"
"application/playground/frontend/src/index.css","IGNORE","기존 UI와 Playground runtime은 초기 범위 밖","MIT","none","4b1711bb6035d53b23ae8e9f19d1228d2aa74b15ea13d70cfd00b6df7d42b6ec"
"application/playground/frontend/src/lib/api.ts","IGNORE","기존 UI와 Playground runtime은 초기 범위 밖","MIT","none","f0d1f5c79f067a4ed1455708dc62bda1eb4a659e29e5faafc6d5d8651c8eadb3"
"application/playground/frontend/src/lib/chatbotTaskAvailability.ts","IGNORE","기존 UI와 Playground runtime은 초기 범위 밖","MIT","none","45f723bbf906c21a9ae787198a1e069b37da8913adc18bec486139d902cfaf5a"
"application/playground/frontend/src/lib/cockpitTaskRailStorage.ts","IGNORE","기존 UI와 Playground runtime은 초기 범위 밖","MIT","none","a03f680574e2cca4fe894f3043cd0c8b3bd72da4c8e03aaec250629679953f3f"
"application/playground/frontend/src/lib/exportBatchReportPdf.ts","IGNORE","기존 UI와 Playground runtime은 초기 범위 밖","MIT","none","ddf9a52f287cf043085fb9f24a2ab8bdb14f58af974d83960d4d4476efe2131c"
"application/playground/frontend/src/lib/harborCockpitMappers.ts","IGNORE","기존 UI와 Playground runtime은 초기 범위 밖","MIT","none","56056b4a70315bcbf4f8a4a8f55a96b01edc8fde30dd58d752980f279b2cfa1e"
"application/playground/frontend/src/lib/jobDisplay.ts","IGNORE","기존 UI와 Playground runtime은 초기 범위 밖","MIT","none","86f9ad7d0f4409b62562347c897f02cfa64b246279580386fb01942b1d15119e"
"application/playground/frontend/src/lib/personaAgentCatalog.ts","IGNORE","기존 UI와 Playground runtime은 초기 범위 밖","MIT","none","e5b6651618c5355df17486a6695b7cdeec9719bb257c5e1f9443a0449aae69f5"
"application/playground/frontend/src/lib/personaDisplay.ts","IGNORE","기존 UI와 Playground runtime은 초기 범위 밖","MIT","none","58402c2873e23bdd3b92aff3cf53daa82217d7dd09632471e1993863e297b475"
"application/playground/frontend/src/lib/personaHandoffStorage.ts","IGNORE","기존 UI와 Playground runtime은 초기 범위 밖","MIT","none","23994da12c62edcf3432ff8b2c43e74e311923c91639fcf10d9e66f801be04c2"
"application/playground/frontend/src/lib/personaPoolCopy.ts","IGNORE","기존 UI와 Playground runtime은 초기 범위 밖","MIT","none","fe808c729215f5483f98ba521443a198d0eb6326429a205676356c19730a92e9"
"application/playground/frontend/src/lib/promptSections.ts","IGNORE","기존 UI와 Playground runtime은 초기 범위 밖","MIT","none","2839a97868fca2014be1661967c110132396adbfb3ba3b4511547d17fabc42cc"
"application/playground/frontend/src/lib/surveyDisplay.ts","IGNORE","기존 UI와 Playground runtime은 초기 범위 밖","MIT","none","e94b6a0b06d0120f6c9dd1a6ff01b0f2d5d9589ebfde2e0bd82092260f419fc5"
"application/playground/frontend/src/lib/surveyInstruction.ts","IGNORE","기존 UI와 Playground runtime은 초기 범위 밖","MIT","none","655a50d3e13e8abd35f03991fe69f989bbd0c25cea340cc70b75783402199e72"
"application/playground/frontend/src/lib/taskContent.ts","IGNORE","기존 UI와 Playground runtime은 초기 범위 밖","MIT","none","a09bcf8f1ee1608689c3dabe940552d825a4ec934d3fc5d0902011b5053825e5"
"application/playground/frontend/src/lib/taskRailOrdering.ts","IGNORE","기존 UI와 Playground runtime은 초기 범위 밖","MIT","none","5930cb0a5c116d896ef8a6ef7cb6d35de58a56925c5a50d1a44cc87ed64be3c0"
"application/playground/frontend/src/lib/trialStatus.ts","IGNORE","기존 UI와 Playground runtime은 초기 범위 밖","MIT","none","06dbeb4ecffb2308cc63d6f834a0c813653ec5652d27481627c7b3d308ae15b4"
"application/playground/frontend/src/lib/types.ts","IGNORE","기존 UI와 Playground runtime은 초기 범위 밖","MIT","none","f668f35218ede2d9be1a7bc9d001e6731ca735cdb84efe8a962b06d42de31397"
"application/playground/frontend/src/lib/useCockpitInstruction.ts","IGNORE","기존 UI와 Playground runtime은 초기 범위 밖","MIT","none","bc7c016395d14009394e9b4b85e3734340295d3e4d77cc927847629e82049118"
"application/playground/frontend/src/lib/useHarborBatchLive.ts","IGNORE","기존 UI와 Playground runtime은 초기 범위 밖","MIT","none","8f011a1eaa40e526941a57d4d53c4f3917af9dc9b65b542120daad729f2c3f68"
"application/playground/frontend/src/lib/useHarborBatchStatus.ts","IGNORE","기존 UI와 Playground runtime은 초기 범위 밖","MIT","none","4bf46ed2e424dade14f38ad014a6c166d80f7c07cef133c051421f805f746515"
"application/playground/frontend/src/lib/useHarborCockpitRun.ts","IGNORE","기존 UI와 Playground runtime은 초기 범위 밖","MIT","none","78ddfb3f8c6c6b137c74d279fe6d30e1225b3beac14271456c3fc9114125b092"
"application/playground/frontend/src/lib/usePgTaskIdDeepLink.ts","IGNORE","기존 UI와 Playground runtime은 초기 범위 밖","MIT","none","23e1b51370e31a9e1b9cd1fa81808936909a3d871f6bc5fc72ae933e8e1af484"
"application/playground/frontend/src/lib/usePlayground.ts","IGNORE","기존 UI와 Playground runtime은 초기 범위 밖","MIT","none","f678e822176213086f91be9b5181ae872b677dd7ced765b54efd733bd63dc321"
"application/playground/frontend/src/lib/useUrlState.ts","IGNORE","기존 UI와 Playground runtime은 초기 범위 밖","MIT","none","19f9b0884ad07584fe4ef589445796f10bedaff9389600c70f23e33f960bd0f3"
"application/playground/frontend/src/main.tsx","IGNORE","기존 UI와 Playground runtime은 초기 범위 밖","MIT","none","56e8e127e631170dc5aa753a0066720088bd8d28bba127d0b41d19307c813d2a"
"application/playground/frontend/src/vite-env.d.ts","IGNORE","기존 UI와 Playground runtime은 초기 범위 밖","MIT","none","cf326f7f40761280878666ba43779282fa23f9ff53772f6bb3ce1251937a5b98"
"application/playground/frontend/tailwind.config.ts","IGNORE","기존 UI와 Playground runtime은 초기 범위 밖","MIT","none","b4a1fbf2ea4edd8f0f5ef51461ac15fdff967466b6e6a9fff296782f7899ce86"
"application/playground/frontend/tsconfig.json","IGNORE","기존 UI와 Playground runtime은 초기 범위 밖","MIT","none","f1cca6aa32ffd86f4ad0d5eb3cb12bbf12edf4530611f273db574cc362cc628a"
"application/playground/frontend/tsconfig.node.json","IGNORE","기존 UI와 Playground runtime은 초기 범위 밖","MIT","none","e85006b13880cb7a7e472594bbb999a8830596b0ac1c9f4f7f4c70f54b608175"
"application/playground/frontend/vite.config.ts","IGNORE","기존 UI와 Playground runtime은 초기 범위 밖","MIT","none","b4fbe497da4f2b538720b99679241ac1dde8c40ea71fee12ad1045697710bfd4"
"application/playground/litellm/.gitignore","IGNORE","기존 UI와 Playground runtime은 초기 범위 밖","MIT","none","08239aadebf9a9b105e2efecca3129f9198067993418529ddc8117d41997b7ec"
"application/playground/litellm/config.yaml","IGNORE","기존 UI와 Playground runtime은 초기 범위 밖","MIT","none","f7fd57467b39559802b7f5921b510158b60e0d5d261b784c8885bad2fb37ee8c"
"application/playground/litellm/run_proxy.sh","IGNORE","기존 UI와 Playground runtime은 초기 범위 밖","MIT","none","f442a3c7c9f1bc4401c01bb4ed88a2abe0e9a141cdded741719bb3e38034da1c"
"application/playground/pytest.ini","IGNORE","기존 UI와 Playground runtime은 초기 범위 밖","MIT","none","05ee5c6e9e6b566e139d8562f94c270c8e747f00983243aa2b1e11a35ea2fa67"
"application/playground/run_demo.sh","IGNORE","기존 UI와 Playground runtime은 초기 범위 밖","MIT","none","d753dbdde3e4375a7883a00c49164d3728bc9cc0ab3cafb465e01436db3a1e24"
"application/scripts/_repo_imports.py","IGNORE","Phase 0~2의 제품 계약에 필요하지 않음","MIT","none","465827bc6320d9520ce49f92ccd828f2ba501f783a27c120258a95e57270719f"
"application/scripts/generate_application_job.py","IGNORE","Phase 0~2의 제품 계약에 필요하지 않음","MIT","none","f11d50a3ef7bda98d4ec09d441f78419a539efc2fd452d9cf2a6ee94bd821679"
"application/scripts/persona_retrieval.py","IGNORE","Phase 0~2의 제품 계약에 필요하지 않음","MIT","none","809abde037ffcd76fa881cd54670ec0e1c6cea4e6fe82e800c765e9fc57a34ea"
"application/scripts/report_job.py","IGNORE","Phase 0~2의 제품 계약에 필요하지 않음","MIT","none","9ce0224c28ff609b8e5f09f524af1b031fdd8c0168fa619cf7bb3ada97752bce"
"application/task-spec/chatbot/chatbot_reporting.example.json","REUSE","Task Spec과 structured reporting 계약","MIT","evaluation-reference","fcae1ff430f518f52228912543f81431df1b8d95c0a1385ac8301db736abdb9c"
"application/task-spec/chatbot/chatbot_reporting.task_specific.example.json","REUSE","Task Spec과 structured reporting 계약","MIT","evaluation-reference","a121d5f7476b14fe99310e87cb1e0fc8aa36eb5d9c8feebf60816c5394f7f488"
"application/task-spec/chatbot/chatbot_structured_output.example.json","REUSE","Task Spec과 structured reporting 계약","MIT","evaluation-reference","beb4c8ff53d1da5b4bccd6c6a3521d7acdc556b4f836e057b6509e9866b0a5dd"
"application/task-spec/chatbot/README.md","REUSE","Task Spec과 structured reporting 계약","MIT","evaluation-reference","4b2521ac4ffdec785c19c652dde0c27f18fc3ea18df4e81c294099bce262db1b"
"application/task-spec/docs/authoring-bundle.md","REUSE","Task Spec과 structured reporting 계약","MIT","evaluation-reference","646c1f4b81586192d490e3770e2b2ad242a9f6ed4e8eec1408918feebb8bcc33"
"application/task-spec/docs/eval_artifacts.md","REUSE","Task Spec과 structured reporting 계약","MIT","evaluation-reference","b9dee25ea791dc0ba68a36d1304435abfac5290ff930f9f43c15f5b915610533"
"application/task-spec/docs/reporting-and-evaluation.md","REUSE","Task Spec과 structured reporting 계약","MIT","evaluation-reference","2ca1083c15ad1e2426ba3d4a526c0dd0c24e067a821adc6c7b8c214f54c274b3"
"application/task-spec/docs/runtime-boundary.md","REUSE","Task Spec과 structured reporting 계약","MIT","evaluation-reference","caf3771961c3c766d4f9d566292a3ca2d6b62a2a97cea37f4b7545461a314f28"
"application/task-spec/docs/shared-core-metrics.md","REUSE","Task Spec과 structured reporting 계약","MIT","evaluation-reference","7afde2fad36fe0360f732d220f92d3e5e5e07cbda5181cf5cb80eb0f00665793"
"application/task-spec/docs/structured-output-quick-reference.md","REUSE","Task Spec과 structured reporting 계약","MIT","evaluation-reference","780bbfa44da262a6aaef212e2f33ced70f43ef9b24adc8a4783227667bd8f309"
"application/task-spec/manifest.json","REUSE","Task Spec과 structured reporting 계약","MIT","evaluation-reference","7d3cbd4aedcc60e7d4ec104303f91182bb7da68177b8205a895f9d0e54724c97"
"application/task-spec/os-app/os_app_metric_reporting.example.json","REUSE","Task Spec과 structured reporting 계약","MIT","evaluation-reference","5653b9cc03c5829f916e624213baa9da5c052f16490e17682d492efb4611f17c"
"application/task-spec/os-app/os_app_metric_structured_output.example.json","REUSE","Task Spec과 structured reporting 계약","MIT","evaluation-reference","9ac6db9dee35bace1d98a7473edde2f65c4d8b44d7900e2dbee437bde6227696"
"application/task-spec/os-app/os_app_persona_reporting.example.json","REUSE","Task Spec과 structured reporting 계약","MIT","evaluation-reference","a69edf71c348d58678d1142beab11afdb74f3460bf03a6c04fa4efb6af4608f1"
"application/task-spec/os-app/os_app_persona_structured_output.example.json","REUSE","Task Spec과 structured reporting 계약","MIT","evaluation-reference","f79177532decf0a70a8918bce9c87a9db678b8b0c1cdaad5269a60c418eac222"
"application/task-spec/os-app/README.md","REUSE","Task Spec과 structured reporting 계약","MIT","evaluation-reference","ddb8bcf91a793de5abcef745314ed42f35e18e15f8dce56f62b380a0ba9dc8e3"
"application/task-spec/README.md","REUSE","Task Spec과 structured reporting 계약","MIT","evaluation-reference","df8e1a249605cfa5f49ac98be4483a4482cede3f5fcbf388984547fa282a2126"
"application/task-spec/shared/verifier_env_with_tests_dir.sh","REUSE","Task Spec과 structured reporting 계약","MIT","evaluation-reference","cf416f6549fa597a704734fb414495ad751f8b222b765070d5f34e20ed0fcf5c"
"application/task-spec/shared/verifier_env.sh","REUSE","Task Spec과 structured reporting 계약","MIT","evaluation-reference","bfb3dfacf7b3d84a2a8139ab7aa84fbacc6bf57a4ae7a33bbd120527a22fb055"
"application/task-spec/shared/verifier_paths.py","REUSE","Task Spec과 structured reporting 계약","MIT","evaluation-reference","1f9cc564c2b0c3e76b55d897cc8f379498e5e26ef906daf28d96d4a1e2fadf8b"
"application/task-spec/shared_core_metric_contract.example.json","REUSE","Task Spec과 structured reporting 계약","MIT","evaluation-reference","7e5079f3a20371832a6c8e1b58b284719b10408a105a509b75bd767225176a39"
"application/task-spec/survey/README.md","REUSE","Task Spec과 structured reporting 계약","MIT","evaluation-reference","ca8d64a3fcf2549fec0cfde4767b0f45eccccb94b6f8c9e4438c660b6c695736"
"application/task-spec/survey/survey_reporting.example.json","REUSE","Task Spec과 structured reporting 계약","MIT","evaluation-reference","6bc83d1719b4aaa8c1163483ba06e92f10311bfd5a77954b20edb9f9e9917c99"
"application/task-spec/survey/survey_structured_output.example.json","REUSE","Task Spec과 structured reporting 계약","MIT","evaluation-reference","f3cbbc15ff5cda8da456bed461aa9e9b06130a1cb44a03c4bc0d4a96220d9dc9"
"application/task-spec/web/persona_sensitive_reporting.example.json","REUSE","Task Spec과 structured reporting 계약","MIT","evaluation-reference","ed1c91d02d2824818ae142883da001ef4ee11b904175504ca0804b5d143612de"
"application/task-spec/web/persona_sensitive_structured_output.example.json","REUSE","Task Spec과 structured reporting 계약","MIT","evaluation-reference","ec76c54c28972a5620da20cfb3e7f29e5bc4ad275fd475b0bfb9ecb31ec4f362"
"application/task-spec/web/README.md","REUSE","Task Spec과 structured reporting 계약","MIT","evaluation-reference","57af5a8931372afd80c92b3a1b527384f00e3c81b98803f5fca37ad374335a89"
"application/task-spec/web/web_metric_reporting.example.json","REUSE","Task Spec과 structured reporting 계약","MIT","evaluation-reference","6d1f1e89630dc397b2855bd111cde65611b373259abe95e07dae8c9a8426eca6"
"application/task-spec/web/web_metric_structured_output.example.json","REUSE","Task Spec과 structured reporting 계약","MIT","evaluation-reference","e5dee73a6dcff7f29143cae10c41c6bc1839c31a609a35489a66ba8be1a3f05e"
"application/tasks/chat_meal-planning-nutrition/input/chatbot.yaml","ADAPT","구조와 실패 사례만 자체 구현에 반영","MIT","design-or-test-reference","83c01c436e10037f02a25b3ada753b47ff1b1f2b0521f66041e822243d0af9c1"
"application/tasks/chat_meal-planning-nutrition/input/context.md","ADAPT","구조와 실패 사례만 자체 구현에 반영","MIT","design-or-test-reference","b342b34903c9a65e360f6df760ae4bf1a935a96abcd28bbafbcb5a3bded6da1a"
"application/tasks/chat_meal-planning-nutrition/input/protocol.md","ADAPT","구조와 실패 사례만 자체 구현에 반영","MIT","design-or-test-reference","60093ffe6f85e3e42c88309771a003cabcd8d072258d8e9d65378f732ba9b132"
"application/tasks/chat_meal-planning-nutrition/input/self_report_schema.yaml","ADAPT","구조와 실패 사례만 자체 구현에 반영","MIT","design-or-test-reference","fc579555764a8bbd61338d2b9877dea3ae8c8584b12d102ec24e4e24517285a7"
"application/tasks/chat_meal-planning-nutrition/instruction.md","ADAPT","구조와 실패 사례만 자체 구현에 반영","MIT","design-or-test-reference","d3ee8fc045f4f09f766a140b61c3359f88925e3698e686fd207669cb78f2c70b"
"application/tasks/chat_meal-planning-nutrition/persona_strategy.json","ADAPT","구조와 실패 사례만 자체 구현에 반영","MIT","design-or-test-reference","f6aaaddc3c626dae87efec57f624a87783d7cdc1057d086980a20c3ab085bd02"
"application/tasks/chat_meal-planning-nutrition/README.md","ADAPT","구조와 실패 사례만 자체 구현에 반영","MIT","design-or-test-reference","8f1ca879c387293ca9aa2879bf46442c6c8ff275f2b7a2f7f7f85f6b97514407"
"application/tasks/chat_meal-planning-nutrition/reporting.json","ADAPT","구조와 실패 사례만 자체 구현에 반영","MIT","design-or-test-reference","4cc8a6bb0bd5ab404db995760dbc678b759bcd23d96e09b56d33d9b593d60add"
"application/tasks/chat_meal-planning-nutrition/solution/solve.sh","ADAPT","구조와 실패 사례만 자체 구현에 반영","MIT","design-or-test-reference","55fb65f271e2c9ff57abed9b5b1701941794619f6813c83b6320de5487729e03"
"application/tasks/chat_meal-planning-nutrition/task.toml","ADAPT","구조와 실패 사례만 자체 구현에 반영","MIT","design-or-test-reference","ccb4b8f1abab8f62aefc07e1b343417b09de38be33056a081dd4979bf9564226"
"application/tasks/chat_meal-planning-nutrition/tests/test_state.py","ADAPT","구조와 실패 사례만 자체 구현에 반영","MIT","design-or-test-reference","3e904e660485fde286770c0f5809613cabf2514c7b2e6ff2dbc56e3ee8ad7686"
"application/tasks/chat_meal-planning-nutrition/tests/test.sh","ADAPT","구조와 실패 사례만 자체 구현에 반영","MIT","design-or-test-reference","038cafe57abc8dfb462adc2d973c3a9a71bf4dae98856f5cd42abb40520cef66"
"application/tasks/chat_meal-planning-nutrition/tests/verifier_env.sh","ADAPT","구조와 실패 사례만 자체 구현에 반영","MIT","design-or-test-reference","8e8336fe906f264594ae0aaeff3b3488cac1a6bae09762960829a3e05e09845e"
"application/tasks/chat_openbb-corporate-action-honesty/input/chatbot.yaml","ADAPT","구조와 실패 사례만 자체 구현에 반영","MIT","design-or-test-reference","11376344b09794a0d074a778def72cf71b72ef168ac987e686950452b6480a50"
"application/tasks/chat_openbb-corporate-action-honesty/input/context.md","ADAPT","구조와 실패 사례만 자체 구현에 반영","MIT","design-or-test-reference","608ed9d9421449241f2c2922731689667ffe20a882410f9ee6853652c3b87b51"
"application/tasks/chat_openbb-corporate-action-honesty/input/self_report_schema.yaml","ADAPT","구조와 실패 사례만 자체 구현에 반영","MIT","design-or-test-reference","ea3f711f555792b5a2534ff83678a89d183f1744cb9d7d50b27426b126243d62"
"application/tasks/chat_openbb-corporate-action-honesty/instruction.md","ADAPT","구조와 실패 사례만 자체 구현에 반영","MIT","design-or-test-reference","babf374fbb8ae02434e1291f260f9e426e58fd91f23b0d1753125bcbb1dcad45"
"application/tasks/chat_openbb-corporate-action-honesty/persona_strategy.json","ADAPT","구조와 실패 사례만 자체 구현에 반영","MIT","design-or-test-reference","5da636b8b89f439d90ee4de88e3dffb020f3a37304a510094d7e9671f61db587"
"application/tasks/chat_openbb-corporate-action-honesty/README.md","ADAPT","구조와 실패 사례만 자체 구현에 반영","MIT","design-or-test-reference","6f67739481b18d17b471fbe5ffcc1670d46f63e9ffcff2070d29af06e7994b2f"
"application/tasks/chat_openbb-corporate-action-honesty/reporting.json","ADAPT","구조와 실패 사례만 자체 구현에 반영","MIT","design-or-test-reference","efd16ae5b35714a90cb1b0c9e7b6fde87dd13e177123a4518e24544fb7cd17f9"
"application/tasks/chat_openbb-corporate-action-honesty/task.toml","ADAPT","구조와 실패 사례만 자체 구현에 반영","MIT","design-or-test-reference","3ba6b606261c00b3aff4b9f72aca11d4872b6d25666ded1caf6d0a36cdb2ba82"
"application/tasks/chat_openbb-corporate-action-honesty/tests/scenarios.json","ADAPT","구조와 실패 사례만 자체 구현에 반영","MIT","design-or-test-reference","7663e155b447386d68167a851769e7e009813a57c2cb58236d2c3639a2a5984f"
"application/tasks/chat_openbb-corporate-action-honesty/tests/test_state.py","ADAPT","구조와 실패 사례만 자체 구현에 반영","MIT","design-or-test-reference","8946dae9f764a6d03b03a74013dc9bd95ba8d8ad7431fac32ace7918a731d760"
"application/tasks/chat_openbb-corporate-action-honesty/tests/test.sh","ADAPT","구조와 실패 사례만 자체 구현에 반영","MIT","design-or-test-reference","038cafe57abc8dfb462adc2d973c3a9a71bf4dae98856f5cd42abb40520cef66"
"application/tasks/chat_openbb-corporate-action-honesty/tests/verifier_env.sh","ADAPT","구조와 실패 사례만 자체 구현에 반영","MIT","design-or-test-reference","cf416f6549fa597a704734fb414495ad751f8b222b765070d5f34e20ed0fcf5c"
"application/tasks/example-chat-api_support_chatbot/input/chatbot.yaml","ADAPT","구조와 실패 사례만 자체 구현에 반영","MIT","design-or-test-reference","3f0607aad10c530051ee557a3f4bd478f1f9ee4fe71969bacf98d7d4b7aad9c1"
"application/tasks/example-chat-api_support_chatbot/input/context.md","ADAPT","구조와 실패 사례만 자체 구현에 반영","MIT","design-or-test-reference","7b78f287e8eb7d41403273035db839d421cc66f105f52441a819d7e49c048b69"
"application/tasks/example-chat-api_support_chatbot/input/protocol.md","ADAPT","구조와 실패 사례만 자체 구현에 반영","MIT","design-or-test-reference","66d03ee86ef8f63b4321b82a29b5f59e8bdc576bfef3d565532dbff960e33572"
"application/tasks/example-chat-api_support_chatbot/input/self_report_schema.yaml","ADAPT","구조와 실패 사례만 자체 구현에 반영","MIT","design-or-test-reference","916f2d9c5a6606c96e1eaaf44984fa9a9a630157da52492f356536e92d6f8896"
"application/tasks/example-chat-api_support_chatbot/instruction.md","ADAPT","구조와 실패 사례만 자체 구현에 반영","MIT","design-or-test-reference","2d26e8023114290f9f40cf0e79c128bae6e2b9d86c82da0c8100c74f61a9366e"
"application/tasks/example-chat-api_support_chatbot/persona_strategy.json","ADAPT","구조와 실패 사례만 자체 구현에 반영","MIT","design-or-test-reference","50805e0e6de3ad3ef734a34f9702c482f9899bc0dae70a96b3855448b2663f50"
"application/tasks/example-chat-api_support_chatbot/README.md","ADAPT","구조와 실패 사례만 자체 구현에 반영","MIT","design-or-test-reference","487ae0a4438b612a018e818a541f9e1c3eff0919a9e0baadb0c46a8ee0103ef3"
"application/tasks/example-chat-api_support_chatbot/reporting.json","ADAPT","구조와 실패 사례만 자체 구현에 반영","MIT","design-or-test-reference","78543d15ce74d150dca0737fc56abbab46be4d8b3bddca866876391d25f8e6c5"
"application/tasks/example-chat-api_support_chatbot/solution/solve.sh","ADAPT","구조와 실패 사례만 자체 구현에 반영","MIT","design-or-test-reference","d9cefb68050bdf44e1832407c460aa29653312e8bab22e79fb21a1eb53561a0e"
"application/tasks/example-chat-api_support_chatbot/task.toml","ADAPT","구조와 실패 사례만 자체 구현에 반영","MIT","design-or-test-reference","700d84b0ef2a577226985fdaead3b8a55bcd19acb6efcb91814c3d1d6c02d5c9"
"application/tasks/example-chat-api_support_chatbot/tests/test_state.py","ADAPT","구조와 실패 사례만 자체 구현에 반영","MIT","design-or-test-reference","af23b95c61e15a6bc2f44ac9690a3769d6b44d3029b51830bd7ac7c8e27f8bbd"
"application/tasks/example-chat-api_support_chatbot/tests/test.sh","ADAPT","구조와 실패 사례만 자체 구현에 반영","MIT","design-or-test-reference","8450d4c7a3d05cf5b41bb2e21d577910e124e0b61b334af183bb31b5dddccabe"
"application/tasks/example-chat-api_support_chatbot/tests/verifier_env.sh","ADAPT","구조와 실패 사례만 자체 구현에 반영","MIT","design-or-test-reference","cf416f6549fa597a704734fb414495ad751f8b222b765070d5f34e20ed0fcf5c"
"application/tasks/example-chat-mcp_support_chatbot/input/chatbot.yaml","ADAPT","구조와 실패 사례만 자체 구현에 반영","MIT","design-or-test-reference","cd535deb0fc0ca5850c4a983b4937c091734553ca594ee64eb27a400015f7e3c"
"application/tasks/example-chat-mcp_support_chatbot/input/context.md","ADAPT","구조와 실패 사례만 자체 구현에 반영","MIT","design-or-test-reference","7b78f287e8eb7d41403273035db839d421cc66f105f52441a819d7e49c048b69"
"application/tasks/example-chat-mcp_support_chatbot/input/protocol.md","ADAPT","구조와 실패 사례만 자체 구현에 반영","MIT","design-or-test-reference","a8b7988ad735492db5bfa45655227d93ba1eb1da92593069841ee39ee52637c9"
"application/tasks/example-chat-mcp_support_chatbot/input/self_report_schema.yaml","ADAPT","구조와 실패 사례만 자체 구현에 반영","MIT","design-or-test-reference","916f2d9c5a6606c96e1eaaf44984fa9a9a630157da52492f356536e92d6f8896"
"application/tasks/example-chat-mcp_support_chatbot/instruction.md","ADAPT","구조와 실패 사례만 자체 구현에 반영","MIT","design-or-test-reference","2d26e8023114290f9f40cf0e79c128bae6e2b9d86c82da0c8100c74f61a9366e"
"application/tasks/example-chat-mcp_support_chatbot/persona_strategy.json","ADAPT","구조와 실패 사례만 자체 구현에 반영","MIT","design-or-test-reference","50805e0e6de3ad3ef734a34f9702c482f9899bc0dae70a96b3855448b2663f50"
"application/tasks/example-chat-mcp_support_chatbot/README.md","ADAPT","구조와 실패 사례만 자체 구현에 반영","MIT","design-or-test-reference","daca067f06147589097bb3fec99f6d56cfd61b39670161bb51cb5ea08835c211"
"application/tasks/example-chat-mcp_support_chatbot/reporting.json","ADAPT","구조와 실패 사례만 자체 구현에 반영","MIT","design-or-test-reference","78543d15ce74d150dca0737fc56abbab46be4d8b3bddca866876391d25f8e6c5"
"application/tasks/example-chat-mcp_support_chatbot/solution/solve.sh","ADAPT","구조와 실패 사례만 자체 구현에 반영","MIT","design-or-test-reference","7a0eabbd280530839cf6a2e357319c0cd9a92b155ca23fa99a2709bbffb7f8e3"
"application/tasks/example-chat-mcp_support_chatbot/task.toml","ADAPT","구조와 실패 사례만 자체 구현에 반영","MIT","design-or-test-reference","804e62a8bbf0ed51e7aedaa8a549548d04f7cb9c05572f2443790b98e89c1825"
"application/tasks/example-chat-mcp_support_chatbot/tests/test_state.py","ADAPT","구조와 실패 사례만 자체 구현에 반영","MIT","design-or-test-reference","787c662cf263c95da181d0efbc4264e83ea46aa7bd173b130d784cb472844fe5"
"application/tasks/example-chat-mcp_support_chatbot/tests/test.sh","ADAPT","구조와 실패 사례만 자체 구현에 반영","MIT","design-or-test-reference","038cafe57abc8dfb462adc2d973c3a9a71bf4dae98856f5cd42abb40520cef66"
"application/tasks/example-chat-mcp_support_chatbot/tests/verifier_env.sh","ADAPT","구조와 실패 사례만 자체 구현에 반영","MIT","design-or-test-reference","cf416f6549fa597a704734fb414495ad751f8b222b765070d5f34e20ed0fcf5c"
"application/tasks/example-computer-use-ios_photo-access-review/input/context.md","ADAPT","구조와 실패 사례만 자체 구현에 반영","MIT","design-or-test-reference","e2e2d3541e49097c57e3fc03e3a06ab750687e110732dd18cb4dd0dd78f46ed4"
"application/tasks/example-computer-use-ios_photo-access-review/input/self_report_schema.yaml","ADAPT","구조와 실패 사례만 자체 구현에 반영","MIT","design-or-test-reference","c5835450def89e0996cb9df881860f0fe16b44b0792fbb189643aae12058c935"
"application/tasks/example-computer-use-ios_photo-access-review/instruction.md","ADAPT","구조와 실패 사례만 자체 구현에 반영","MIT","design-or-test-reference","0183731dafa3b9fe559df6e222dcf337de6bf392d18b8d3c983dcd2b23742ab9"
"application/tasks/example-computer-use-ios_photo-access-review/persona_strategy.json","ADAPT","구조와 실패 사례만 자체 구현에 반영","MIT","design-or-test-reference","df19abeb29f3467909e1c52516d42c58d42a8ada52cdbfdf48e6ba99ac5f3eac"
"application/tasks/example-computer-use-ios_photo-access-review/README.md","ADAPT","구조와 실패 사례만 자체 구현에 반영","MIT","design-or-test-reference","ee0ca47a3bc6431efb0ddb44314ad0fce666920d537a8ecc5ee5d1f64078d1bd"
"application/tasks/example-computer-use-ios_photo-access-review/reporting.json","ADAPT","구조와 실패 사례만 자체 구현에 반영","MIT","design-or-test-reference","cd531afdd39c4374c232d1a18dab734d22693546c0e244eb399b026d32425683"
"application/tasks/example-computer-use-ios_photo-access-review/solution/solve.sh","ADAPT","구조와 실패 사례만 자체 구현에 반영","MIT","design-or-test-reference","4ba25341967468b0641bd7f8b2aa487017c431a2b15e45e63230a11eefe5707e"
"application/tasks/example-computer-use-ios_photo-access-review/task.toml","ADAPT","구조와 실패 사례만 자체 구현에 반영","MIT","design-or-test-reference","1f8d42f14dabdaf601867864e70c2003c1520c8d4effa11e3a6b466bbe3aff99"
"application/tasks/example-computer-use-ios_photo-access-review/tests/test.sh","ADAPT","구조와 실패 사례만 자체 구현에 반영","MIT","design-or-test-reference","67e7f682f72f1709d1053c12fb0ef76f7274df3e7e74136d08ad6dd0e48f1383"
"application/tasks/example-computer-use-ios_photo-access-review/tests/verifier_env.sh","ADAPT","구조와 실패 사례만 자체 구현에 반영","MIT","design-or-test-reference","bfb3dfacf7b3d84a2a8139ab7aa84fbacc6bf57a4ae7a33bbd120527a22fb055"
"application/tasks/example-computer-use-linux_note-to-csv/input/context.md","ADAPT","구조와 실패 사례만 자체 구현에 반영","MIT","design-or-test-reference","ce1376cf2e580680a82476fc9755cc93cd7edfc81e98d90ed7d5f2360a0fb9e9"
"application/tasks/example-computer-use-linux_note-to-csv/input/self_report_schema.yaml","ADAPT","구조와 실패 사례만 자체 구현에 반영","MIT","design-or-test-reference","c5835450def89e0996cb9df881860f0fe16b44b0792fbb189643aae12058c935"
"application/tasks/example-computer-use-linux_note-to-csv/instruction.md","ADAPT","구조와 실패 사례만 자체 구현에 반영","MIT","design-or-test-reference","1888abb679b4d6dffaa5d90948770d3cff6065cd7be5e85d41640f91d18949f8"
"application/tasks/example-computer-use-linux_note-to-csv/persona_strategy.json","ADAPT","구조와 실패 사례만 자체 구현에 반영","MIT","design-or-test-reference","d91c64baa0f4ccdfa6f4c6acac54750c334924a04615586924defe2fa025c332"
"application/tasks/example-computer-use-linux_note-to-csv/README.md","ADAPT","구조와 실패 사례만 자체 구현에 반영","MIT","design-or-test-reference","b6b7676720dd235d6fd32666c98ffb3acfa4e34a7410ddec8ab6c5bf4e56b1a7"
"application/tasks/example-computer-use-linux_note-to-csv/reporting.json","ADAPT","구조와 실패 사례만 자체 구현에 반영","MIT","design-or-test-reference","fcae1ff430f518f52228912543f81431df1b8d95c0a1385ac8301db736abdb9c"
"application/tasks/example-computer-use-linux_note-to-csv/solution/solve.sh","ADAPT","구조와 실패 사례만 자체 구현에 반영","MIT","design-or-test-reference","70e88d6d5d55f1c6cd582f49e426c60881941d6216e8cb7e618d734492f7e08f"
"application/tasks/example-computer-use-linux_note-to-csv/task.toml","ADAPT","구조와 실패 사례만 자체 구현에 반영","MIT","design-or-test-reference","75737568b5ccbc13bcde520554009228029b2071f28233181e5ca35d85461e4f"
"application/tasks/example-computer-use-linux_note-to-csv/tests/test.sh","ADAPT","구조와 실패 사례만 자체 구현에 반영","MIT","design-or-test-reference","94d6d6b18f805188ecbee9fc5dcb0adaee648131a751db1beebb616a5d01b4c8"
"application/tasks/example-computer-use-linux_note-to-csv/tests/verifier_env.sh","ADAPT","구조와 실패 사례만 자체 구현에 반영","MIT","design-or-test-reference","bfb3dfacf7b3d84a2a8139ab7aa84fbacc6bf57a4ae7a33bbd120527a22fb055"
"application/tasks/example-computer-use-macos_calendar-reminder-handoff/input/context.md","ADAPT","구조와 실패 사례만 자체 구현에 반영","MIT","design-or-test-reference","02673d8b173b71a8b42d399306c9ab093a906febd0a85e9dc7b33792fd6f0367"
"application/tasks/example-computer-use-macos_calendar-reminder-handoff/input/self_report_schema.yaml","ADAPT","구조와 실패 사례만 자체 구현에 반영","MIT","design-or-test-reference","c5835450def89e0996cb9df881860f0fe16b44b0792fbb189643aae12058c935"
"application/tasks/example-computer-use-macos_calendar-reminder-handoff/instruction.md","ADAPT","구조와 실패 사례만 자체 구현에 반영","MIT","design-or-test-reference","420bba3ac933be67bc9f4b5d895e7dc0e35e344277316092889493b2fcbc0753"
"application/tasks/example-computer-use-macos_calendar-reminder-handoff/persona_strategy.json","ADAPT","구조와 실패 사례만 자체 구현에 반영","MIT","design-or-test-reference","9181e990460a05307745e151002f4b2b8f25c4c27903fa073cfa34e80b278511"
"application/tasks/example-computer-use-macos_calendar-reminder-handoff/README.md","ADAPT","구조와 실패 사례만 자체 구현에 반영","MIT","design-or-test-reference","d42182ec7900e6c1874bb43d47f860b1b3b0669ccd707a9655406584ddd94720"
"application/tasks/example-computer-use-macos_calendar-reminder-handoff/reporting.json","ADAPT","구조와 실패 사례만 자체 구현에 반영","MIT","design-or-test-reference","fcae1ff430f518f52228912543f81431df1b8d95c0a1385ac8301db736abdb9c"
"application/tasks/example-computer-use-macos_calendar-reminder-handoff/solution/solve.sh","ADAPT","구조와 실패 사례만 자체 구현에 반영","MIT","design-or-test-reference","c60bc23dbf10414c6a6fd4458f9778a08ce257e503ca9b0e4e83e977b23dcdd0"
"application/tasks/example-computer-use-macos_calendar-reminder-handoff/task.toml","ADAPT","구조와 실패 사례만 자체 구현에 반영","MIT","design-or-test-reference","51ddc2f2894fce2bc18c12564db6b011128ad121ae51c9f0207aa4c87b9dac98"
"application/tasks/example-computer-use-macos_calendar-reminder-handoff/tests/test.sh","ADAPT","구조와 실패 사례만 자체 구현에 반영","MIT","design-or-test-reference","3ef2bd265c8a1b665f3e57f3fbf8588dd2d7e3ea1f9860d17dfa46ef6b9f2b83"
"application/tasks/example-computer-use-macos_calendar-reminder-handoff/tests/verifier_env.sh","ADAPT","구조와 실패 사례만 자체 구현에 반영","MIT","design-or-test-reference","bfb3dfacf7b3d84a2a8139ab7aa84fbacc6bf57a4ae7a33bbd120527a22fb055"
"application/tasks/example-survey_product-feedback/input/context.md","ADAPT","구조와 실패 사례만 자체 구현에 반영","MIT","design-or-test-reference","b844fbb87fdbdea35fd5efc14392e091c5a4f2a0c1ccdfb0b2aa63ccc8cf3ac3"
"application/tasks/example-survey_product-feedback/input/questionnaire.yaml","ADAPT","구조와 실패 사례만 자체 구현에 반영","MIT","design-or-test-reference","b1c3ae0715ac83fa008edfa477c26d0cba0a9e42e860a473d60b8d6c85c74504"
"application/tasks/example-survey_product-feedback/instruction.md","ADAPT","구조와 실패 사례만 자체 구현에 반영","MIT","design-or-test-reference","73baedff15304cd417c7e9e9cef05d0a1b090ea9eaf12c8c52de5bd23e271e45"
"application/tasks/example-survey_product-feedback/persona_strategy.json","ADAPT","구조와 실패 사례만 자체 구현에 반영","MIT","design-or-test-reference","557d90fde666bcdebb6b3615063483957df50c583bb3182857c11e44880753f8"
"application/tasks/example-survey_product-feedback/README.md","ADAPT","구조와 실패 사례만 자체 구현에 반영","MIT","design-or-test-reference","56b14af0afecdec3b6889cac1b43f21c0542909870c0ac07b32bc9b842c1d3c9"
"application/tasks/example-survey_product-feedback/reporting.json","ADAPT","구조와 실패 사례만 자체 구현에 반영","MIT","design-or-test-reference","fcae1ff430f518f52228912543f81431df1b8d95c0a1385ac8301db736abdb9c"
"application/tasks/example-survey_product-feedback/solution/solve.sh","ADAPT","구조와 실패 사례만 자체 구현에 반영","MIT","design-or-test-reference","3bc79aee5601adb4dc8b7a7b87def22bfb3143d7132b8275dfcdc778927d5fd6"
"application/tasks/example-survey_product-feedback/task.toml","ADAPT","구조와 실패 사례만 자체 구현에 반영","MIT","design-or-test-reference","f4c41f138eaf2f7e2d06e8bb333a5ee494adbb8a7f36b3d04bac18b3a2a82ab6"
"application/tasks/example-survey_product-feedback/tests/test_state.py","ADAPT","구조와 실패 사례만 자체 구현에 반영","MIT","design-or-test-reference","f7b4c70d172ee21be8101fc0577f92455bc70913328085f63283101ad22b5dd1"
"application/tasks/example-survey_product-feedback/tests/test.sh","ADAPT","구조와 실패 사례만 자체 구현에 반영","MIT","design-or-test-reference","038cafe57abc8dfb462adc2d973c3a9a71bf4dae98856f5cd42abb40520cef66"
"application/tasks/example-survey_product-feedback/tests/verifier_env.sh","ADAPT","구조와 실패 사례만 자체 구현에 반영","MIT","design-or-test-reference","cf416f6549fa597a704734fb414495ad751f8b222b765070d5f34e20ed0fcf5c"
"application/tasks/example-web-browser-use_laptop-choice/input/context.md","ADAPT","구조와 실패 사례만 자체 구현에 반영","MIT","design-or-test-reference","94142f7f33472b46aa9bd73dfd90cd57beb5c38d793bfef097f93a96eb757885"
"application/tasks/example-web-browser-use_laptop-choice/input/self_report_schema.yaml","ADAPT","구조와 실패 사례만 자체 구현에 반영","MIT","design-or-test-reference","c60a8eba1e63407a215aa428fed632670eef3a24d8bd0eb2f240ad60c8ad93af"
"application/tasks/example-web-browser-use_laptop-choice/instruction.md","ADAPT","구조와 실패 사례만 자체 구현에 반영","MIT","design-or-test-reference","66ddc01d878ed471a11b965202555b890a0dcf2de38740a4e8a6f36647ecab0a"
"application/tasks/example-web-browser-use_laptop-choice/persona_strategy.json","ADAPT","구조와 실패 사례만 자체 구현에 반영","MIT","design-or-test-reference","1ae734763653ba75da0164f21647ea969b652cef81ce6f8b1746ebd76dcdac06"
"application/tasks/example-web-browser-use_laptop-choice/README.md","ADAPT","구조와 실패 사례만 자체 구현에 반영","MIT","design-or-test-reference","4d020f641ffdb2f06fa501d1db9ff7df9260e239b655aaa5931f4a8270be93a7"
"application/tasks/example-web-browser-use_laptop-choice/reporting.json","ADAPT","구조와 실패 사례만 자체 구현에 반영","MIT","design-or-test-reference","43d7db85d3a6aef1b034ce7a77dd767149c5e4d82767f473ebf2f8ad5814da9d"
"application/tasks/example-web-browser-use_laptop-choice/solution/solve.sh","ADAPT","구조와 실패 사례만 자체 구현에 반영","MIT","design-or-test-reference","18bf5abf2a613231e51d045e2236381eda19666721f3e61d529bbdb4100b534c"
"application/tasks/example-web-browser-use_laptop-choice/task.toml","ADAPT","구조와 실패 사례만 자체 구현에 반영","MIT","design-or-test-reference","36acdcc37027002609874beda9beee6bafe1bb257175b2b08e2caead9bdc95fb"
"application/tasks/example-web-browser-use_laptop-choice/tests/test_state.py","ADAPT","구조와 실패 사례만 자체 구현에 반영","MIT","design-or-test-reference","fd00873bde47ea0a43d8bb927f0ca81fcb1e191ec05a9691284d47e43d2f23c3"
"application/tasks/example-web-browser-use_laptop-choice/tests/test.sh","ADAPT","구조와 실패 사례만 자체 구현에 반영","MIT","design-or-test-reference","a3a982452ada9c1efbc830aa01adc156aefb71ecd43b3f935ef26b9367bd6236"
"application/tasks/example-web-browser-use_laptop-choice/tests/verifier_env.sh","ADAPT","구조와 실패 사례만 자체 구현에 반영","MIT","design-or-test-reference","cf416f6549fa597a704734fb414495ad751f8b222b765070d5f34e20ed0fcf5c"
"application/tasks/example-web-cocoa_plan-choice/input/context.md","ADAPT","구조와 실패 사례만 자체 구현에 반영","MIT","design-or-test-reference","7a64c1a0171cfb7210c24280f418afff7b945688f52da66cbb08c0e5ef2b345e"
"application/tasks/example-web-cocoa_plan-choice/input/self_report_schema.yaml","ADAPT","구조와 실패 사례만 자체 구현에 반영","MIT","design-or-test-reference","c60a8eba1e63407a215aa428fed632670eef3a24d8bd0eb2f240ad60c8ad93af"
"application/tasks/example-web-cocoa_plan-choice/instruction.md","ADAPT","구조와 실패 사례만 자체 구현에 반영","MIT","design-or-test-reference","6849e2be635ceabd67acc5b5d674fbb0e8566e7dbfa3b84f77343467c510ef2f"
"application/tasks/example-web-cocoa_plan-choice/persona_strategy.json","ADAPT","구조와 실패 사례만 자체 구현에 반영","MIT","design-or-test-reference","6ee4c6f4663f3d4a6020e5f5292f465503648b05a7cbd9ff86c99da6ce237f09"
"application/tasks/example-web-cocoa_plan-choice/README.md","ADAPT","구조와 실패 사례만 자체 구현에 반영","MIT","design-or-test-reference","2899afc068eccf26094cb7b0babf1fa373289ac3e5d964648abd3145ec26b9e6"
"application/tasks/example-web-cocoa_plan-choice/reporting.json","ADAPT","구조와 실패 사례만 자체 구현에 반영","MIT","design-or-test-reference","43d7db85d3a6aef1b034ce7a77dd767149c5e4d82767f473ebf2f8ad5814da9d"
"application/tasks/example-web-cocoa_plan-choice/solution/solve.sh","ADAPT","구조와 실패 사례만 자체 구현에 반영","MIT","design-or-test-reference","db6019894057e8ff84826ae684f38aa5048bf313407b4bb19c2bd999f211c686"
"application/tasks/example-web-cocoa_plan-choice/task.toml","ADAPT","구조와 실패 사례만 자체 구현에 반영","MIT","design-or-test-reference","a40312b264db6650d21f1d2c9a2668d44c884948e115b8de3c48a301b65231e8"
"application/tasks/example-web-cocoa_plan-choice/tests/test_state.py","ADAPT","구조와 실패 사례만 자체 구현에 반영","MIT","design-or-test-reference","95e91e8d12797192f90bfc3593da7331b5b1a476a0946b83b22afbe9ac07aa83"
"application/tasks/example-web-cocoa_plan-choice/tests/test.sh","ADAPT","구조와 실패 사례만 자체 구현에 반영","MIT","design-or-test-reference","a3a982452ada9c1efbc830aa01adc156aefb71ecd43b3f935ef26b9367bd6236"
"application/tasks/example-web-cocoa_plan-choice/tests/verifier_env.sh","ADAPT","구조와 실패 사례만 자체 구현에 반영","MIT","design-or-test-reference","cf416f6549fa597a704734fb414495ad751f8b222b765070d5f34e20ed0fcf5c"
"application/tasks/example-web-cua_bookshop-choice/input/context.md","ADAPT","구조와 실패 사례만 자체 구현에 반영","MIT","design-or-test-reference","eb6ab9482518ca17998f355111e35f957e928d3d677f993454b8b0091440d68e"
"application/tasks/example-web-cua_bookshop-choice/input/self_report_schema.yaml","ADAPT","구조와 실패 사례만 자체 구현에 반영","MIT","design-or-test-reference","c60a8eba1e63407a215aa428fed632670eef3a24d8bd0eb2f240ad60c8ad93af"
"application/tasks/example-web-cua_bookshop-choice/instruction.md","ADAPT","구조와 실패 사례만 자체 구현에 반영","MIT","design-or-test-reference","c67d66ab82111cd008978143005ae9f4286137a7f2b9d51cf0d75bc5f7e2e5b6"
"application/tasks/example-web-cua_bookshop-choice/persona_strategy.json","ADAPT","구조와 실패 사례만 자체 구현에 반영","MIT","design-or-test-reference","7a7f600054233b12782d95ce42921046e87438d974ed42b51439bf3468171e71"
"application/tasks/example-web-cua_bookshop-choice/README.md","ADAPT","구조와 실패 사례만 자체 구현에 반영","MIT","design-or-test-reference","c6fb9f11d84231573f976728ee6951af36d8e9091d9f0ff0436ccd0737008ffa"
"application/tasks/example-web-cua_bookshop-choice/reporting.json","ADAPT","구조와 실패 사례만 자체 구현에 반영","MIT","design-or-test-reference","43d7db85d3a6aef1b034ce7a77dd767149c5e4d82767f473ebf2f8ad5814da9d"
"application/tasks/example-web-cua_bookshop-choice/solution/solve.sh","ADAPT","구조와 실패 사례만 자체 구현에 반영","MIT","design-or-test-reference","9a8e27b99d8d198d833c6ded543ef4734e1960672a82ec8be76e8f805675771a"
"application/tasks/example-web-cua_bookshop-choice/task.toml","ADAPT","구조와 실패 사례만 자체 구현에 반영","MIT","design-or-test-reference","03817d45b3905d0c2004753f7fdaf6f0865249a67d9da7adcbdca7baffa663b0"
"application/tasks/example-web-cua_bookshop-choice/tests/test_state.py","ADAPT","구조와 실패 사례만 자체 구현에 반영","MIT","design-or-test-reference","48db6d314facd08f3626177b52245fa6530a87978609060be52ef1495d939f2f"
"application/tasks/example-web-cua_bookshop-choice/tests/test.sh","ADAPT","구조와 실패 사례만 자체 구현에 반영","MIT","design-or-test-reference","59c103aeab39e2dd5079e3b6e83bd2272d4a8a21fe554d648f7cd1f34f133ddd"
"application/tasks/example-web-cua_bookshop-choice/tests/verifier_env.sh","ADAPT","구조와 실패 사례만 자체 구현에 반영","MIT","design-or-test-reference","cf416f6549fa597a704734fb414495ad751f8b222b765070d5f34e20ed0fcf5c"
"application/tasks/example-web-playwright_quote-choice/input/context.md","ADAPT","구조와 실패 사례만 자체 구현에 반영","MIT","design-or-test-reference","edb87b6d8f2651244595755fc2daa971acda5cb67c310babd523a1b254ad2e75"
"application/tasks/example-web-playwright_quote-choice/input/self_report_schema.yaml","ADAPT","구조와 실패 사례만 자체 구현에 반영","MIT","design-or-test-reference","c60a8eba1e63407a215aa428fed632670eef3a24d8bd0eb2f240ad60c8ad93af"
"application/tasks/example-web-playwright_quote-choice/instruction.md","ADAPT","구조와 실패 사례만 자체 구현에 반영","MIT","design-or-test-reference","786cccb7ddb2b7d80905cae6bb78254c0912319b82f2f0575ffee23187e9a8c8"
"application/tasks/example-web-playwright_quote-choice/persona_strategy.json","ADAPT","구조와 실패 사례만 자체 구현에 반영","MIT","design-or-test-reference","5c41717ac6bc647bc0b2717b13e93c14084ff402bfb7f61960dcf72872e58571"
"application/tasks/example-web-playwright_quote-choice/README.md","ADAPT","구조와 실패 사례만 자체 구현에 반영","MIT","design-or-test-reference","1ce43672dd78b02ad6965e03783c8510a60f82af1b4ebc4e4c2cf38d0f2a6466"
"application/tasks/example-web-playwright_quote-choice/reporting.json","ADAPT","구조와 실패 사례만 자체 구현에 반영","MIT","design-or-test-reference","b3c5c2ad7892257e5cb58cbdd4e110006c8b298072103cf076d85d244a14a799"
"application/tasks/example-web-playwright_quote-choice/solution/solve.sh","ADAPT","구조와 실패 사례만 자체 구현에 반영","MIT","design-or-test-reference","8c4cf26c1c2d1b6f8c425a1ef7133c7a152a70588bcbad44043c7f577228bd45"
"application/tasks/example-web-playwright_quote-choice/task.toml","ADAPT","구조와 실패 사례만 자체 구현에 반영","MIT","design-or-test-reference","9e869e18a19f4b20f28680539db79e7b300d320de5c4c6d560640541f0583440"
"application/tasks/example-web-playwright_quote-choice/tests/test_state.py","ADAPT","구조와 실패 사례만 자체 구현에 반영","MIT","design-or-test-reference","1220140dad1260ee6dd141b4c4b2a6cd3aa8b2eb6cb4678db9ef1358a7d0a572"
"application/tasks/example-web-playwright_quote-choice/tests/test.sh","ADAPT","구조와 실패 사례만 자체 구현에 반영","MIT","design-or-test-reference","a3a982452ada9c1efbc830aa01adc156aefb71ecd43b3f935ef26b9367bd6236"
"application/tasks/example-web-playwright_quote-choice/tests/verifier_env.sh","ADAPT","구조와 실패 사례만 자체 구현에 반영","MIT","design-or-test-reference","cf416f6549fa597a704734fb414495ad751f8b222b765070d5f34e20ed0fcf5c"
"application/tasks/os-app-ios_news-subscription-decision/input/context.md","ADAPT","구조와 실패 사례만 자체 구현에 반영","MIT","design-or-test-reference","7f8224746f366ea1fc16d4a188bcccf59dcd442afbc8b6658475624af137a7ea"
"application/tasks/os-app-ios_news-subscription-decision/input/self_report_schema.yaml","ADAPT","구조와 실패 사례만 자체 구현에 반영","MIT","design-or-test-reference","55c285b491877dda634ca2a5239dd28634f293a6a454b3955b41751cd6a39cc6"
"application/tasks/os-app-ios_news-subscription-decision/instruction.md","ADAPT","구조와 실패 사례만 자체 구현에 반영","MIT","design-or-test-reference","1db9ce243485e0a46857372edddfcd27ef49b3e83a123f10dea355dc49f65c92"
"application/tasks/os-app-ios_news-subscription-decision/persona_strategy.json","ADAPT","구조와 실패 사례만 자체 구현에 반영","MIT","design-or-test-reference","56dbaf4eea8726e168fe45a9ffd25adfee0a4d5ab89f22b8dce6f83325199fbd"
"application/tasks/os-app-ios_news-subscription-decision/README.md","ADAPT","구조와 실패 사례만 자체 구현에 반영","MIT","design-or-test-reference","2d443955d9ee2193207c62e6b4d538ede685cfb7c372ff4840c85db49eb9d60e"
"application/tasks/os-app-ios_news-subscription-decision/reporting.json","ADAPT","구조와 실패 사례만 자체 구현에 반영","MIT","design-or-test-reference","16b0e990c6fc43922b474fddcd9e1ffdf0b703c6cbc13201b73382746a1a3abc"
"application/tasks/os-app-ios_news-subscription-decision/solution/solve.sh","ADAPT","구조와 실패 사례만 자체 구현에 반영","MIT","design-or-test-reference","c842baf75b8d9c85b29c446beb2484080b5141f9063a55d9524399191386a1c5"
"application/tasks/os-app-ios_news-subscription-decision/task.toml","ADAPT","구조와 실패 사례만 자체 구현에 반영","MIT","design-or-test-reference","6dad2a4f4deb4505f711b403cb112d788725d542f261b72af2d726f5d7d8be5f"
"application/tasks/os-app-ios_news-subscription-decision/tests/test.sh","ADAPT","구조와 실패 사례만 자체 구현에 반영","MIT","design-or-test-reference","cd4302db1a1031a3f4a08ba4d0568e2d69ae37bdecd563c51da41a2287dc1023"
"application/tasks/os-app-ios_news-subscription-decision/tests/verifier_env.sh","ADAPT","구조와 실패 사례만 자체 구현에 반영","MIT","design-or-test-reference","bfb3dfacf7b3d84a2a8139ab7aa84fbacc6bf57a4ae7a33bbd120527a22fb055"
"application/tasks/os-app-macos_stocks-mu-sentiment/input/context.md","ADAPT","구조와 실패 사례만 자체 구현에 반영","MIT","design-or-test-reference","8856fe075e99828bfb394290924800053155063d3077a675da0f6f281cb3a2bc"
"application/tasks/os-app-macos_stocks-mu-sentiment/input/self_report_schema.yaml","ADAPT","구조와 실패 사례만 자체 구현에 반영","MIT","design-or-test-reference","bb58c9ee33c3a5fd56ad19db205049aa7edf262f3a1f74c8a5836689a9a11a35"
"application/tasks/os-app-macos_stocks-mu-sentiment/instruction.md","ADAPT","구조와 실패 사례만 자체 구현에 반영","MIT","design-or-test-reference","0c99679e1e7a4b9bbb3edb710d0b94fdf451048c5a61f1e5a0e356270917c47a"
"application/tasks/os-app-macos_stocks-mu-sentiment/persona_strategy.json","ADAPT","구조와 실패 사례만 자체 구현에 반영","MIT","design-or-test-reference","0774617adf736559128c7fe8c967fe1dfa48dd903a27d896e3a648d4b22e47f6"
"application/tasks/os-app-macos_stocks-mu-sentiment/reporting.json","ADAPT","구조와 실패 사례만 자체 구현에 반영","MIT","design-or-test-reference","edeb715b6f0466fdf75c4b26651ede7a189e310ee8eb51b565553a3090003aa6"
"application/tasks/os-app-macos_stocks-mu-sentiment/task.toml","ADAPT","구조와 실패 사례만 자체 구현에 반영","MIT","design-or-test-reference","e6ed1e4b848eb3998e35b96a889a5ffb3e9f82750932b5a51f462de77f20c56f"
"application/tasks/os-app-macos_stocks-mu-sentiment/tests/test.sh","ADAPT","구조와 실패 사례만 자체 구현에 반영","MIT","design-or-test-reference","e1c0180dda57fe467f58c4db7915bd861248e5f2bd997871f5557b0bfe161720"
"application/tasks/os-app-macos_stocks-mu-sentiment/tests/verifier_env.sh","ADAPT","구조와 실패 사례만 자체 구현에 반영","MIT","design-or-test-reference","bfb3dfacf7b3d84a2a8139ab7aa84fbacc6bf57a4ae7a33bbd120527a22fb055"
"application/tasks/README.md","ADAPT","구조와 실패 사례만 자체 구현에 반영","MIT","design-or-test-reference","d30a76a8793948ba97dbe38fada148877ab967dd21f7e85c0bd71c2cb52780a5"
"application/tasks/survey_annual-checkup-habits/input/context.md","ADAPT","구조와 실패 사례만 자체 구현에 반영","MIT","design-or-test-reference","d359178fa24715da81d2ad68be29fef9d345d772387bfba5b630786034b6d124"
"application/tasks/survey_annual-checkup-habits/input/questionnaire.yaml","ADAPT","구조와 실패 사례만 자체 구현에 반영","MIT","design-or-test-reference","55a0d4ba83dbae97547ee262a5d6de2d296a86a5c884796453fa3eca24ac6311"
"application/tasks/survey_annual-checkup-habits/instruction.md","ADAPT","구조와 실패 사례만 자체 구현에 반영","MIT","design-or-test-reference","1db6c0c79090d3163aea5abb07ce22099f63b66afce0c367f8240b5d921bab28"
"application/tasks/survey_annual-checkup-habits/persona_strategy.json","ADAPT","구조와 실패 사례만 자체 구현에 반영","MIT","design-or-test-reference","a5148e1691ced8463895634898dd25112ca9b485abd8958518bb60addc3d16c6"
"application/tasks/survey_annual-checkup-habits/README.md","ADAPT","구조와 실패 사례만 자체 구현에 반영","MIT","design-or-test-reference","a47e4b7440d5d1fce168cd75d540d51bfe2372fe1bd1ab227e59b526299c9e3b"
"application/tasks/survey_annual-checkup-habits/reporting.json","ADAPT","구조와 실패 사례만 자체 구현에 반영","MIT","design-or-test-reference","dbe9aadf8795c89395f09fe2c662b42aba6cc942a5134d14723e2bc83d881c6f"
"application/tasks/survey_annual-checkup-habits/task.toml","ADAPT","구조와 실패 사례만 자체 구현에 반영","MIT","design-or-test-reference","55a95a6bc89064d5692a849cf7de28f002fc9d0b546a7e4cc363a1e0bb511192"
"application/tasks/survey_annual-checkup-habits/tests/test_state.py","ADAPT","구조와 실패 사례만 자체 구현에 반영","MIT","design-or-test-reference","28aa4cae2b59ea660f099bce3ff7d4c60f6ffa28c35d1be0d1e9e6137ceb1e61"
"application/tasks/survey_annual-checkup-habits/tests/test.sh","ADAPT","구조와 실패 사례만 자체 구현에 반영","MIT","design-or-test-reference","038cafe57abc8dfb462adc2d973c3a9a71bf4dae98856f5cd42abb40520cef66"
"application/tasks/survey_annual-checkup-habits/tests/verifier_env.sh","ADAPT","구조와 실패 사례만 자체 구현에 반영","MIT","design-or-test-reference","da415fe92ab46bb484354dbbffab79936888bf8b287f4d32c44dddfdab6c8b95"
"application/tasks/survey_price-sensitivity-hasbro-gaming-candy-land/input/context.md","ADAPT","구조와 실패 사례만 자체 구현에 반영","MIT","design-or-test-reference","b895f066333e4bc8f29d4c593f31a5a31032d1a716917ae3ef9364da1e6a6da1"
"application/tasks/survey_price-sensitivity-hasbro-gaming-candy-land/input/questionnaire.yaml","ADAPT","구조와 실패 사례만 자체 구현에 반영","MIT","design-or-test-reference","6199c3946f076a4d5891cb637f9102f81ce6a4707363a61c36c40e2f5f870cf3"
"application/tasks/survey_price-sensitivity-hasbro-gaming-candy-land/instruction.md","ADAPT","구조와 실패 사례만 자체 구현에 반영","MIT","design-or-test-reference","b11d45295d68c21dd96c823d32ea36610110efb6312c42bbdafd5bb54dd94f08"
"application/tasks/survey_price-sensitivity-hasbro-gaming-candy-land/persona_strategy.json","ADAPT","구조와 실패 사례만 자체 구현에 반영","MIT","design-or-test-reference","150fdafa09e50bf75d9ec6211d6e2d7adde6278ca98e16fe25a2156f718a67ee"
"application/tasks/survey_price-sensitivity-hasbro-gaming-candy-land/README.md","ADAPT","구조와 실패 사례만 자체 구현에 반영","MIT","design-or-test-reference","ad11ea819f766cb583bf15f5b2a3995d1a571882c6fc91413c1a13052bea5158"
"application/tasks/survey_price-sensitivity-hasbro-gaming-candy-land/reporting.json","ADAPT","구조와 실패 사례만 자체 구현에 반영","MIT","design-or-test-reference","fcae1ff430f518f52228912543f81431df1b8d95c0a1385ac8301db736abdb9c"
"application/tasks/survey_price-sensitivity-hasbro-gaming-candy-land/task.toml","ADAPT","구조와 실패 사례만 자체 구현에 반영","MIT","design-or-test-reference","7d775042d064e5ba9ccf84d96b94e5b2b8312ce36bf43bee48df57e17dca6af7"
"application/tasks/survey_price-sensitivity-hasbro-gaming-candy-land/tests/test_state.py","ADAPT","구조와 실패 사례만 자체 구현에 반영","MIT","design-or-test-reference","f7b4c70d172ee21be8101fc0577f92455bc70913328085f63283101ad22b5dd1"
"application/tasks/survey_price-sensitivity-hasbro-gaming-candy-land/tests/test.sh","ADAPT","구조와 실패 사례만 자체 구현에 반영","MIT","design-or-test-reference","038cafe57abc8dfb462adc2d973c3a9a71bf4dae98856f5cd42abb40520cef66"
"application/tasks/survey_price-sensitivity-hasbro-gaming-candy-land/tests/verifier_env.sh","ADAPT","구조와 실패 사례만 자체 구현에 반영","MIT","design-or-test-reference","cf416f6549fa597a704734fb414495ad751f8b222b765070d5f34e20ed0fcf5c"
"application/tasks/web_mit-ocw-course-choice/input/context.md","ADAPT","구조와 실패 사례만 자체 구현에 반영","MIT","design-or-test-reference","f0c90fd78ea7144d821ff30ad9998fe45735ab6f6c0c765362ea0063528c2c87"
"application/tasks/web_mit-ocw-course-choice/input/self_report_schema.yaml","ADAPT","구조와 실패 사례만 자체 구현에 반영","MIT","design-or-test-reference","e7112342becaaa4a820f2ad465b01a4a4120a12a8af302c6a84d02de3edf9e52"
"application/tasks/web_mit-ocw-course-choice/instruction.md","ADAPT","구조와 실패 사례만 자체 구현에 반영","MIT","design-or-test-reference","e5e1b65a8d08db9cd1a34ec5523cd2c44d8c0d652e9fc90d6e72bb866df5644b"
"application/tasks/web_mit-ocw-course-choice/persona_strategy.json","ADAPT","구조와 실패 사례만 자체 구현에 반영","MIT","design-or-test-reference","e2a82325ccac55a7e69d61e558dc5096fbdb0de710eead73705655cbb1345c91"
"application/tasks/web_mit-ocw-course-choice/README.md","ADAPT","구조와 실패 사례만 자체 구현에 반영","MIT","design-or-test-reference","a8479a3bae718b0343fd8feb87c295fb20214447ab1ea455e28f9f37bbd76c66"
"application/tasks/web_mit-ocw-course-choice/reporting.json","ADAPT","구조와 실패 사례만 자체 구현에 반영","MIT","design-or-test-reference","5dc698808081ebd94476d9d35814480830d5441d2c57025450937a732527837a"
"application/tasks/web_mit-ocw-course-choice/solution/solve.sh","ADAPT","구조와 실패 사례만 자체 구현에 반영","MIT","design-or-test-reference","a666823556e6cb9a416c62085a2ceb33f6d90b81cc44f32d8c851abb7bddce4b"
"application/tasks/web_mit-ocw-course-choice/task.toml","ADAPT","구조와 실패 사례만 자체 구현에 반영","MIT","design-or-test-reference","b3508b0e3b517d5131d657dc23b639e7c45e4acab2055e4f2e5c0111018e7482"
"application/tasks/web_mit-ocw-course-choice/tests/test_state.py","ADAPT","구조와 실패 사례만 자체 구현에 반영","MIT","design-or-test-reference","b26c5232427c5214a746cbe0904aace53d8a21dc5545e20a8ebb4fb47a1b20d7"
"application/tasks/web_mit-ocw-course-choice/tests/test.sh","ADAPT","구조와 실패 사례만 자체 구현에 반영","MIT","design-or-test-reference","a3a982452ada9c1efbc830aa01adc156aefb71ecd43b3f935ef26b9367bd6236"
"application/tasks/web_mit-ocw-course-choice/tests/verifier_env.sh","ADAPT","구조와 실패 사례만 자체 구현에 반영","MIT","design-or-test-reference","cf416f6549fa597a704734fb414495ad751f8b222b765070d5f34e20ed0fcf5c"
"application/tasks/web_notion-plan-comparison/input/context.md","ADAPT","구조와 실패 사례만 자체 구현에 반영","MIT","design-or-test-reference","1dd9286c33445980824294af4473f14d956076668118ff25d3e64aeb034a1f36"
"application/tasks/web_notion-plan-comparison/input/self_report_schema.yaml","ADAPT","구조와 실패 사례만 자체 구현에 반영","MIT","design-or-test-reference","dc5ae57af81ad7dfb063aac22559bacaa4ce1e0ebbc718a96ba3df26d2d97446"
"application/tasks/web_notion-plan-comparison/instruction.md","ADAPT","구조와 실패 사례만 자체 구현에 반영","MIT","design-or-test-reference","22aae62464f44c393fa877ff7f384a04289f7acda18813ab257cc05e22328205"
"application/tasks/web_notion-plan-comparison/persona_strategy.json","ADAPT","구조와 실패 사례만 자체 구현에 반영","MIT","design-or-test-reference","7ab5bd1a6a4446483e1d680defea5c2d113aa2d67859691ccd7359b1d33b4bb2"
"application/tasks/web_notion-plan-comparison/README.md","ADAPT","구조와 실패 사례만 자체 구현에 반영","MIT","design-or-test-reference","9e7109d4200ef5432cefaeb63f848c5052c572f7414e9f68c9e9443b08185725"
"application/tasks/web_notion-plan-comparison/reporting.json","ADAPT","구조와 실패 사례만 자체 구현에 반영","MIT","design-or-test-reference","a6c412fc8dae2c8ca907dd6d95b007bc5392b608ba90182b0f480e43d5048b07"
"application/tasks/web_notion-plan-comparison/solution/solve.sh","ADAPT","구조와 실패 사례만 자체 구현에 반영","MIT","design-or-test-reference","3cc2a4fcf0cbadcd7155167867387803469f885dfcf9f52236ee52775bfe2c60"
"application/tasks/web_notion-plan-comparison/task.toml","ADAPT","구조와 실패 사례만 자체 구현에 반영","MIT","design-or-test-reference","d3482942f4b4659962f8f064b442b02f5f6cd4c70c2aafc9f817eedaaacbc1e8"
"application/tasks/web_notion-plan-comparison/tests/test_state.py","ADAPT","구조와 실패 사례만 자체 구현에 반영","MIT","design-or-test-reference","122916e38f573cb7f7fad52b299519eb9083ab21f84703e1692eedd5143d9e7e"
"application/tasks/web_notion-plan-comparison/tests/test.sh","ADAPT","구조와 실패 사례만 자체 구현에 반영","MIT","design-or-test-reference","a3a982452ada9c1efbc830aa01adc156aefb71ecd43b3f935ef26b9367bd6236"
"application/tasks/web_notion-plan-comparison/tests/verifier_env.sh","ADAPT","구조와 실패 사례만 자체 구현에 반영","MIT","design-or-test-reference","cf416f6549fa597a704734fb414495ad751f8b222b765070d5f34e20ed0fcf5c"
"apps/.DS_Store","IGNORE","Phase 0~2의 제품 계약에 필요하지 않음","MIT","none","ec86624b42836a1d353a4b32257fbfbd91b769b2bb242108cddce10357bccf6a"
"apps/viewer/.gitignore","IGNORE","기존 UI와 Playground runtime은 초기 범위 밖","MIT","none","e380793ba85efe8fc372e426c82c3cf330933f3a353251feeb4fdf25e2e4c361"
"apps/viewer/.node-version","IGNORE","기존 UI와 Playground runtime은 초기 범위 밖","MIT","none","d163649b204e0ea27669c9feccac0c6b82a8263cef38b745f0383fdb6530abe0"
"apps/viewer/.nvmrc","IGNORE","기존 UI와 Playground runtime은 초기 범위 밖","MIT","none","d163649b204e0ea27669c9feccac0c6b82a8263cef38b745f0383fdb6530abe0"
"apps/viewer/app/app.css","IGNORE","기존 UI와 Playground runtime은 초기 범위 밖","MIT","none","140b9d0175fe3523aab70325efb9bfde7431a0ea181a68e97c446e840ce31aa7"
"apps/viewer/app/components/data-table-toolbar.tsx","IGNORE","기존 UI와 Playground runtime은 초기 범위 밖","MIT","none","308d6d73368598b686d6f460a25cb5eedb6da71ee9f547fa6346ba5d6ec6e08a"
"apps/viewer/app/components/navbar.tsx","IGNORE","기존 UI와 Playground runtime은 초기 범위 밖","MIT","none","a7f2d1aea8580847157d38cff895335c74f281d0ba85439f9814408f3225dcea"
"apps/viewer/app/components/page-header.tsx","IGNORE","기존 UI와 Playground runtime은 초기 범위 밖","MIT","none","e2d7c657f46fb0717dc270896dc8192792403e85d1bc6f8221172eb22125195a"
"apps/viewer/app/components/task-chat.tsx","IGNORE","기존 UI와 Playground runtime은 초기 범위 밖","MIT","none","62e155019299d257d670d754d60f77017a485f714a6eee7cb930b261a53c8df8"
"apps/viewer/app/components/trajectory/content-renderer.tsx","IGNORE","기존 UI와 Playground runtime은 초기 범위 밖","MIT","none","52ac80130fd313d52601e5060b0b9e06cf89e7dd3e80aad1dcf2080d45707f3e"
"apps/viewer/app/components/truncated-breadcrumb.tsx","IGNORE","기존 UI와 Playground runtime은 초기 범위 밖","MIT","none","e73ae41376c43d22ee81ead37a576d1e26857f706fc12433e8cb89b21de1c211"
"apps/viewer/app/components/truncated-header-item.tsx","IGNORE","기존 UI와 Playground runtime은 초기 범위 밖","MIT","none","6baa6e5bea7bcd7d7ae40464dec4652c954b7aa6de8cf1c4fdf6f74704b7d457"
"apps/viewer/app/components/ui/accordion.tsx","IGNORE","기존 UI와 Playground runtime은 초기 범위 밖","MIT","none","5e48db765846178f883df4e2fc6053a7e6ade1f9e3daf94a3d7e18cd33bc109c"
"apps/viewer/app/components/ui/badge.tsx","IGNORE","기존 UI와 Playground runtime은 초기 범위 밖","MIT","none","43feb3255273695c791674158dccd756dc0627d929691779ae5e686bc0e90a78"
"apps/viewer/app/components/ui/breadcrumb.tsx","IGNORE","기존 UI와 Playground runtime은 초기 범위 밖","MIT","none","de78ada1f7788c89199e2191600055d72b7319da2979bba0ca1db2085ab50c6a"
"apps/viewer/app/components/ui/button.tsx","IGNORE","기존 UI와 Playground runtime은 초기 범위 밖","MIT","none","013ca2d328c0d04aa174bf2604be306f0888f6c584a4b714a1c2c68d1e7eae96"
"apps/viewer/app/components/ui/card.tsx","IGNORE","기존 UI와 Playground runtime은 초기 범위 밖","MIT","none","c1e6e89e1bc2a29dfe9ec326977055e6e6745756f05c08f3033c58df5be2e203"
"apps/viewer/app/components/ui/checkbox.tsx","IGNORE","기존 UI와 Playground runtime은 초기 범위 밖","MIT","none","13749d740e719cd77b471788d6155747afa29c00b26491d842f4374d8973990d"
"apps/viewer/app/components/ui/code-block.tsx","IGNORE","기존 UI와 Playground runtime은 초기 범위 밖","MIT","none","c84898a9337fcc6176c1937f84fceaa2ca04bd8e25ab0b3cf4259148e9a13da2"
"apps/viewer/app/components/ui/collapsible.tsx","IGNORE","기존 UI와 Playground runtime은 초기 범위 밖","MIT","none","661444318605c90d19e47e4d21289a68b4c5f7f01782be70dafa80d3f7a4cd08"
"apps/viewer/app/components/ui/combobox.tsx","IGNORE","기존 UI와 Playground runtime은 초기 범위 밖","MIT","none","0039e0c7a3b155004d132305c54189b05a1e8a958ad519e94cbd3b930b9d96ea"
"apps/viewer/app/components/ui/command.tsx","IGNORE","기존 UI와 Playground runtime은 초기 범위 밖","MIT","none","7aa225fb06db343ddce6bbeed8cee85c721954f42037f67d0729bcde1ad112bd"
"apps/viewer/app/components/ui/copy-button.tsx","IGNORE","기존 UI와 Playground runtime은 초기 범위 밖","MIT","none","d8e854fc5305909261210ce3fc532382a6734aef61cf301951245e5719ec57e0"
"apps/viewer/app/components/ui/data-table.tsx","IGNORE","기존 UI와 Playground runtime은 초기 범위 밖","MIT","none","3c4b9965ad18629892d0c0ae2af5bc5114a42427b7e7400653d1674f83d891a7"
"apps/viewer/app/components/ui/dialog.tsx","IGNORE","기존 UI와 Playground runtime은 초기 범위 밖","MIT","none","666ca4f112dc037cdbe8cd07f3ffb4dbcb0fc18dd4d2eafa45acc1a25e7ec25a"
"apps/viewer/app/components/ui/empty.tsx","IGNORE","기존 UI와 Playground runtime은 초기 범위 밖","MIT","none","9137c83b460dd51c7017000b3610e2f4d2f5a49c97293caa8a54be58f0366ef9"
"apps/viewer/app/components/ui/hover-card.tsx","IGNORE","기존 UI와 Playground runtime은 초기 범위 밖","MIT","none","440904a35cbe56c1e2d4062f97761b3ccba9850c0fc1fdcc590be8c35e90be04"
"apps/viewer/app/components/ui/input.tsx","IGNORE","기존 UI와 Playground runtime은 초기 범위 밖","MIT","none","f10d915d0346eb568b7ee46b0202caf225ae4b118b0ae334c12b31684fc0815b"
"apps/viewer/app/components/ui/kbd.tsx","IGNORE","기존 UI와 Playground runtime은 초기 범위 밖","MIT","none","e46d81731db3bb1ea21c032d99b3139ed5dbcf4cef1f7be2edb872dd515d4405"
"apps/viewer/app/components/ui/label.tsx","IGNORE","기존 UI와 Playground runtime은 초기 범위 밖","MIT","none","b409c5ccba77c8ad024cc1b2d53e797139685412e4954a53dc003384c9a920bd"
"apps/viewer/app/components/ui/loading-dots.tsx","IGNORE","기존 UI와 Playground runtime은 초기 범위 밖","MIT","none","6d09decb752844ec7a00a2abd046e8bea9559be1655d7cdfff9235b58eb88443"
"apps/viewer/app/components/ui/markdown.tsx","IGNORE","기존 UI와 Playground runtime은 초기 범위 밖","MIT","none","0fa6bd077cd38f6836f982a0794cc5ba8f235f430c947d0d2ebc4d2d3f245171"
"apps/viewer/app/components/ui/pagination.tsx","IGNORE","기존 UI와 Playground runtime은 초기 범위 밖","MIT","none","7968cccade3df45059e68899e772a59c876eb061c7c69bc1ec34002d1fbfb19f"
"apps/viewer/app/components/ui/popover.tsx","IGNORE","기존 UI와 Playground runtime은 초기 범위 밖","MIT","none","698089c961e42b2f53311554a5d381bf8f98d1f777f3acbd2fda214d58a2ca90"
"apps/viewer/app/components/ui/resizable.tsx","IGNORE","기존 UI와 Playground runtime은 초기 범위 밖","MIT","none","d4c3297a4ac1b311119fc63ada6890830cbf9b56de7fe95f2d4164c18eb604ee"
"apps/viewer/app/components/ui/scroll-area.tsx","IGNORE","기존 UI와 Playground runtime은 초기 범위 밖","MIT","none","d96391c8ec4a3d638c1e22ab337fad1430aa3153fb6da18d26c6c1d7714d3223"
"apps/viewer/app/components/ui/select.tsx","IGNORE","기존 UI와 Playground runtime은 초기 범위 밖","MIT","none","99d7c4dbc9789cb1536a9caed62d6c1bd12b4e8f43334bc8fa3b5aa79d0dad2d"
"apps/viewer/app/components/ui/spinner.tsx","IGNORE","기존 UI와 Playground runtime은 초기 범위 밖","MIT","none","ec60a5efc884b3418047a1e72523f6762694e51693b34516bcafb18725327312"
"apps/viewer/app/components/ui/table.tsx","IGNORE","기존 UI와 Playground runtime은 초기 범위 밖","MIT","none","7e4455a8476e98d0ec7e818b6e255dab69305dc2712dd330cfe7d5cf2008138d"
"apps/viewer/app/components/ui/tabs.tsx","IGNORE","기존 UI와 Playground runtime은 초기 범위 밖","MIT","none","25ffb69f4446ccff8edb4ef0e8b9e7da3e0a7f322a7a25693ec7bcea4eb0d42b"
"apps/viewer/app/components/ui/textarea.tsx","IGNORE","기존 UI와 Playground runtime은 초기 범위 밖","MIT","none","7d4a4c9313b46edca6ad091468225a72371595220c626409f94cdd93e1fbc2f8"
"apps/viewer/app/components/ui/tooltip.tsx","IGNORE","기존 UI와 Playground runtime은 초기 범위 밖","MIT","none","7782b766c4dfc1db497202cc762314a38b7c2c0f4dff35548400d53e810261cd"
"apps/viewer/app/lib/api.ts","IGNORE","기존 UI와 Playground runtime은 초기 범위 밖","MIT","none","10427fac49210e0bdc74559f8fcd457faeb6d7d78cb0b17e5859f05937f978f8"
"apps/viewer/app/lib/highlighter.tsx","IGNORE","기존 UI와 Playground runtime은 초기 범위 밖","MIT","none","2fe9ef13dc1cc9e82c3a9bbbe5d86d9497f5a290936933e2c7abac31f2146731"
"apps/viewer/app/lib/hooks.ts","IGNORE","기존 UI와 Playground runtime은 초기 범위 밖","MIT","none","7c04d568c230a8e1ff850bcf456adbf37d9ad1a43f074b756a70d8e3ce8f59a2"
"apps/viewer/app/lib/types.ts","IGNORE","기존 UI와 Playground runtime은 초기 범위 밖","MIT","none","69dcfff7b2da4c12b39d9e1e4800317bf3c59ba034a5d7684bbb7404005cdd75"
"apps/viewer/app/lib/utils.ts","IGNORE","기존 UI와 Playground runtime은 초기 범위 밖","MIT","none","7c8c3dfc0cdd370d44932828eb067ef771c8fe7996693221d5d4b90af6d54f2d"
"apps/viewer/app/root.tsx","IGNORE","기존 UI와 Playground runtime은 초기 범위 밖","MIT","none","3be973a178e1bf4cae55c794950b1420f381ea49dba9b3bf02b1601aa225c51e"
"apps/viewer/app/routes/compare.tsx","IGNORE","기존 UI와 Playground runtime은 초기 범위 밖","MIT","none","bc0305a5489e300b5d02a173011ab1cc0862262684226ce8526058210132ff93"
"apps/viewer/app/routes/home.tsx","IGNORE","기존 UI와 Playground runtime은 초기 범위 밖","MIT","none","24d89d792415d53167915da188a644268f52422430fd3256e08a319cb4f2231a"
"apps/viewer/app/routes/job.tsx","IGNORE","기존 UI와 Playground runtime은 초기 범위 밖","MIT","none","8785a8e1d4a0284c4ecd5e1bf97fb15c6fae80108e04edb82c904413935cc9cf"
"apps/viewer/app/routes/task-definition.tsx","IGNORE","기존 UI와 Playground runtime은 초기 범위 밖","MIT","none","b404d39586f3617fdd337ea7e84c88f4a1bb90fe919445ddf4d3c80d29e5c785"
"apps/viewer/app/routes/task-definitions.tsx","IGNORE","기존 UI와 Playground runtime은 초기 범위 밖","MIT","none","61e2b363c394a33e952cd80c49080bd970e93a9abbe3e4cd93c5d27e2593ddb8"
"apps/viewer/app/routes/task.tsx","IGNORE","기존 UI와 Playground runtime은 초기 범위 밖","MIT","none","8d61d7b811acf472eb6279ba37a29cdfb0759678c92a21b9b01cee4875d0f3ac"
"apps/viewer/app/routes/trial.tsx","IGNORE","기존 UI와 Playground runtime은 초기 범위 밖","MIT","none","e65d3289297914ad6b9ad1547df8701494c955f4c7b0218ed5384f3dbd120f2b"
"apps/viewer/app/routes.ts","IGNORE","기존 UI와 Playground runtime은 초기 범위 밖","MIT","none","cf28fe532ccee6c79181149d6487cd63c7085138adb54040eb755abf8323fd5f"
"apps/viewer/components.json","IGNORE","기존 UI와 Playground runtime은 초기 범위 밖","MIT","none","5de3154193e6f4bc3cfafd7a820605829b3a473821c6f6d4e12dd00a8290745b"
"apps/viewer/package-lock.json","IGNORE","기존 UI와 Playground runtime은 초기 범위 밖","MIT","none","9da4bc0df7b763f48feb50c9e792a389595201ada41c610fb28fb9c1ab95f0f7"
"apps/viewer/package.json","IGNORE","기존 UI와 Playground runtime은 초기 범위 밖","MIT","none","ed6b0c9f0bd672dc89b5c893e2367252aa6201420cdf025d7a0f341adcf91f9c"
"apps/viewer/public/favicon.ico","IGNORE","기존 UI와 Playground runtime은 초기 범위 밖","MIT","none","7758780c9a56645aa7e509e8d6719bfc8495575fd78430bcdb90ec2089257ea7"
"apps/viewer/public/fonts/GoogleSansCode-VariableFont_wght.ttf","IGNORE","기존 UI와 Playground runtime은 초기 범위 밖","MIT","none","88be64849506a7a70a57668a8d580c999718bdac0a85a59ff47e1ab2173f77b4"
"apps/viewer/react-router.config.ts","IGNORE","기존 UI와 Playground runtime은 초기 범위 밖","MIT","none","f69447def7b05865699659f5212531152ce19b8acb4bae2f6ed400066d993766"
"apps/viewer/README.md","IGNORE","기존 UI와 Playground runtime은 초기 범위 밖","MIT","none","fc4e40750695e649ecaf81a6644ffd7387353646b7d1dd8dc89e7452977682f1"
"apps/viewer/tsconfig.json","IGNORE","기존 UI와 Playground runtime은 초기 범위 밖","MIT","none","3bd0eebed53134457845b088d0a857d2715e962c8046f28b35e02ef44e7a8de5"
"apps/viewer/vite.config.ts","IGNORE","기존 UI와 Playground runtime은 초기 범위 밖","MIT","none","5f9b4767cf7dea722b7c73735d693ce8cf76941a98b6936fe0d2b815803e4379"
"configs/.DS_Store","IGNORE","Harbor·Docker·computer-use 실행 환경은 초기 범위 밖","MIT","none","2cd1f4ffca836369dc47a33f68fd820c267f5406c0c89aee9b1be1138782d5d0"
"configs/jobs/application-task-job-recipe/appSim-example-survey-product-feedback-random-n4.meta.json","IGNORE","Harbor·Docker·computer-use 실행 환경은 초기 범위 밖","MIT","none","17b23faf18899ce27d678fc12e663d34520edf36cc53256ab52aa7bd86aa4738"
"configs/jobs/application-task-job-recipe/appSim-example-survey-product-feedback-random-n4.yaml","IGNORE","Harbor·Docker·computer-use 실행 환경은 초기 범위 밖","MIT","none","617d80f23572bdc18de29dfe5a6a801b1e9b25093a4a9e745d8b5e1ea546b34b"
"configs/jobs/example-job-recipe/appSim-example-chat-local.yaml","IGNORE","Harbor·Docker·computer-use 실행 환경은 초기 범위 밖","MIT","none","bca84f647b0ca1b49d6d1438deae7e94c27527146bdf2d130acfe436ebc74fe8"
"configs/jobs/example-job-recipe/appSim-example-computer-use-ios-local.yaml","IGNORE","Harbor·Docker·computer-use 실행 환경은 초기 범위 밖","MIT","none","82ec78004eeac0bd2fffbd54c30b427157acfcce7ab90f022d56d8c300c1a50a"
"configs/jobs/example-job-recipe/appSim-example-computer-use-linux-local.yaml","IGNORE","Harbor·Docker·computer-use 실행 환경은 초기 범위 밖","MIT","none","b696c3840f7ca81d4c84a2fd5237617819d7941ede14757a6ff15a472c27e049"
"configs/jobs/example-job-recipe/appSim-example-computer-use-macos-local.yaml","IGNORE","Harbor·Docker·computer-use 실행 환경은 초기 범위 밖","MIT","none","aeb672c2e3478368aa47c3d068d252260ab3e9720451e7bc39e226d61798aebe"
"configs/jobs/example-job-recipe/appSim-example-debug-local.yaml","IGNORE","Harbor·Docker·computer-use 실행 환경은 초기 범위 밖","MIT","none","d9923fdccd737919153ef4389b2b3032ef1dc5018ad851fce13fa96ad8d055e7"
"configs/jobs/example-job-recipe/appSim-example-survey-local.yaml","IGNORE","Harbor·Docker·computer-use 실행 환경은 초기 범위 밖","MIT","none","00063da3879e215c34d224d343386d104c80b3cb874eb739c33102b567ecb38c"
"configs/jobs/example-job-recipe/appSim-example-web-browser-use-local.yaml","IGNORE","Harbor·Docker·computer-use 실행 환경은 초기 범위 밖","MIT","none","bed5ce3bcb5e09ac4039ad9ed9ff7ab3549566e1b189d99917799d2bc12893a3"
"configs/jobs/example-job-recipe/appSim-example-web-cocoa-local.yaml","IGNORE","Harbor·Docker·computer-use 실행 환경은 초기 범위 밖","MIT","none","52ab1b9c19f73e57429088b6eba66999ee627628dffc50e8effc73e51104198a"
"configs/jobs/example-job-recipe/appSim-example-web-linux-cua-local.yaml","IGNORE","Harbor·Docker·computer-use 실행 환경은 초기 범위 밖","MIT","none","5d644943dd3da7f9ef2cc840f6197636350739a2a2bfb9f727877ce5af193656"
"configs/jobs/example-job-recipe/appSim-example-web-playwright-local.yaml","IGNORE","Harbor·Docker·computer-use 실행 환경은 초기 범위 밖","MIT","none","d7c6c4cc45dfb89ba95e729b3b0086265561e0f08b0c745d11955503da4b6c78"
"configs/jobs/example-job-recipe/harbor-smoke-local.yaml","IGNORE","Harbor·Docker·computer-use 실행 환경은 초기 범위 밖","MIT","none","167e9d30646e15edc710a5d8bd01454c13b07c6ef0bc2f428bd330a1175508af"
"docs/.DS_Store","IGNORE","Phase 0~2의 제품 계약에 필요하지 않음","MIT","none","8f1528a69109e91513f786fbb9314c24c2272ab1017ed663db3c23cd0f1c41f2"
"docs/application/playground-api.md","ADAPT","구조와 실패 사례만 자체 구현에 반영","MIT","design-or-test-reference","1c1dad5b87c2a2c45109cba5608caf06a9a039bcbb85b90b6063487300baf0d3"
"docs/application/README.md","ADAPT","구조와 실패 사례만 자체 구현에 반영","MIT","design-or-test-reference","5e0227012a83fda92dc145acc4b24dd55a83d919bc3d7bb98f2d225163e845b9"
"docs/application/task-guide.md","ADAPT","구조와 실패 사례만 자체 구현에 반영","MIT","design-or-test-reference","2caa6daed86e2a36b05707c8503905af3604ca85031fa45f66e0eebee4f20cb4"
"docs/assets/matraix-architecture.png","IGNORE","Phase 0~2의 제품 계약에 필요하지 않음","MIT","none","f6139a25572e7a82a92152a3f9ff046b18192dc939b86dca10e2d64462e5d1b6"
"docs/configuration.md","IGNORE","Phase 0~2의 제품 계약에 필요하지 않음","MIT","none","67141b28e75ce3edc04acac0d910fdeb189ac239ab611f62bd0ec96016c0ecc0"
"docs/environment/agents.md","IGNORE","Phase 0~2의 제품 계약에 필요하지 않음","MIT","none","8846ee934eeed79ff5d2b70fd66d968390b1cce051476a9dfade2116df79619b"
"docs/environment/large-scale-runs.md","IGNORE","Phase 0~2의 제품 계약에 필요하지 않음","MIT","none","c4b9de7fe62bcbae5f5a46168d5d231833361bf566743e78894239255a7c47c2"
"docs/environment/README.md","IGNORE","Phase 0~2의 제품 계약에 필요하지 않음","MIT","none","cec675d33ddf8fe2443760653bfd7a0d8e3d7e19db76e7757b9fe242487ec8bd"
"docs/environment/runtime.md","IGNORE","Phase 0~2의 제품 계약에 필요하지 않음","MIT","none","f84a94d01c22c3b73a68978969fd656d53b59cd1f57dd97b6abc6a9f165368ae"
"docs/environment/web-interaction.md","IGNORE","Phase 0~2의 제품 계약에 필요하지 않음","MIT","none","26b67dd37b976fb7b3e009ebc09ec8b628b1cceda00d6150fb5659adeddc0745"
"docs/i18n/README.es.md","IGNORE","Phase 0~2의 제품 계약에 필요하지 않음","MIT","none","4d31e2bd2c6a4b21d5a82356b16eb55b14c7141769dba3da7cac8281de78103a"
"docs/i18n/README.ja.md","IGNORE","Phase 0~2의 제품 계약에 필요하지 않음","MIT","none","42e299094efc8931efda6e80f5f1258c5187775b7aa4a89a1dd2fbcb898b545e"
"docs/i18n/README.ko.md","IGNORE","Phase 0~2의 제품 계약에 필요하지 않음","MIT","none","1fa03ab93a5057c5efc91fdc269af08160209cd50fd3fc25c5195af04b2c9ae4"
"docs/i18n/README.pt-BR.md","IGNORE","Phase 0~2의 제품 계약에 필요하지 않음","MIT","none","816af304a170e38d085386c1eb73e8116984fbcc4994c33176e7b7476a0518a8"
"docs/i18n/README.zh-CN.md","IGNORE","Phase 0~2의 제품 계약에 필요하지 않음","MIT","none","ca243e73163bd70baa42e1387da7b4097c694dd97abeeae21adf154bfc86ad01"
"docs/i18n/README.zh-TW.md","IGNORE","Phase 0~2의 제품 계약에 필요하지 않음","MIT","none","f3f5505d257e441be8673f4caca993acb0700368ba9135defc2c1d1ac551c1bf"
"docs/packages.md","IGNORE","Phase 0~2의 제품 계약에 필요하지 않음","MIT","none","32028e4293b46451848f8e1013472d4422056a2e0c540f5a8fe07a0177e8fe68"
"docs/persona/pipeline.md","ADAPT","구조와 실패 사례만 자체 구현에 반영","MIT","design-or-test-reference","16b065aed739d576c1a93ca2585d595e9b0c5b13bc20469f55029ebb4377634c"
"docs/persona/README.md","ADAPT","구조와 실패 사례만 자체 구현에 반영","MIT","design-or-test-reference","37c84a9e5014ba949bddbb26fbec769732e99be41152aa031c7f2756026b670f"
"docs/persona/validation.md","ADAPT","구조와 실패 사례만 자체 구현에 반영","MIT","design-or-test-reference","e07b91a29facc044a30b06dbd8097633650c4ca3e9de75e28391ad6018f09b7e"
"docs/quickstart.md","IGNORE","Phase 0~2의 제품 계약에 필요하지 않음","MIT","none","4c9714873dcb5845eb11acc6e299d9b3d2f5d801c086caad048f5d880c43348e"
"docs/README.md","IGNORE","Phase 0~2의 제품 계약에 필요하지 않음","MIT","none","aac60226784ca87475b042088a18c5a65661c5370371147d710060943eb5aa7a"
"environment/__init__.py","IGNORE","Harbor·Docker·computer-use 실행 환경은 초기 범위 밖","MIT","none","ee70e2ca6555fde20c402c936e75a6fa9c79688b3f095cca3cc15d62c1388ab2"
"environment/.DS_Store","IGNORE","Harbor·Docker·computer-use 실행 환경은 초기 범위 밖","MIT","none","76e7308b654c6bd56924b4b5e6552cc5ac5699263f3e83e6af62bb3d26c8d591"
"environment/agents/.DS_Store","IGNORE","Harbor·Docker·computer-use 실행 환경은 초기 범위 밖","MIT","none","43452eee7bdc59ec0d69902b5ab35b5f75ef0a44d916413af56ece985721b925"
"environment/agents/matraix/.DS_Store","IGNORE","Harbor·Docker·computer-use 실행 환경은 초기 범위 밖","MIT","none","0f3644edf8faed9327c7f1216b17462a8e85248e06fe58a2e69ea9aef63a8976"
"environment/agents/matraix/agents/__init__.py","IGNORE","Harbor·Docker·computer-use 실행 환경은 초기 범위 밖","MIT","none","ba67957aa423b55b17a5b93b0993d3fd35aed5575b549abf3da906c8dfd31b0a"
"environment/agents/matraix/agents/.DS_Store","IGNORE","Harbor·Docker·computer-use 실행 환경은 초기 범위 밖","MIT","none","a4bc155022252f6c541bd3902c5e069c6760dbf2e3fba5e308cbefa3a872764c"
"environment/agents/matraix/agents/installed/__init__.py","IGNORE","Harbor·Docker·computer-use 실행 환경은 초기 범위 밖","MIT","none","2287548ebb1f7c1bbbf276992e54335abc311d185759a03dedf7895f5c9f90b4"
"environment/agents/matraix/agents/installed/browser_use_runner.py","IGNORE","Harbor·Docker·computer-use 실행 환경은 초기 범위 밖","MIT","none","0bf1e767244e5f626a0294a9e3b3dc0cefb113a4c363546e8ec7bd0fd0db66ac"
"environment/agents/matraix/agents/installed/browser_use.py","IGNORE","Harbor·Docker·computer-use 실행 환경은 초기 범위 밖","MIT","none","06d416d52bb38be18e69515ba3904d2bd38be5dc42c1007dda1418eb018c7695"
"environment/agents/matraix/agents/installed/cocoa_runner.py","IGNORE","Harbor·Docker·computer-use 실행 환경은 초기 범위 밖","MIT","none","5327c32f89986a04e86d4c118eb68f1e6fc1938054dd1d3a3da078c40109d591"
"environment/agents/matraix/agents/installed/cocoa.py","IGNORE","Harbor·Docker·computer-use 실행 환경은 초기 범위 밖","MIT","none","76f6bf41e5fae3067eaa02dcc588077999017ba1417bb5c0c934dbb61ea84da9"
"environment/agents/matraix/agents/persona/__init__.py","IGNORE","Harbor·Docker·computer-use 실행 환경은 초기 범위 밖","MIT","none","adefc6c4d1359f94563484fabe884d13cf646b00d83a41f4aea5e4a89949aeb9"
"environment/agents/matraix/agents/persona/.DS_Store","IGNORE","Harbor·Docker·computer-use 실행 환경은 초기 범위 밖","MIT","none","818b4f8fbb2d6396a980342423a70338bdd4861f0a513c64d8f889a17486371e"
"environment/agents/matraix/agents/persona/browser_use.py","IGNORE","Harbor·Docker·computer-use 실행 환경은 초기 범위 밖","MIT","none","e260709b9fa8f3882fbadd3894158d72aed6911ddf20a172924e2539c8d28eb8"
"environment/agents/matraix/agents/persona/claude_code.py","IGNORE","Harbor·Docker·computer-use 실행 환경은 초기 범위 밖","MIT","none","3d321cc1302c23fb4066cc0d9d6c18afb6b0088bbd1c910c5179f51b34a5df18"
"environment/agents/matraix/agents/persona/cocoa.py","IGNORE","Harbor·Docker·computer-use 실행 환경은 초기 범위 밖","MIT","none","7eaa1a21a0b78e8692d6c08a75da4e6f07a24c72a37abb977ad8a3f8a8201def"
"environment/agents/matraix/agents/persona/codex.py","IGNORE","Harbor·Docker·computer-use 실행 환경은 초기 범위 밖","MIT","none","db17c07105537ae697ae31dd28db5c33e2917bf226cae0658182294314b1b65f"
"environment/agents/matraix/agents/persona/computer_1.py","IGNORE","Harbor·Docker·computer-use 실행 환경은 초기 범위 밖","MIT","none","accbc958e1cc4af2e7995a146cdc33b89fe4a603f5d209360f8ea2dbbe0a2bd2"
"environment/agents/matraix/agents/persona/cua_submission.py","IGNORE","Harbor·Docker·computer-use 실행 환경은 초기 범위 밖","MIT","none","a02d1d981281bfbcc570639a18839095aee34c93cf89e2fa5e6844a6a8d85bed"
"environment/agents/matraix/agents/persona/gemini_cli.py","IGNORE","Harbor·Docker·computer-use 실행 환경은 초기 범위 밖","MIT","none","273333a54e7ef6d557e778a66928748fcd1d464ceb17acb78996a62a7c3f32fd"
"environment/agents/matraix/agents/persona/ios_submission.py","IGNORE","Harbor·Docker·computer-use 실행 환경은 초기 범위 밖","MIT","none","e1cd0f397d0f2be328bbcf1ce4592086f0ee48251e5cb0cd688d5e7fdf11c883"
"environment/agents/matraix/agents/persona/json_survey.py","IGNORE","Harbor·Docker·computer-use 실행 환경은 초기 범위 밖","MIT","none","6d3b3b0c0b7ba4e155f44afc258bf454727e6c3c08e00201aae6ac4a07c20711"
"environment/agents/matraix/agents/persona/loader.py","IGNORE","Harbor·Docker·computer-use 실행 환경은 초기 범위 밖","MIT","none","2cb3a70b9d00370038e3499e530fb3a26178d61d645c85bc4b9aceec306267bd"
"environment/agents/matraix/agents/persona/mixin.py","IGNORE","Harbor·Docker·computer-use 실행 환경은 초기 범위 밖","MIT","none","828e889eec0e9fdb51e318783d82f8fee155284eb9745e30cc3957b9466d6e84"
"environment/agents/matraix/agents/persona/openhands_sdk.py","IGNORE","Harbor·Docker·computer-use 실행 환경은 초기 범위 밖","MIT","none","0a51a7c95e374ae72d5e47132e73121edfb1896380ecf470b08aebfa04ef5a36"
"environment/agents/matraix/agents/persona/templates/persona_instruction.md.j2","IGNORE","Harbor·Docker·computer-use 실행 환경은 초기 범위 밖","MIT","none","f46ecdf99c6c17d812433d9c77861a7dd4516b0cca9241a40ce57de95de18892"
"environment/agents/matraix/agents/persona/templates/persona_macros.md.j2","IGNORE","Harbor·Docker·computer-use 실행 환경은 초기 범위 밖","MIT","none","076a8bf54ce5eb62b2cb8bdf0f382b7320d6022b3f9d7ea7303eb02316cd5175"
"environment/agents/matraix/agents/persona/templates/persona_system.md.j2","IGNORE","Harbor·Docker·computer-use 실행 환경은 초기 범위 밖","MIT","none","96d0fe35d8e58b53940c8559bc730601f52778bae281379834832da865dd2321"
"environment/agents/matraix/agents/persona/templating.py","IGNORE","Harbor·Docker·computer-use 실행 환경은 초기 범위 밖","MIT","none","6a442d5890a6d0f4325a645e94b975a1e74f9c993e7bb9317c13dffe017e6f5c"
"environment/agents/matraix/agents/persona/use_computer_cua_protocol.py","IGNORE","Harbor·Docker·computer-use 실행 환경은 초기 범위 밖","MIT","none","1bc1178d9daf09dd23af3876a458aa73ea1ed507f8ae7741af54b4eda5015948"
"environment/agents/matraix/agents/persona/user_sim.py","IGNORE","Harbor·Docker·computer-use 실행 환경은 초기 범위 밖","MIT","none","ffa52a0e36477b34743bd977c6488186bd8b2d451a4a7edb7417926d53f5e845"
"environment/docker-snippets/install-claude-code.sh","IGNORE","Harbor·Docker·computer-use 실행 환경은 초기 범위 밖","MIT","none","95bc7f2565d4c7880afffa5dd50be14b010fdc929a76836237b4b6a7f6e800ae"
"environment/runtime/harbor/__init__.py","IGNORE","Harbor·Docker·computer-use 실행 환경은 초기 범위 밖","MIT","none","fa1d689e87f7763172986131a944296ab7a4d661ae42c0b33505b39b697caee7"
"environment/runtime/harbor/agents/base.py","IGNORE","Harbor·Docker·computer-use 실행 환경은 초기 범위 밖","MIT","none","73b00b88b0569ad64b31f49273dd3f89a45cff4f51ba2aad163a0215548ad1a9"
"environment/runtime/harbor/agents/computer_1/__init__.py","IGNORE","Harbor·Docker·computer-use 실행 환경은 초기 범위 밖","MIT","none","ec044fc0b42c8e91b5430b7ccf17487feebd8621ad889c8a079a236b83770ebe"
"environment/runtime/harbor/agents/computer_1/compaction.py","IGNORE","Harbor·Docker·computer-use 실행 환경은 초기 범위 밖","MIT","none","6521ff5d00503a74a19d5ada762c86e2bdca4e65240a5aba13611120d6c5b736"
"environment/runtime/harbor/agents/computer_1/computer_1.py","IGNORE","Harbor·Docker·computer-use 실행 환경은 초기 범위 밖","MIT","none","224e6907ca771a5beab1d24e687e02544c83b3f73cfb682d7fd828a37a86cb4e"
"environment/runtime/harbor/agents/computer_1/providers/__init__.py","IGNORE","Harbor·Docker·computer-use 실행 환경은 초기 범위 밖","MIT","none","afa8126575bbe6725ecf0637f4011d4fb578097ebc77956f6e8a2ac36f085b30"
"environment/runtime/harbor/agents/computer_1/providers/anthropic.py","IGNORE","Harbor·Docker·computer-use 실행 환경은 초기 범위 밖","MIT","none","b5334adecd7b0e4f6b64cf485ccf5ffe8f7dc1a14ef47a0504daab2917638b5a"
"environment/runtime/harbor/agents/computer_1/providers/base.py","IGNORE","Harbor·Docker·computer-use 실행 환경은 초기 범위 밖","MIT","none","b578967a5dc3c81b1464dbc80b11f33e5c1941e51fae03b47ea7268d5119eb0d"
"environment/runtime/harbor/agents/computer_1/providers/gemini.py","IGNORE","Harbor·Docker·computer-use 실행 환경은 초기 범위 밖","MIT","none","8f1132b509434277344453b12cb36cd25c69906ec2d0efe4dcf6db1a07eafa89"
"environment/runtime/harbor/agents/computer_1/providers/generic.py","IGNORE","Harbor·Docker·computer-use 실행 환경은 초기 범위 밖","MIT","none","9527cf3a781de5884476b724bbb9aa1ce94a75f0c81427c6ac00b50d271dfa35"
"environment/runtime/harbor/agents/computer_1/providers/openai.py","IGNORE","Harbor·Docker·computer-use 실행 환경은 초기 범위 밖","MIT","none","84661e943dad1d192618508ce9b8248cad664cb0773a04d2a63c7961f4460517"
"environment/runtime/harbor/agents/computer_1/runtime.py","IGNORE","Harbor·Docker·computer-use 실행 환경은 초기 범위 밖","MIT","none","f8c828eb0342c4604177e34a77b7bb6e3709ebb9f461e6680c29b7dea685931a"
"environment/runtime/harbor/agents/computer_1/templates/computer-1-json.txt","IGNORE","Harbor·Docker·computer-use 실행 환경은 초기 범위 밖","MIT","none","b722d5a904d0c91638c9eae5cf479f1dd2721bab6edbcad2bc8fb5d99d4fd12f"
"environment/runtime/harbor/agents/computer_1/templates/timeout.txt","IGNORE","Harbor·Docker·computer-use 실행 환경은 초기 범위 밖","MIT","none","b2d2d3a5ab0d6c4875083f0518b931a2f5a27df3a6c4d04e96cf89e646a703d7"
"environment/runtime/harbor/agents/factory.py","IGNORE","Harbor·Docker·computer-use 실행 환경은 초기 범위 밖","MIT","none","dfde7ecc68ca913cd1bf2ac911d2ba72bea4493aec688ece7b7d0de43cdf091e"
"environment/runtime/harbor/agents/installed/acp_registry.py","IGNORE","Harbor·Docker·computer-use 실행 환경은 초기 범위 밖","MIT","none","619548f2328e1fb9a6e50044ce2b44ccf3784e6dbb061ae0ba69feed78920453"
"environment/runtime/harbor/agents/installed/acp_runner.py","IGNORE","Harbor·Docker·computer-use 실행 환경은 초기 범위 밖","MIT","none","36bdb02bf39aa135e81ffb6f2831ae873684ac1938c36631b3e684f8d0817fdf"
"environment/runtime/harbor/agents/installed/acp.py","IGNORE","Harbor·Docker·computer-use 실행 환경은 초기 범위 밖","MIT","none","dd0e711b3bbf3ceeb35396d46a23536f8d23ed6d4e7a5a8f6721be2b7a116501"
"environment/runtime/harbor/agents/installed/aider.py","IGNORE","Harbor·Docker·computer-use 실행 환경은 초기 범위 밖","MIT","none","dc67c9d8c7b9b7f37026f883f07aa194decfb2425c9579c02436babeffc0a6fd"
"environment/runtime/harbor/agents/installed/antigravity_cli.py","IGNORE","Harbor·Docker·computer-use 실행 환경은 초기 범위 밖","MIT","none","5cfe857207cc5ae1831d36d13f81af4fb78b01a4f0acabc8651fe2269029c9d8"
"environment/runtime/harbor/agents/installed/base.py","IGNORE","Harbor·Docker·computer-use 실행 환경은 초기 범위 밖","MIT","none","7a3896e7bd0c519e09dfabf807dda965b07836bedeae7cf6c539b93422c33e97"
"environment/runtime/harbor/agents/installed/claude_code.py","IGNORE","Harbor·Docker·computer-use 실행 환경은 초기 범위 밖","MIT","none","5c3e4c222f214e3f862c8d60bb1ed306acdc3e5b759a563f199da1b45195d28c"
"environment/runtime/harbor/agents/installed/cline/__init__.py","IGNORE","Harbor·Docker·computer-use 실행 환경은 초기 범위 밖","MIT","none","84d019c7c793122881ba953a0fdb972ea6a13953a0f11b473c9bb97a97ab698f"
"environment/runtime/harbor/agents/installed/cline/cline.py","IGNORE","Harbor·Docker·computer-use 실행 환경은 초기 범위 밖","MIT","none","3735e096b93f76b879c08adfc1711e9cf41fd949e2f63142bafcb29ed23fe43c"
"environment/runtime/harbor/agents/installed/cline/trajectory.py","IGNORE","Harbor·Docker·computer-use 실행 환경은 초기 범위 밖","MIT","none","f572d507a36162701e80e5f24243f133bf72127b3bec7d23498059e41885a041"
"environment/runtime/harbor/agents/installed/codex.py","IGNORE","Harbor·Docker·computer-use 실행 환경은 초기 범위 밖","MIT","none","c88186282a1253fc4234e510bbd3f43c5944759398bfb236594f586abcc17999"
"environment/runtime/harbor/agents/installed/copilot_cli.py","IGNORE","Harbor·Docker·computer-use 실행 환경은 초기 범위 밖","MIT","none","08f4c87c9b8e7290973b25c6969ed83f7d238243b3043b10521404dbd1ff16d7"
"environment/runtime/harbor/agents/installed/cursor_cli.py","IGNORE","Harbor·Docker·computer-use 실행 환경은 초기 범위 밖","MIT","none","41a662410661a3bae0ec5baa4ff13420e9637540bb5e253b82111754393a9f45"
"environment/runtime/harbor/agents/installed/devin.py","IGNORE","Harbor·Docker·computer-use 실행 환경은 초기 범위 밖","MIT","none","f390d0fb29f60cd633e6d4d1896392c0f88168c4bb37a43478438ae4300aa8b2"
"environment/runtime/harbor/agents/installed/gemini_cli.py","IGNORE","Harbor·Docker·computer-use 실행 환경은 초기 범위 밖","MIT","none","eec25d6587f5e96b616e70ab0bd63c4acc4ddf06cd17c95b88512e7029503ad4"
"environment/runtime/harbor/agents/installed/goose.py","IGNORE","Harbor·Docker·computer-use 실행 환경은 초기 범위 밖","MIT","none","6f4aa8984d5351c1db1d30cf355d4eec102b02d633dae0ab1d5c6cb747b1c630"
"environment/runtime/harbor/agents/installed/hermes.py","IGNORE","Harbor·Docker·computer-use 실행 환경은 초기 범위 밖","MIT","none","8963cb15f02e895296c5224b07de2d40ab62af4c2e296f94ff0f62887ff8f67d"
"environment/runtime/harbor/agents/installed/kimi_cli.py","IGNORE","Harbor·Docker·computer-use 실행 환경은 초기 범위 밖","MIT","none","61e72526200eaa78130dfe8d12074a719ee41caec8347cf587d756b46817fd90"
"environment/runtime/harbor/agents/installed/langgraph_runner.py","IGNORE","Harbor·Docker·computer-use 실행 환경은 초기 범위 밖","MIT","none","15f2ded78f4295339a0f54569b99dcc41e6ed9fdf083a848f68b727d79bffe9b"
"environment/runtime/harbor/agents/installed/langgraph.py","IGNORE","Harbor·Docker·computer-use 실행 환경은 초기 범위 밖","MIT","none","0a4b9aba62607784ad518a18bab46fb6bbdb8769aaba5f6d62a06d123cdffbff"
"environment/runtime/harbor/agents/installed/mini_swe_agent.py","IGNORE","Harbor·Docker·computer-use 실행 환경은 초기 범위 밖","MIT","none","9adc4f4a74a5650ccab4b541c278421854df322f78de55e6bb38673cde927a6f"
"environment/runtime/harbor/agents/installed/nemo_agent_run_wrapper.py","IGNORE","Harbor·Docker·computer-use 실행 환경은 초기 범위 밖","MIT","none","38b665fa752870bbabb4540d8bce83d2113fe91f94785cb2fdb8b54586b6b8cb"
"environment/runtime/harbor/agents/installed/nemo_agent.py","IGNORE","Harbor·Docker·computer-use 실행 환경은 초기 범위 밖","MIT","none","cfa318671f4092c31599513eb59fbeb058757c43eab840df8d9c558d31668865"
"environment/runtime/harbor/agents/installed/openclaw.py","IGNORE","Harbor·Docker·computer-use 실행 환경은 초기 범위 밖","MIT","none","2f1d99f5d84142a3ff3434ce155cc96d5c833197e64ccc2bb628e397b3d79466"
"environment/runtime/harbor/agents/installed/opencode.py","IGNORE","Harbor·Docker·computer-use 실행 환경은 초기 범위 밖","MIT","none","372e77a502f4f0b55080482229a6786c4730f7642857bdaad0eefebc8e48cf26"
"environment/runtime/harbor/agents/installed/openhands_sdk_runner.py","IGNORE","Harbor·Docker·computer-use 실행 환경은 초기 범위 밖","MIT","none","2cc11ce5ba905ca970e2ea2ab7f4066e9e4ab0ec9eecfb1ce4ebb78fd857b0bf"
"environment/runtime/harbor/agents/installed/openhands_sdk.py","IGNORE","Harbor·Docker·computer-use 실행 환경은 초기 범위 밖","MIT","none","b91c264143ea07f8e6419a91ea65aa9cc8fe0e96baa4a3e735528141c671cec5"
"environment/runtime/harbor/agents/installed/openhands.py","IGNORE","Harbor·Docker·computer-use 실행 환경은 초기 범위 밖","MIT","none","88fc0a20d5ca5ca308dd30720009772cdc0d406af739460ddbfa8e802e591744"
"environment/runtime/harbor/agents/installed/pi.py","IGNORE","Harbor·Docker·computer-use 실행 환경은 초기 범위 밖","MIT","none","64dc558b94559f0491094f1d10b697ccd4da4df059ca2862a098fa971e60fa69"
"environment/runtime/harbor/agents/installed/qwen_code.py","IGNORE","Harbor·Docker·computer-use 실행 환경은 초기 범위 밖","MIT","none","db277f448d365f7bfeb97f8bc9773addb3abf8fd9718ec2cfcc0d51b149b2286"
"environment/runtime/harbor/agents/installed/rovodev_cli.py","IGNORE","Harbor·Docker·computer-use 실행 환경은 초기 범위 밖","MIT","none","1e1865afb6b8df2f4901d924208b92f1293cfb7eebf92eba0de8382df5688fb6"
"environment/runtime/harbor/agents/installed/swe_agent.py","IGNORE","Harbor·Docker·computer-use 실행 환경은 초기 범위 밖","MIT","none","be73734e9174990c6f2737e9d7057272640d100417f9a6291189fe764b637a75"
"environment/runtime/harbor/agents/installed/trae_agent.py","IGNORE","Harbor·Docker·computer-use 실행 환경은 초기 범위 밖","MIT","none","9c9ebf8f531bd1da13d9cb6b0db9d65f7c126d4ed0805d9a8d20f34be7c880c4"
"environment/runtime/harbor/agents/nop.py","IGNORE","Harbor·Docker·computer-use 실행 환경은 초기 범위 밖","MIT","none","90dbc7db23f56d4585ba81acc00a0f3f457af2fc83b04c0c722a8d3df0bbade3"
"environment/runtime/harbor/agents/oracle.py","IGNORE","Harbor·Docker·computer-use 실행 환경은 초기 범위 밖","MIT","none","4e814c3d3606bec4cd4c3b3aa995c265d98f4db947ca72517965bea7935228fb"
"environment/runtime/harbor/agents/terminus_2/__init__.py","IGNORE","Harbor·Docker·computer-use 실행 환경은 초기 범위 밖","MIT","none","d8cebb1fbd7e3ca6390879d747acc261fe9604107514ded06be5c1c787c84c62"
"environment/runtime/harbor/agents/terminus_2/asciinema_handler.py","IGNORE","Harbor·Docker·computer-use 실행 환경은 초기 범위 밖","MIT","none","98a58cd8640745d5712ec6f7c3313b8d622706249b795378b914926ff563738d"
"environment/runtime/harbor/agents/terminus_2/get-asciinema-timestamp.sh","IGNORE","Harbor·Docker·computer-use 실행 환경은 초기 범위 밖","MIT","none","05ad12b1af28872ee0acfa157a09164a6aa875d2e6a21501f473d641caab4b3b"
"environment/runtime/harbor/agents/terminus_2/templates/terminus-json-plain.txt","IGNORE","Harbor·Docker·computer-use 실행 환경은 초기 범위 밖","MIT","none","89a3dc3a15752b748a99fb907c9251ab31a464e13386583fb48476b078b54a34"
"environment/runtime/harbor/agents/terminus_2/templates/terminus-xml-plain.txt","IGNORE","Harbor·Docker·computer-use 실행 환경은 초기 범위 밖","MIT","none","ac46594050d82e817f644e273cd09db3171a7fd9ca3a5ea146362c4784db4e67"
"environment/runtime/harbor/agents/terminus_2/templates/timeout.txt","IGNORE","Harbor·Docker·computer-use 실행 환경은 초기 범위 밖","MIT","none","645cd170d199b8184094f4509652bf8a9d60d507e2ca4682e44d17cb33b001a1"
"environment/runtime/harbor/agents/terminus_2/terminus_2.py","IGNORE","Harbor·Docker·computer-use 실행 환경은 초기 범위 밖","MIT","none","ebc18ad86f4f0d5db3b73a05407e955b39afdd6aaef5950e554586e6441b2a61"
"environment/runtime/harbor/agents/terminus_2/terminus_json_plain_parser.py","IGNORE","Harbor·Docker·computer-use 실행 환경은 초기 범위 밖","MIT","none","6c82599ace43feab6ce3f95a351bd0cdab8f30abe8183fc578641f1d7215723b"
"environment/runtime/harbor/agents/terminus_2/terminus_xml_plain_parser.py","IGNORE","Harbor·Docker·computer-use 실행 환경은 초기 범위 밖","MIT","none","6a1883b7013b1c4d44a80f80f489c10d85e40abbc0effb6796e1afd4298be5b3"
"environment/runtime/harbor/agents/terminus_2/tmux_session.py","IGNORE","Harbor·Docker·computer-use 실행 환경은 초기 범위 밖","MIT","none","d9ba89bcd5dbc34452164b61cb9a74169050a1d57ad52ee87efbd1b52ff67f87"
"environment/runtime/harbor/agents/utils.py","IGNORE","Harbor·Docker·computer-use 실행 환경은 초기 범위 밖","MIT","none","be00760e765b1f89e00e572e5f08b2781a4df17737a2385d9352c5b967d9d83c"
"environment/runtime/harbor/analyze/__init__.py","IGNORE","Harbor·Docker·computer-use 실행 환경은 초기 범위 밖","MIT","none","e3b0c44298fc1c149afbf4c8996fb92427ae41e4649b934ca495991b7852b855"
"environment/runtime/harbor/analyze/analyzer.py","IGNORE","Harbor·Docker·computer-use 실행 환경은 초기 범위 밖","MIT","none","e2e71e1f5b98a106c6118e007ad4fafd3a0967574519e6f5cc6885648695e484"
"environment/runtime/harbor/analyze/backend.py","IGNORE","Harbor·Docker·computer-use 실행 환경은 초기 범위 밖","MIT","none","34227f3ae80dcd5d227de0c817c932e829f015e673b2c820662f12bc9b4b3d09"
"environment/runtime/harbor/analyze/checker.py","IGNORE","Harbor·Docker·computer-use 실행 환경은 초기 범위 밖","MIT","none","635b897902ea77738148eeaa5fc906b3942dd9a6ab4211b73abd14b93bd0506a"
"environment/runtime/harbor/analyze/models.py","IGNORE","Harbor·Docker·computer-use 실행 환경은 초기 범위 밖","MIT","none","4b69493753130d2c3519489b9b6040ecf0b5b74dcba3ca4d422de42554c0bbc0"
"environment/runtime/harbor/analyze/prompts/__init__.py","IGNORE","Harbor·Docker·computer-use 실행 환경은 초기 범위 밖","MIT","none","e3b0c44298fc1c149afbf4c8996fb92427ae41e4649b934ca495991b7852b855"
"environment/runtime/harbor/analyze/prompts/analyze-job.txt","IGNORE","Harbor·Docker·computer-use 실행 환경은 초기 범위 밖","MIT","none","d0c6f5227207995892e42b7b863c7db038fbaafb20d5398f5fce515852607112"
"environment/runtime/harbor/analyze/prompts/analyze-rubric.toml","IGNORE","Harbor·Docker·computer-use 실행 환경은 초기 범위 밖","MIT","none","01f7a994577501d94105352c6a1f35759c4c74c54deac5e81afe235e3738d5c2"
"environment/runtime/harbor/analyze/prompts/analyze.txt","IGNORE","Harbor·Docker·computer-use 실행 환경은 초기 범위 밖","MIT","none","adcb79fa7d94b298e5264d1cb4fcee2d3f91d78c4431539270a19a3e291bbecd"
"environment/runtime/harbor/analyze/prompts/check-rubric.toml","IGNORE","Harbor·Docker·computer-use 실행 환경은 초기 범위 밖","MIT","none","aba65265c5066a6e6b7724f2b6d4cf538b56562bd894e9ef0c357e07ea009777"
"environment/runtime/harbor/analyze/prompts/check.txt","IGNORE","Harbor·Docker·computer-use 실행 환경은 초기 범위 밖","MIT","none","af9b1f8f14432e20c0d3904a0b225deedb1066bcf0bba45d9ad1fd6839177632"
"environment/runtime/harbor/auth/__init__.py","IGNORE","Harbor·Docker·computer-use 실행 환경은 초기 범위 밖","MIT","none","e3b0c44298fc1c149afbf4c8996fb92427ae41e4649b934ca495991b7852b855"
"environment/runtime/harbor/auth/callback_server.py","IGNORE","Harbor·Docker·computer-use 실행 환경은 초기 범위 밖","MIT","none","057c42299478a954b9e811e633745a125fe0a30a3b41e58523402a105474c4c1"
"environment/runtime/harbor/auth/client.py","IGNORE","Harbor·Docker·computer-use 실행 환경은 초기 범위 밖","MIT","none","aec938924938994b5e0f046305a2bcaeb9667d38f7161aee8cfe37d8528243b7"
"environment/runtime/harbor/auth/constants.py","IGNORE","Harbor·Docker·computer-use 실행 환경은 초기 범위 밖","MIT","none","4a23f193784e8ebdb7a1547383f1d8df7f738d273f7ec214280ca3ba073f8966"
"environment/runtime/harbor/auth/credential_sync.py","IGNORE","Harbor·Docker·computer-use 실행 환경은 초기 범위 밖","MIT","none","76b5f6b4d24b5492f0f744600ecf21e235cb7569f79c1e061c54685f0e197252"
"environment/runtime/harbor/auth/errors.py","IGNORE","Harbor·Docker·computer-use 실행 환경은 초기 범위 밖","MIT","none","a4a422ae622fb118fc4500f63d349bc902071f16aa316c010a5d95e1a331167f"
"environment/runtime/harbor/auth/file_storage.py","IGNORE","Harbor·Docker·computer-use 실행 환경은 초기 범위 밖","MIT","none","50b4ae93c8588116a8334564cb944fc56792e49f020c5160908ec29328300624"
"environment/runtime/harbor/auth/handler.py","IGNORE","Harbor·Docker·computer-use 실행 환경은 초기 범위 밖","MIT","none","277db193a527bc4e76dec6d9f00d300d6467911d537a202478c8becd4645ec29"
"environment/runtime/harbor/auth/retry.py","IGNORE","Harbor·Docker·computer-use 실행 환경은 초기 범위 밖","MIT","none","40002c790f730840ac95863e9e6b06fb0250b2044bd8edac6dd396692bcb3fd5"
"environment/runtime/harbor/auth/session.py","IGNORE","Harbor·Docker·computer-use 실행 환경은 초기 범위 밖","MIT","none","2e36a91ddd523fff2bf5669ddbe0e66602fb8b333b60b2115faff5726ef76a8b"
"environment/runtime/harbor/cli/adapter_review.py","IGNORE","Harbor·Docker·computer-use 실행 환경은 초기 범위 밖","MIT","none","92ce7fdd24f829b5a05fb80e44662f6709fb26f42ad97aca8bc0ab78f64cd06f"
"environment/runtime/harbor/cli/adapter_wizard.py","IGNORE","Harbor·Docker·computer-use 실행 환경은 초기 범위 밖","MIT","none","d045ee1834c840aee7967a5e37f3f7fdce6a4218a2952757ed407760f504de28"
"environment/runtime/harbor/cli/adapters.py","IGNORE","Harbor·Docker·computer-use 실행 환경은 초기 범위 밖","MIT","none","b63106de8914e6eb753c6ad4511bc32e9b32dad0f76dec21a6ea271926db8930"
"environment/runtime/harbor/cli/add.py","IGNORE","Harbor·Docker·computer-use 실행 환경은 초기 범위 밖","MIT","none","d1077df29670ee44d40d934add787a0570ab8777f373ed64a8b9d301f4f296f1"
"environment/runtime/harbor/cli/admin/admin.py","IGNORE","Harbor·Docker·computer-use 실행 환경은 초기 범위 밖","MIT","none","693763331a7329b0127e6a14c3a288d075c48c28829b3711753c40e63155e352"
"environment/runtime/harbor/cli/admin/docker-compose.build.yaml","IGNORE","Harbor·Docker·computer-use 실행 환경은 초기 범위 밖","MIT","none","ea84a2e07997eb3ed750fd5c5ea8f11cf5b981bc7b1fd97d3c1ca14dd3ef9ec0"
"environment/runtime/harbor/cli/analyze.py","IGNORE","Harbor·Docker·computer-use 실행 환경은 초기 범위 밖","MIT","none","5aaa4c44642f805f08ea43da7f44a0f029f8abd8b87f31e96bd74c322e7ea67d"
"environment/runtime/harbor/cli/annotator/__init__.py","IGNORE","Harbor·Docker·computer-use 실행 환경은 초기 범위 밖","MIT","none","e3b0c44298fc1c149afbf4c8996fb92427ae41e4649b934ca495991b7852b855"
"environment/runtime/harbor/cli/annotator/annotate-task.md","IGNORE","Harbor·Docker·computer-use 실행 환경은 초기 범위 밖","MIT","none","0b272bc7943b1168e9875755b8741659a78350af7553522a8817438bc1b9c693"
"environment/runtime/harbor/cli/annotator/annotator.py","IGNORE","Harbor·Docker·computer-use 실행 환경은 초기 범위 밖","MIT","none","fa6378a407b3651d3fc1c6ab59cae92e241239bfca123e39be80e7437848e5df"
"environment/runtime/harbor/cli/auth.py","IGNORE","Harbor·Docker·computer-use 실행 환경은 초기 범위 밖","MIT","none","cd7024caeaa54759396d7c24aece0ea5996f20b7849d8e79635ee417221aa774"
"environment/runtime/harbor/cli/cache.py","IGNORE","Harbor·Docker·computer-use 실행 환경은 초기 범위 밖","MIT","none","1a980972288335d8068ecb5c66100a3bce936635b4eeed1eee7e5185c730a7c7"
"environment/runtime/harbor/cli/datasets.py","IGNORE","Harbor·Docker·computer-use 실행 환경은 초기 범위 밖","MIT","none","1b2eb497a048a2e2ed2910a2c6e7d49ffb91d3c30cc4e6e0cd44a95c5a67f6a8"
"environment/runtime/harbor/cli/debug_checker/__init__.py","IGNORE","Harbor·Docker·computer-use 실행 환경은 초기 범위 밖","MIT","none","e3b0c44298fc1c149afbf4c8996fb92427ae41e4649b934ca495991b7852b855"
"environment/runtime/harbor/cli/debug_checker/debug_checker.py","IGNORE","Harbor·Docker·computer-use 실행 환경은 초기 범위 밖","MIT","none","4f29fe60246c0aabae2aab7f81b428050a641e14b508d616005df4362c6f3194"
"environment/runtime/harbor/cli/debug_checker/debug_prompt.txt","IGNORE","Harbor·Docker·computer-use 실행 환경은 초기 범위 밖","MIT","none","427dc8c815e0650815cef9036826a714cd07a5e8cfd6e8073445296e32b43655"
"environment/runtime/harbor/cli/debug_checker/models.py","IGNORE","Harbor·Docker·computer-use 실행 환경은 초기 범위 밖","MIT","none","de8ec36f0df744cb66b700bb95df696583c46edd5fcdb389633bb280785899c2"
"environment/runtime/harbor/cli/download.py","IGNORE","Harbor·Docker·computer-use 실행 환경은 초기 범위 밖","MIT","none","bbd5c182bc7b7ac7dbc6dc06dd024f8f0fdce77f82d3c459826841e1050d4cb7"
"environment/runtime/harbor/cli/init.py","IGNORE","Harbor·Docker·computer-use 실행 환경은 초기 범위 밖","MIT","none","ede7016ca1119fa3670644667c614396dee6f3fbc8c82b1d3f34bc3632ce46d8"
"environment/runtime/harbor/cli/job_plugins.py","IGNORE","Harbor·Docker·computer-use 실행 환경은 초기 범위 밖","MIT","none","14f2fe66c45de9e47cfced96f37d30e323ee2f0c2880fca1af962ec9a932c42e"
"environment/runtime/harbor/cli/job_sharing.py","IGNORE","Harbor·Docker·computer-use 실행 환경은 초기 범위 밖","MIT","none","df8bd2b21957e131793159b812fce8e6128f7a2131c1e66e61e0463f34e6ddf1"
"environment/runtime/harbor/cli/jobs.py","IGNORE","Harbor·Docker·computer-use 실행 환경은 초기 범위 밖","MIT","none","2ca7799aab0f0f018f1315de03981f6ff954d4f64a9b9cb94a425329d3dec0ec"
"environment/runtime/harbor/cli/leaderboard.py","IGNORE","Harbor·Docker·computer-use 실행 환경은 초기 범위 밖","MIT","none","6b16f16e261dc8da9999b6d63bee472528edbba67d7c022d60cc1cd92124c867"
"environment/runtime/harbor/cli/main.py","IGNORE","Harbor·Docker·computer-use 실행 환경은 초기 범위 밖","MIT","none","11574a8ab9e7498fe65f223d7ccada2beb440758bdb62c7245eb51b7935ed05b"
"environment/runtime/harbor/cli/notifications.py","IGNORE","Harbor·Docker·computer-use 실행 환경은 초기 범위 밖","MIT","none","0f59f5529a0edfc257fee92c70668ec17718f40c3d6f5df608375b1fd74f3ae2"
"environment/runtime/harbor/cli/plugin_registry.py","IGNORE","Harbor·Docker·computer-use 실행 환경은 초기 범위 밖","MIT","none","ddabb198fb2f2b594a383862ce1d33b11cf3bb729abb8a453f88c95e6d2bf8e1"
"environment/runtime/harbor/cli/plugins/__init__.py","IGNORE","Harbor·Docker·computer-use 실행 환경은 초기 범위 밖","MIT","none","e3b0c44298fc1c149afbf4c8996fb92427ae41e4649b934ca495991b7852b855"
"environment/runtime/harbor/cli/plugins/harbor_hub.py","IGNORE","Harbor·Docker·computer-use 실행 환경은 초기 범위 밖","MIT","none","b7bf81434dd0deaaf6832fcc48e6e992755a9b33be85a6847da2ea4fa1b5ccce"
"environment/runtime/harbor/cli/plugins_cmd.py","IGNORE","Harbor·Docker·computer-use 실행 환경은 초기 범위 밖","MIT","none","8ac34ff5ea66991f26bce56e50928770370a08da71329f3d60897cf85cc13a55"
"environment/runtime/harbor/cli/publish.py","IGNORE","Harbor·Docker·computer-use 실행 환경은 초기 범위 밖","MIT","none","628a88fb5f672cc63febab012433b2d70d25e375b501c74217d03f550a461f4c"
"environment/runtime/harbor/cli/quality_checker/__init__.py","IGNORE","Harbor·Docker·computer-use 실행 환경은 초기 범위 밖","MIT","none","e3b0c44298fc1c149afbf4c8996fb92427ae41e4649b934ca495991b7852b855"
"environment/runtime/harbor/cli/quality_checker/check_prompt.txt","IGNORE","Harbor·Docker·computer-use 실행 환경은 초기 범위 밖","MIT","none","97f20fefb8cc38cc8ac3556d43be1ed5c9d06e939e308090114bd34bcd887701"
"environment/runtime/harbor/cli/quality_checker/default_rubric.toml","IGNORE","Harbor·Docker·computer-use 실행 환경은 초기 범위 밖","MIT","none","0b2bf9e42e8a6290d9f43dab68c9ba61e5e00784deef0f586ca53af608f2903d"
"environment/runtime/harbor/cli/quality_checker/models.py","IGNORE","Harbor·Docker·computer-use 실행 환경은 초기 범위 밖","MIT","none","781af146898c881703b89eab38a6fc4fdf3075a5d1fe0939f5c4665e636d6431"
"environment/runtime/harbor/cli/quality_checker/quality_checker.py","IGNORE","Harbor·Docker·computer-use 실행 환경은 초기 범위 밖","MIT","none","5338cf1bd81bc5ed62f096955cc317a47b82255cba854d36587e7fbc55f237a8"
"environment/runtime/harbor/cli/remove.py","IGNORE","Harbor·Docker·computer-use 실행 환경은 초기 범위 밖","MIT","none","398711b160eb36dcfce445e3ee421f8946f02422ba6ed8d07d1f6821c4138115"
"environment/runtime/harbor/cli/sweeps.py","IGNORE","Harbor·Docker·computer-use 실행 환경은 초기 범위 밖","MIT","none","69563db119922355300abb78db7a6f76fcf38b3cec7e68484ae907bda0f36f52"
"environment/runtime/harbor/cli/sync.py","IGNORE","Harbor·Docker·computer-use 실행 환경은 초기 범위 밖","MIT","none","80acf33d7490ee082d2a4fcc25624b7426d33a37fd1fa6ba134b58b7a4516a82"
"environment/runtime/harbor/cli/tasks.py","IGNORE","Harbor·Docker·computer-use 실행 환경은 초기 범위 밖","MIT","none","d6a9582ee7bb69d9548337ad95d3fe84e2c61ba7fc47b8380de8c77ced3bda77"
"environment/runtime/harbor/cli/template-adapter/adapter_metadata.json","IGNORE","Harbor·Docker·computer-use 실행 환경은 초기 범위 밖","MIT","none","47003b3ee4bc2c29ed2490672bcdca883def2721244cd020f119273cd5aedbd8"
"environment/runtime/harbor/cli/template-adapter/adapter-oracle.yaml.tmpl","IGNORE","Harbor·Docker·computer-use 실행 환경은 초기 범위 밖","MIT","none","8348ddb15197f437646fd726ac6d7de8112e5f9476b2a8a3b35eb4a5185c8370"
"environment/runtime/harbor/cli/template-adapter/adapter.py.tmpl","IGNORE","Harbor·Docker·computer-use 실행 환경은 초기 범위 밖","MIT","none","7424871fb6d99907edf023a61d62d50b65adc03c8f2a21b82432618128f90fbf"
"environment/runtime/harbor/cli/template-adapter/main.py.tmpl","IGNORE","Harbor·Docker·computer-use 실행 환경은 초기 범위 밖","MIT","none","f6bdd5a0add5edf8d56aa3b241e89dd06422dd939955f2c8be0222722dff6d0b"
"environment/runtime/harbor/cli/template-adapter/task-template/environment/Dockerfile","IGNORE","Harbor·Docker·computer-use 실행 환경은 초기 범위 밖","MIT","none","6043e6667589022a3658b967bb17cb8d9e4bcdd3dc0931a7aaee2d6cbe941141"
"environment/runtime/harbor/cli/template-adapter/task-template/instruction.md","IGNORE","Harbor·Docker·computer-use 실행 환경은 초기 범위 밖","MIT","none","e7b6b784bdac1dea28c8a3a1f29ea58cb4c6a60e400baf2b19d3d036aa750d66"
"environment/runtime/harbor/cli/template-adapter/task-template/solution/solve.sh","IGNORE","Harbor·Docker·computer-use 실행 환경은 초기 범위 밖","MIT","none","a4df1c2f163bad31bb3d085db7049b198a3dc660c2f5d7f711716e60a5ce976e"
"environment/runtime/harbor/cli/template-adapter/task-template/task.toml","IGNORE","Harbor·Docker·computer-use 실행 환경은 초기 범위 밖","MIT","none","4c5d251f9b19353850479362d566883bff7fdf2e2c84a3bc645f2a66e98980a1"
"environment/runtime/harbor/cli/template-adapter/task-template/tests/test.sh","IGNORE","Harbor·Docker·computer-use 실행 환경은 초기 범위 밖","MIT","none","609e701993c6ce220f13e5cebee4da53543297a5b6e8fd9f7eb838601ecb577b"
"environment/runtime/harbor/cli/template-metric/metric.py","IGNORE","Harbor·Docker·computer-use 실행 환경은 초기 범위 밖","MIT","none","52904120417c9a58c21750ce5e2eb721c4b0ef1c1536d0b31d208e55e377ead9"
"environment/runtime/harbor/cli/template-task/.gitignore","IGNORE","Harbor·Docker·computer-use 실행 환경은 초기 범위 밖","MIT","none","9a8dd8d9b6c3adb8e9e56328df27deef859a3e98fffc9b8133c8b22207c25953"
"environment/runtime/harbor/cli/template-task/environment/Dockerfile","IGNORE","Harbor·Docker·computer-use 실행 환경은 초기 범위 밖","MIT","none","609c87cda17b93e63c8f9c6c9286fbc3dcceb761c2cfb0f1c0d74bf8141a543e"
"environment/runtime/harbor/cli/template-task/instruction.md","IGNORE","Harbor·Docker·computer-use 실행 환경은 초기 범위 밖","MIT","none","e3b0c44298fc1c149afbf4c8996fb92427ae41e4649b934ca495991b7852b855"
"environment/runtime/harbor/cli/template-task/pytest-tests/test_outputs.py","IGNORE","Harbor·Docker·computer-use 실행 환경은 초기 범위 밖","MIT","none","24d63c4308ecfbacbeac9c5cb2fb6c104b1e170dc40deb3cf61e9f2091f9310e"
"environment/runtime/harbor/cli/template-task/pytest-tests/test.sh","IGNORE","Harbor·Docker·computer-use 실행 환경은 초기 범위 밖","MIT","none","e26daee2de02446ae541140c19d4616cc85818bb3291713657e2bd360db6248a"
"environment/runtime/harbor/cli/template-task/solution/solve.sh","IGNORE","Harbor·Docker·computer-use 실행 환경은 초기 범위 밖","MIT","none","38241b65dbe53dbd55be479a71261f6ad9578589a0c0a324dca795c13056d996"
"environment/runtime/harbor/cli/template-task/task.toml","IGNORE","Harbor·Docker·computer-use 실행 환경은 초기 범위 밖","MIT","none","ed02eb39b5dcf6559fba100cdbab2624401b0b6b922bf4267d4f0f5fd0d8905f"
"environment/runtime/harbor/cli/template-task/tests/test.sh","IGNORE","Harbor·Docker·computer-use 실행 환경은 초기 범위 밖","MIT","none","24df404270a12e1197b51059eded2c8a03935849a81913e18baeceec9bee84a2"
"environment/runtime/harbor/cli/traces.py","IGNORE","Harbor·Docker·computer-use 실행 환경은 초기 범위 밖","MIT","none","ef319919f0ecb37fa6cfb2710333ed2383702aec7ad00bd2608452bec5e77aa2"
"environment/runtime/harbor/cli/trials.py","IGNORE","Harbor·Docker·computer-use 실행 환경은 초기 범위 밖","MIT","none","cf42ee2a1eed1b4b512c646312ec14baef72942c29b329199e3bb736d002b072"
"environment/runtime/harbor/cli/upload.py","IGNORE","Harbor·Docker·computer-use 실행 환경은 초기 범위 밖","MIT","none","fca26e77c16e25e3752abb95ef684431b571dd15189b02d10d3da417bc0ba337"
"environment/runtime/harbor/cli/utils.py","IGNORE","Harbor·Docker·computer-use 실행 환경은 초기 범위 밖","MIT","none","9fa953e8a122b7842263a11c3e1083bf3850872ed0e2fdb737642d8a8b79194b"
"environment/runtime/harbor/cli/view.py","IGNORE","Harbor·Docker·computer-use 실행 환경은 초기 범위 밖","MIT","none","f51a20fcaebfc542c567c26ca259b7c8106d2620c3b80eb2940cdf2644fb051f"
"environment/runtime/harbor/constants.py","IGNORE","Harbor·Docker·computer-use 실행 환경은 초기 범위 밖","MIT","none","41a2592d260b68bcb6412887c1f9ecce52ae0268bf539944c758cb796a67fd06"
"environment/runtime/harbor/db/__init__.py","IGNORE","Harbor·Docker·computer-use 실행 환경은 초기 범위 밖","MIT","none","e3b0c44298fc1c149afbf4c8996fb92427ae41e4649b934ca495991b7852b855"
"environment/runtime/harbor/db/client.py","IGNORE","Harbor·Docker·computer-use 실행 환경은 초기 범위 밖","MIT","none","cd870928d3201590dcca36cc309d0428948e6a8403b34bd22a09acb4c33ab656"
"environment/runtime/harbor/db/types.py","IGNORE","Harbor·Docker·computer-use 실행 환경은 초기 범위 밖","MIT","none","4bfc388bc70096b92530b103ce9f8c4dba3bc422d68346c32e093a84f00eaeed"
"environment/runtime/harbor/download/__init__.py","IGNORE","Harbor·Docker·computer-use 실행 환경은 초기 범위 밖","MIT","none","e3b0c44298fc1c149afbf4c8996fb92427ae41e4649b934ca495991b7852b855"
"environment/runtime/harbor/download/downloader.py","IGNORE","Harbor·Docker·computer-use 실행 환경은 초기 범위 밖","MIT","none","1e02ea0c605de2d2db2f781ddce15f170cd2c79b4d9617021643ce2fbc74d99b"
"environment/runtime/harbor/environments/apple_container.py","IGNORE","Harbor·Docker·computer-use 실행 환경은 초기 범위 밖","MIT","none","3f8f07af5b1db6be81fc1949a62a2f487987aaf6d94605129b1e757d28411332"
"environment/runtime/harbor/environments/base.py","IGNORE","Harbor·Docker·computer-use 실행 환경은 초기 범위 밖","MIT","none","08c39bbb95ac1aac8553fc87f8ce67fb637cbb945530b31653e911e269d979b2"
"environment/runtime/harbor/environments/capabilities.py","IGNORE","Harbor·Docker·computer-use 실행 환경은 초기 범위 밖","MIT","none","f331cfa96e8994fc13a81636652e7ba856140cea7e02e1d9876125cb108b394c"
"environment/runtime/harbor/environments/compose_materialize.py","IGNORE","Harbor·Docker·computer-use 실행 환경은 초기 범위 밖","MIT","none","22f8b81c25459db45cec3f514b21102ac766c30f59e85b7e32edc0270972db02"
"environment/runtime/harbor/environments/compose_service_ops.py","IGNORE","Harbor·Docker·computer-use 실행 환경은 초기 범위 밖","MIT","none","8947448b207f1fc38879057e008ed1d50f9f2f2b4670b797afca48b2474e1d30"
"environment/runtime/harbor/environments/cwsandbox.py","IGNORE","Harbor·Docker·computer-use 실행 환경은 초기 범위 밖","MIT","none","93660e568d515ba35367d3471187e9c7e7a0b1ee2d9b244fc33588bd450faf85"
"environment/runtime/harbor/environments/daytona/__init__.py","IGNORE","Harbor·Docker·computer-use 실행 환경은 초기 범위 밖","MIT","none","3f18936fb6e00788c648c608dafb716353e0392e043068cbc0db377556c8a443"
"environment/runtime/harbor/environments/daytona/environment.py","IGNORE","Harbor·Docker·computer-use 실행 환경은 초기 범위 밖","MIT","none","7aa5b5e6eee2f141526326de080db03325f6d7cb8f1c0f640d575dd73fb84a64"
"environment/runtime/harbor/environments/daytona/snapshots.py","IGNORE","Harbor·Docker·computer-use 실행 환경은 초기 범위 밖","MIT","none","f2a9ba9c43eadb38716c035e9db8f91cafcc70bb509b0c6bb5a73b262afa5538"
"environment/runtime/harbor/environments/daytona/utils.py","IGNORE","Harbor·Docker·computer-use 실행 환경은 초기 범위 밖","MIT","none","e730f4d89d3272b79d824c78a3cbd07fa64c0240b040df422789c14544c87f87"
"environment/runtime/harbor/environments/definition.py","IGNORE","Harbor·Docker·computer-use 실행 환경은 초기 범위 밖","MIT","none","3cfa9cd0bb86c3631790b822a04d8a9bcbef9a13e7e9e205b1cee3fbfebfa05e"
"environment/runtime/harbor/environments/docker/__init__.py","IGNORE","Harbor·Docker·computer-use 실행 환경은 초기 범위 밖","MIT","none","36b6659775601b10c69d5560d6232b56ae13a3082e37336439ae7547d94503c6"
"environment/runtime/harbor/environments/docker/compose_env.py","IGNORE","Harbor·Docker·computer-use 실행 환경은 초기 범위 밖","MIT","none","1494a88d17984fbc2438cb92d58217f7a48f4871188c2df588fa3d928b1dc60d"
"environment/runtime/harbor/environments/docker/docker_unix.py","IGNORE","Harbor·Docker·computer-use 실행 환경은 초기 범위 밖","MIT","none","19f0b0f57971f78c39f75f00ae66c1769fbfb702a248abf5a71c572de463bd3a"
"environment/runtime/harbor/environments/docker/docker_windows.py","IGNORE","Harbor·Docker·computer-use 실행 환경은 초기 범위 밖","MIT","none","7d076cdc04f5cc5fec93e712a472b0c3c1e1b76a45d78fb1ad37d8f0dfbe6252"
"environment/runtime/harbor/environments/docker/docker-compose-build.yaml","IGNORE","Harbor·Docker·computer-use 실행 환경은 초기 범위 밖","MIT","none","68f50ecaa25d7ec70739f65ae359647fe8ff670805182f6ef3e0b83aa88bc06f"
"environment/runtime/harbor/environments/docker/docker-compose-no-network.yaml","IGNORE","Harbor·Docker·computer-use 실행 환경은 초기 범위 밖","MIT","none","17ceef0a82e7dfb63d9f5ce974350f392dd8a323eac174ec69d28a90c7de8388"
"environment/runtime/harbor/environments/docker/docker-compose-prebuilt.yaml","IGNORE","Harbor·Docker·computer-use 실행 환경은 초기 범위 밖","MIT","none","1dfdd58a598685bb60fb90ca11c4fc16024b5cb1cdf73d83f8f84a2a4978e4d4"
"environment/runtime/harbor/environments/docker/docker-compose-windows-keepalive.yaml","IGNORE","Harbor·Docker·computer-use 실행 환경은 초기 범위 밖","MIT","none","dc9900d924b2d75ba03c4e02167e51929a084fd89580320bbf30abc7f84b4bea"
"environment/runtime/harbor/environments/docker/docker.py","IGNORE","Harbor·Docker·computer-use 실행 환경은 초기 범위 밖","MIT","none","67fdf8fdafaeebaf26f4da73ac12178a7d6db782dba3f81aa99ae27d03eade3d"
"environment/runtime/harbor/environments/e2b.py","IGNORE","Harbor·Docker·computer-use 실행 환경은 초기 범위 밖","MIT","none","68b607550baa79690c9a500a9abfcf6c2bff7d007ce5e13c950bb308344a62f1"
"environment/runtime/harbor/environments/factory.py","IGNORE","Harbor·Docker·computer-use 실행 환경은 초기 범위 밖","MIT","none","dadc8ea3d40e14c43c26e59d11b053589c8c7aa77e7dc8d572c3d97db2db8c8c"
"environment/runtime/harbor/environments/gke.py","IGNORE","Harbor·Docker·computer-use 실행 환경은 초기 범위 밖","MIT","none","fc0c00148976b7d7b61e0f7fc9e012247e66b87f3f3b64d0cabb0e61b8ee630f"
"environment/runtime/harbor/environments/host.py","IGNORE","Harbor·Docker·computer-use 실행 환경은 초기 범위 밖","MIT","none","40c3dc0b0a64cba76838ddb64e4c1d35c23e9e788555fcb4fe65d12db0bd2cde"
"environment/runtime/harbor/environments/islo.py","IGNORE","Harbor·Docker·computer-use 실행 환경은 초기 범위 밖","MIT","none","6e54a42e5a8fcc1c5ea6bcfd6d78b67da5d32d94b6a5ce12eefd3a5e97d4b030"
"environment/runtime/harbor/environments/langsmith.py","IGNORE","Harbor·Docker·computer-use 실행 환경은 초기 범위 밖","MIT","none","413dfefd92b08301e72e62eea160955a23abfd170656e24c887516d725abc0f9"
"environment/runtime/harbor/environments/modal.py","IGNORE","Harbor·Docker·computer-use 실행 환경은 초기 범위 밖","MIT","none","5fd87bc6bb77a0fdf0928f9064bc62af316462224ae3a910e7d6c8714c80cc7f"
"environment/runtime/harbor/environments/novita.py","IGNORE","Harbor·Docker·computer-use 실행 환경은 초기 범위 밖","MIT","none","e35141a3e30842b89f724a453beaf2126e9572c98ae44bd8709953bb14fe849e"
"environment/runtime/harbor/environments/resource_policies.py","IGNORE","Harbor·Docker·computer-use 실행 환경은 초기 범위 밖","MIT","none","1a85aa405b1c78d24d3433ebd45e41644e771d61403a4d03ba959ba6a3ac94e4"
"environment/runtime/harbor/environments/runloop.py","IGNORE","Harbor·Docker·computer-use 실행 환경은 초기 범위 밖","MIT","none","05fe7123d744d2afb83b77b38413f79220c6ef78419a49103040417570caeaa2"
"environment/runtime/harbor/environments/singularity/__init__.py","IGNORE","Harbor·Docker·computer-use 실행 환경은 초기 범위 밖","MIT","none","c29f8e06a85f6b6529157fb3a62ec2bb40b9a13cd9f15f04ba30137974dfad2c"
"environment/runtime/harbor/environments/singularity/bootstrap.sh","IGNORE","Harbor·Docker·computer-use 실행 환경은 초기 범위 밖","MIT","none","97be6fadd9d3eeeaa9905c0de5de6dc2699e07c599de26d3037910adfb6af193"
"environment/runtime/harbor/environments/singularity/server.py","IGNORE","Harbor·Docker·computer-use 실행 환경은 초기 범위 밖","MIT","none","1c4966bc330e6bd010ec9201f947389bb858defe6bc8e9647a24980f2e0d6b5c"
"environment/runtime/harbor/environments/singularity/singularity.py","IGNORE","Harbor·Docker·computer-use 실행 환경은 초기 범위 밖","MIT","none","b9091d0dd634f2a32f75a2b0a07bbe75a2550796c5fbad145ae9007aeb3ce722"
"environment/runtime/harbor/environments/tar_transfer.py","IGNORE","Harbor·Docker·computer-use 실행 환경은 초기 범위 밖","MIT","none","ea81cd3bb4c4130526ce171b39162701672f439cc082bd66a36cc75bc0f2e8c5"
"environment/runtime/harbor/environments/tensorlake.py","IGNORE","Harbor·Docker·computer-use 실행 환경은 초기 범위 밖","MIT","none","3a9d0cab419f4fcc8bf68cb6be1f210b2ea58a29c2e6b6477e0ed3c57a4158fa"
"environment/runtime/harbor/environments/use_computer.py","IGNORE","Harbor·Docker·computer-use 실행 환경은 초기 범위 밖","MIT","none","d0775873a857a5c22f50cb0c8729424322677bf84bc75706af562df6b036535d"
"environment/runtime/harbor/environments/wandb.py","IGNORE","Harbor·Docker·computer-use 실행 환경은 초기 범위 밖","MIT","none","5dbb343cd491313d75779e0704b1a229cf417a7c7c32a034a0b02bfc101958de"
"environment/runtime/harbor/job.py","IGNORE","Harbor·Docker·computer-use 실행 환경은 초기 범위 밖","MIT","none","6b40c05af3b64b6ffda729d31232029604bd11b3763a453e8466bd9b95a31ef7"
"environment/runtime/harbor/leaderboard/__init__.py","IGNORE","Harbor·Docker·computer-use 실행 환경은 초기 범위 밖","MIT","none","ccc9ea1a7c740c9160043584f85545836e80b646f0f00c7fe71f490a2ee605a0"
"environment/runtime/harbor/leaderboard/db.py","IGNORE","Harbor·Docker·computer-use 실행 환경은 초기 범위 밖","MIT","none","8c6cdd11eed480cbad091c3b50768615a8f05ef5814292d40e76c1813f22faa4"
"environment/runtime/harbor/leaderboard/dynamic_validation.py","IGNORE","Harbor·Docker·computer-use 실행 환경은 초기 범위 밖","MIT","none","85b3f3a12201934d3e154f7c0c0298ddb4546ebdd5df3b70407079111d62554f"
"environment/runtime/harbor/leaderboard/enums.py","IGNORE","Harbor·Docker·computer-use 실행 환경은 초기 범위 밖","MIT","none","b2aca45467c047ca284a9e78e3832f17d5effadafb56cca6129aaea553e0f3c4"
"environment/runtime/harbor/leaderboard/metadata.py","IGNORE","Harbor·Docker·computer-use 실행 환경은 초기 범위 밖","MIT","none","0e45c3c91a6ca9ecf7ae9bd688d02531f2c2bb925b9d28a504ab416f6d5e58c7"
"environment/runtime/harbor/leaderboard/report_display.py","IGNORE","Harbor·Docker·computer-use 실행 환경은 초기 범위 밖","MIT","none","0cb9f37118bfd1dd6bbc6458f7d6535847d5c72bf3db7122c1fdfe124583ef9b"
"environment/runtime/harbor/leaderboard/static_validation_report.py","IGNORE","Harbor·Docker·computer-use 실행 환경은 초기 범위 밖","MIT","none","c83b79d768a33ae3c0b7ceebea7a822261b9ae69bdd0f07865937ad33c3171ac"
"environment/runtime/harbor/leaderboard/static_validation.py","IGNORE","Harbor·Docker·computer-use 실행 환경은 초기 범위 밖","MIT","none","fd20bd6cc735a84fe1477fbc9f1f5324daedc2adb679c6ffa08c64ebc8ce6901"
"environment/runtime/harbor/leaderboard/submission_results.py","IGNORE","Harbor·Docker·computer-use 실행 환경은 초기 범위 밖","MIT","none","1bbf2ea7140b45271e2c23501b0006fed883b6c12868c22221021a659a462b22"
"environment/runtime/harbor/leaderboard/submit.py","IGNORE","Harbor·Docker·computer-use 실행 환경은 초기 범위 밖","MIT","none","47b008e55a6600e25f4ed378f7c6845ac1ce3ba81d017d2f879da4e0b048c704"
"environment/runtime/harbor/llms/base.py","IGNORE","Harbor·Docker·computer-use 실행 환경은 초기 범위 밖","MIT","none","7a6b03a835d8f62f770291a94bc6269291675e60a38c74c0b8a764c692a522a9"
"environment/runtime/harbor/llms/chat.py","IGNORE","Harbor·Docker·computer-use 실행 환경은 초기 범위 밖","MIT","none","74b8c42d9dcd416e468ca9092e2982ccf657d8c4ef444508baced80b9d9405cf"
"environment/runtime/harbor/llms/lite_llm.py","IGNORE","Harbor·Docker·computer-use 실행 환경은 초기 범위 밖","MIT","none","7b35119873f5421cef5d8c958e8b738f35edf1b6a0b1cbc9610948799b47da71"
"environment/runtime/harbor/llms/litellm_config.py","IGNORE","Harbor·Docker·computer-use 실행 환경은 초기 범위 밖","MIT","none","c1be294204ea3216aaf79f0d447e5e5aadedb2c1d528c79baf6124b08fc9e6dd"
"environment/runtime/harbor/llms/tinker.py","IGNORE","Harbor·Docker·computer-use 실행 환경은 초기 범위 밖","MIT","none","b21254845695e2cc229e35e43e26afee834806fa06034fc27894b38923a2bef8"
"environment/runtime/harbor/llms/utils.py","IGNORE","Harbor·Docker·computer-use 실행 환경은 초기 범위 밖","MIT","none","caeafb2fde61ef764e2ad3bba4755018f59325b07cf08cc3bdd4af7c24f7f5ff"
"environment/runtime/harbor/mappers/terminal_bench.py","IGNORE","Harbor·Docker·computer-use 실행 환경은 초기 범위 밖","MIT","none","4eafc1ad0915b208cf06211badcb8b2a3daf4ba1c8ab055b9ad9d0224e5b46f1"
"environment/runtime/harbor/metrics/base.py","IGNORE","Harbor·Docker·computer-use 실행 환경은 초기 범위 밖","MIT","none","2ee9dfef4a5d9cbc115f6b1e669527cd21f5475e0a8993de64dbb55a5762902c"
"environment/runtime/harbor/metrics/factory.py","IGNORE","Harbor·Docker·computer-use 실행 환경은 초기 범위 밖","MIT","none","0da2cd698a0bd1f5efeb1f5fc3ce134409fb82bf6ec239dc52029ed83be3fe2e"
"environment/runtime/harbor/metrics/max.py","IGNORE","Harbor·Docker·computer-use 실행 환경은 초기 범위 밖","MIT","none","d81af99d156944a2500ea5c268ea4cdb8893927861c38a403a28677ea77d278f"
"environment/runtime/harbor/metrics/mean.py","IGNORE","Harbor·Docker·computer-use 실행 환경은 초기 범위 밖","MIT","none","475a6901d296483b6e7474ba5856c6ee1b526a960d982ebc25b55fce7e84fe57"
"environment/runtime/harbor/metrics/min.py","IGNORE","Harbor·Docker·computer-use 실행 환경은 초기 범위 밖","MIT","none","91813f5f1161f8379d4084a130582d0f2b3f0b77e735847b0dcd6be2eefe10e6"
"environment/runtime/harbor/metrics/sum.py","IGNORE","Harbor·Docker·computer-use 실행 환경은 초기 범위 밖","MIT","none","08df39140f4e9ac219ef0dfa5984e6889c120d17726ff7d72f0bc55b93dfa9f0"
"environment/runtime/harbor/metrics/uv_script.py","IGNORE","Harbor·Docker·computer-use 실행 환경은 초기 범위 밖","MIT","none","f6809317e30792bf72d2f7587c42b4f721df36339ce30dfa71ce28b4fb2ef6b7"
"environment/runtime/harbor/models/agent/context.py","IGNORE","Harbor·Docker·computer-use 실행 환경은 초기 범위 밖","MIT","none","323e4708716bc011bd9bf80b20c5c96ccc17a6515934dc59e2d9d14b49f60d91"
"environment/runtime/harbor/models/agent/name.py","IGNORE","Harbor·Docker·computer-use 실행 환경은 초기 범위 밖","MIT","none","c1aa73f24117a1b057ca262c230f6e4b6d38539f854b75e8dd81b9d275cacecb"
"environment/runtime/harbor/models/agent/rollout_detail.py","IGNORE","Harbor·Docker·computer-use 실행 환경은 초기 범위 밖","MIT","none","6af5970f5a8c28341287e5304bb7aa8ed91a3edeb5f8a27d8d11203d00d34306"
"environment/runtime/harbor/models/agent/trajectory_config.py","IGNORE","Harbor·Docker·computer-use 실행 환경은 초기 범위 밖","MIT","none","4b2a1d81f95ece116a2156383e18da17479b25d60bc1bd562bafc4500301fa93"
"environment/runtime/harbor/models/dataset/manifest.py","IGNORE","Harbor·Docker·computer-use 실행 환경은 초기 범위 밖","MIT","none","8b0244eb5cba9ecc7819805a40b907dc837718d823bc751370bf1ff5c3333d26"
"environment/runtime/harbor/models/dataset/paths.py","IGNORE","Harbor·Docker·computer-use 실행 환경은 초기 범위 밖","MIT","none","13ade60a6e5d95bcebfef5904ba422cc0719848e02c8a4977b2f84e3c6037091"
"environment/runtime/harbor/models/dataset_item.py","IGNORE","Harbor·Docker·computer-use 실행 환경은 초기 범위 밖","MIT","none","cb8a7edd3410d428330d25e2c1ded58e2d96713136073868dce081d0dde4a3bd"
"environment/runtime/harbor/models/difficulty.py","IGNORE","Harbor·Docker·computer-use 실행 환경은 초기 범위 밖","MIT","none","600e413ade9af5bcd5c5c5b9bb18198abc1389869167dfc9bf530ff9c52c08c5"
"environment/runtime/harbor/models/environment_type.py","IGNORE","Harbor·Docker·computer-use 실행 환경은 초기 범위 밖","MIT","none","461dd4cd197ef01cb2c0c52f9b39a2d58f96f1edc06abeacdead839d3b290098"
"environment/runtime/harbor/models/job/config.py","IGNORE","Harbor·Docker·computer-use 실행 환경은 초기 범위 밖","MIT","none","b9930afaec28164c8382a29a544423ef61dcab9977bc63303f3141e953fa8932"
"environment/runtime/harbor/models/job/lock.py","IGNORE","Harbor·Docker·computer-use 실행 환경은 초기 범위 밖","MIT","none","68d6f2255d8b77519553bc35abca69acd7a83e1d250dee76ae9a56eed3cc220d"
"environment/runtime/harbor/models/job/plugin.py","IGNORE","Harbor·Docker·computer-use 실행 환경은 초기 범위 밖","MIT","none","6535da0549797a166a2fb57781e68831aa1487fa8b2ebad306de4d59c77b4bb2"
"environment/runtime/harbor/models/job/result.py","IGNORE","Harbor·Docker·computer-use 실행 환경은 초기 범위 밖","MIT","none","9a55089a001c86e4fa0e3cd1ee01a4e13f8aad160a1e2be4c4fa3d37a01ebdac"
"environment/runtime/harbor/models/metric/__init__.py","IGNORE","Harbor·Docker·computer-use 실행 환경은 초기 범위 밖","MIT","none","6083695ee6e0c83ed140b7efc844fd48799f3e5de9506e0fb7f7eb7ffb591b17"
"environment/runtime/harbor/models/metric/config.py","IGNORE","Harbor·Docker·computer-use 실행 환경은 초기 범위 밖","MIT","none","f22910afecc04a95a8171cbad80dd4ab16e5b056cd42da1d46b1495a6b587b28"
"environment/runtime/harbor/models/metric/type.py","IGNORE","Harbor·Docker·computer-use 실행 환경은 초기 범위 밖","MIT","none","6c4110638a8176d6bcaa383600079fa081bec6fef3820fbafbe44458b79cf087"
"environment/runtime/harbor/models/metric/usage_info.py","IGNORE","Harbor·Docker·computer-use 실행 환경은 초기 범위 밖","MIT","none","28cdbbfb5f2ef1d59bde2c6aef26a1b4195c0838564687b751276b53c8534cf5"
"environment/runtime/harbor/models/package/reference.py","IGNORE","Harbor·Docker·computer-use 실행 환경은 초기 범위 밖","MIT","none","12a1137c6ab786c0997acebdb656d8573c2bb81e94d92beffb6eafad3e2e3be5"
"environment/runtime/harbor/models/package/version_ref.py","IGNORE","Harbor·Docker·computer-use 실행 환경은 초기 범위 밖","MIT","none","ecb6f6e53675d23f855af309033dce780a7911c18943920814cdb1416ad5f7d5"
"environment/runtime/harbor/models/registry.py","IGNORE","Harbor·Docker·computer-use 실행 환경은 초기 범위 밖","MIT","none","1dac233bb49a1e601dd9735a51fa2414af87cf690773925bd9144d75bd8e2a89"
"environment/runtime/harbor/models/task/artifacts.py","IGNORE","Harbor·Docker·computer-use 실행 환경은 초기 범위 밖","MIT","none","87fa44e86b62e6b5b7723de64e386138d9115ac92d6cc5c1f6766348a3de3093"
"environment/runtime/harbor/models/task/config.py","IGNORE","Harbor·Docker·computer-use 실행 환경은 초기 범위 밖","MIT","none","09944c25e81bd4c285563c8d445cf770d7c421d13a4732487f91fc41e765bb02"
"environment/runtime/harbor/models/task/id.py","IGNORE","Harbor·Docker·computer-use 실행 환경은 초기 범위 밖","MIT","none","c18ff1f48abba2699d57f9963e1b9da751c01a5a8798bd4b1f638cabffa428fc"
"environment/runtime/harbor/models/task/paths.py","IGNORE","Harbor·Docker·computer-use 실행 환경은 초기 범위 밖","MIT","none","00b69c2dd4a43df2ede7d9e80835c9f34d8807149d5035ae1b87a88140353c68"
"environment/runtime/harbor/models/task/task.py","IGNORE","Harbor·Docker·computer-use 실행 환경은 초기 범위 밖","MIT","none","a63b5a3f1d253f09841c691eeb57337def143ad6ff94e8b26dd87920e8c6f35f"
"environment/runtime/harbor/models/task/verifier_mode.py","IGNORE","Harbor·Docker·computer-use 실행 환경은 초기 범위 밖","MIT","none","e3d30753a48cf741fc39f974e36e9730f6afb1e5da7ebffee32d9af6cc7ae1c2"
"environment/runtime/harbor/models/trajectories/__init__.py","IGNORE","Harbor·Docker·computer-use 실행 환경은 초기 범위 밖","MIT","none","6d42a5d2832d055387b72436309aea0cba669659bb16b664a742639fe58ecbad"
"environment/runtime/harbor/models/trajectories/agent.py","IGNORE","Harbor·Docker·computer-use 실행 환경은 초기 범위 밖","MIT","none","ae26f91b1aa9cba2f9f308b3b1b6a8e92c0851bb191e4bd8df3042b49a0425c6"
"environment/runtime/harbor/models/trajectories/content.py","IGNORE","Harbor·Docker·computer-use 실행 환경은 초기 범위 밖","MIT","none","f7ebfb9d0d77969d75e0d9172f84827c5463fd6ea8e83f9a0ef7e1177875c2c3"
"environment/runtime/harbor/models/trajectories/final_metrics.py","IGNORE","Harbor·Docker·computer-use 실행 환경은 초기 범위 밖","MIT","none","c4897c3b7f6d6be0d891d5fc9a72d13407d01c897c099e3ca195c50424734caf"
"environment/runtime/harbor/models/trajectories/metrics.py","IGNORE","Harbor·Docker·computer-use 실행 환경은 초기 범위 밖","MIT","none","c6d724d80d250dd27fefc4462a3f70aff2333fe42775382cb8073b889becf165"
"environment/runtime/harbor/models/trajectories/observation_result.py","IGNORE","Harbor·Docker·computer-use 실행 환경은 초기 범위 밖","MIT","none","edbe26ca85aa8ef5f13a08a62d4d777d20832a7a5b67dcfa9162d6dbdaaf4c0a"
"environment/runtime/harbor/models/trajectories/observation.py","IGNORE","Harbor·Docker·computer-use 실행 환경은 초기 범위 밖","MIT","none","2bb40e781053428e172af45110b0119bda4143594d592e414e9af0a60f057d28"
"environment/runtime/harbor/models/trajectories/step.py","IGNORE","Harbor·Docker·computer-use 실행 환경은 초기 범위 밖","MIT","none","6d8cc176449e0d5be46b40fdc9802bcb417f6b11d295c111e670055552abaa4a"
"environment/runtime/harbor/models/trajectories/subagent_trajectory_ref.py","IGNORE","Harbor·Docker·computer-use 실행 환경은 초기 범위 밖","MIT","none","207388b30eec20aaba3d21effb66f984caecfa0cb23dbaaa8fc055abd6347aea"
"environment/runtime/harbor/models/trajectories/tool_call.py","IGNORE","Harbor·Docker·computer-use 실행 환경은 초기 범위 밖","MIT","none","b28fc0526c45a5a253edaaaa305a8f53ac436e5fd44918fe4dadbe573214030b"
"environment/runtime/harbor/models/trajectories/trajectory.py","IGNORE","Harbor·Docker·computer-use 실행 환경은 초기 범위 밖","MIT","none","75efa9fa53720099814df1895f8f84d9dc414037df3b8bdb36887640bbaf69f5"
"environment/runtime/harbor/models/trial/artifact_manifest.py","IGNORE","Harbor·Docker·computer-use 실행 환경은 초기 범위 밖","MIT","none","bd4cb7ec6f31ab39cdfcf7f514e7766db6c614203b343172ebf71c90cb8c05a5"
"environment/runtime/harbor/models/trial/config.py","IGNORE","Harbor·Docker·computer-use 실행 환경은 초기 범위 밖","MIT","none","41cf08fb5685ec1993da3e100cee2b0711dacc6398eebaa4f70aa00cec6689f5"
"environment/runtime/harbor/models/trial/paths.py","IGNORE","Harbor·Docker·computer-use 실행 환경은 초기 범위 밖","MIT","none","5733fa79a6115ace7e622e111f63c268b7ef12a2d519c09f11d5924a13feb4be"
"environment/runtime/harbor/models/trial/result.py","IGNORE","Harbor·Docker·computer-use 실행 환경은 초기 범위 밖","MIT","none","08e59cba3e2d792910a8555ddc07785d191dceb6cae98d537c9a2f33ac1e33de"
"environment/runtime/harbor/models/verifier/result.py","IGNORE","Harbor·Docker·computer-use 실행 환경은 초기 범위 밖","MIT","none","4ce7378d3782f9f11082db66341e55058919145955b17745167e987d6bad93df"
"environment/runtime/harbor/publisher/__init__.py","IGNORE","Harbor·Docker·computer-use 실행 환경은 초기 범위 밖","MIT","none","e3b0c44298fc1c149afbf4c8996fb92427ae41e4649b934ca495991b7852b855"
"environment/runtime/harbor/publisher/packager.py","IGNORE","Harbor·Docker·computer-use 실행 환경은 초기 범위 밖","MIT","none","e758f1795720d2f619d772dfb5e553f1d8bd25ed72bb99f772bd70dc39fd83a9"
"environment/runtime/harbor/publisher/publisher.py","IGNORE","Harbor·Docker·computer-use 실행 환경은 초기 범위 밖","MIT","none","4aa456d0f28c2b2e5ab266e82d57b9e984d353ac3bf8978065fc6f4f38e4407e"
"environment/runtime/harbor/registry/__init__.py","IGNORE","Harbor·Docker·computer-use 실행 환경은 초기 범위 밖","MIT","none","e3b0c44298fc1c149afbf4c8996fb92427ae41e4649b934ca495991b7852b855"
"environment/runtime/harbor/registry/client/__init__.py","IGNORE","Harbor·Docker·computer-use 실행 환경은 초기 범위 밖","MIT","none","29f541f0c7546a60a94b9b57c249c4415098b6d18a1b2889b782d4284e0ece4a"
"environment/runtime/harbor/registry/client/base.py","IGNORE","Harbor·Docker·computer-use 실행 환경은 초기 범위 밖","MIT","none","42cb2517fc4f8ee66bdd532e5a0068a5864a3c272edc72e171a17ccc5cceacf9"
"environment/runtime/harbor/registry/client/factory.py","IGNORE","Harbor·Docker·computer-use 실행 환경은 초기 범위 밖","MIT","none","92121f7db3fe4a54ae763a6e374a8115645a4c33382a10e2d32aa5adc67c3ca8"
"environment/runtime/harbor/registry/client/git_repo.py","IGNORE","Harbor·Docker·computer-use 실행 환경은 초기 범위 밖","MIT","none","bb2bdd429fc15d78cd03cc81359164948f327dda7123c810e635161dfb586c06"
"environment/runtime/harbor/registry/client/harbor/config.py","IGNORE","Harbor·Docker·computer-use 실행 환경은 초기 범위 밖","MIT","none","bd059802800e86ef9e7a7239a9a14faec13cb7b1c75211ddccc394fb34f6fd40"
"environment/runtime/harbor/registry/client/harbor/harbor.py","IGNORE","Harbor·Docker·computer-use 실행 환경은 초기 범위 밖","MIT","none","7f6a47eecde6a9e5fbd52db513974f63765f27d823aa1b855086c6bb5b49f5a4"
"environment/runtime/harbor/registry/client/json.py","IGNORE","Harbor·Docker·computer-use 실행 환경은 초기 범위 밖","MIT","none","904092157aac4a9e247ef0fb5d8494e8c5df4066c66130986302f7d0c8f019e2"
"environment/runtime/harbor/registry/client/package.py","IGNORE","Harbor·Docker·computer-use 실행 환경은 초기 범위 밖","MIT","none","6d614dbbbc023e17809a957e0d7b7492da63cfac6eb8b9e96869a607acf0d863"
"environment/runtime/harbor/skills.py","IGNORE","Harbor·Docker·computer-use 실행 환경은 초기 범위 밖","MIT","none","d1f1fb95e39cedaa2b1f9bf63782caad4700256a6b6aefa678d0bd2265604b76"
"environment/runtime/harbor/storage/__init__.py","IGNORE","Harbor·Docker·computer-use 실행 환경은 초기 범위 밖","MIT","none","e3b0c44298fc1c149afbf4c8996fb92427ae41e4649b934ca495991b7852b855"
"environment/runtime/harbor/storage/base.py","IGNORE","Harbor·Docker·computer-use 실행 환경은 초기 범위 밖","MIT","none","09a7ad1456520229cdac5ffb617c9552889f4971ec3bf7e50ff619e59b706ca2"
"environment/runtime/harbor/storage/resumable.py","IGNORE","Harbor·Docker·computer-use 실행 환경은 초기 범위 밖","MIT","none","fae59147be959f54c7d48688b49cfc909887fa671f9ec3542964f7a993743285"
"environment/runtime/harbor/storage/supabase.py","IGNORE","Harbor·Docker·computer-use 실행 환경은 초기 범위 밖","MIT","none","a99e4dc676762726989429deb8dbc43ebfbc136b0c6439bf11ab251f0b4f1d0f"
"environment/runtime/harbor/tasks/client.py","IGNORE","Harbor·Docker·computer-use 실행 환경은 초기 범위 밖","MIT","none","24e3623cd5c29f37d9e725df6e6d36ac8f98ac1420eb20fe15ed1940db3b0ddc"
"environment/runtime/harbor/trial/artifact_handler.py","IGNORE","Harbor·Docker·computer-use 실행 환경은 초기 범위 밖","MIT","none","abaa494846eba16b2679ebb8aee52a07b2040f09d2c71ae459f99131a4016377"
"environment/runtime/harbor/trial/errors.py","IGNORE","Harbor·Docker·computer-use 실행 환경은 초기 범위 밖","MIT","none","4d049545d9b04f32e96d34c749f84f500e892f57d9e373464f5ff1dbbd1378ec"
"environment/runtime/harbor/trial/hooks.py","IGNORE","Harbor·Docker·computer-use 실행 환경은 초기 범위 밖","MIT","none","dee7b6e1768a7a1b3e3bd5baaa573974de6f5b78a4e45e00d08f7b1731bf452d"
"environment/runtime/harbor/trial/multi_step.py","IGNORE","Harbor·Docker·computer-use 실행 환경은 초기 범위 밖","MIT","none","c6d008860884c48fbc1b1aba480d468911585f60a49b4cf80d64ec439ed2508e"
"environment/runtime/harbor/trial/network_policy.py","IGNORE","Harbor·Docker·computer-use 실행 환경은 초기 범위 밖","MIT","none","f8b3978681637a35905640eb8ba52c3b9c8d6f7cc0d49e6572c7c5e9433bf275"
"environment/runtime/harbor/trial/queue.py","IGNORE","Harbor·Docker·computer-use 실행 환경은 초기 범위 밖","MIT","none","1f4589690482e6ae8e2872853f0620f9c958a469e4c9c830bac57d018341fce1"
"environment/runtime/harbor/trial/single_step.py","IGNORE","Harbor·Docker·computer-use 실행 환경은 초기 범위 밖","MIT","none","aa432202de8104e5b2eb220cc22785a17a298b3eb231ac262bbae45a8006e8ba"
"environment/runtime/harbor/trial/trial.py","IGNORE","Harbor·Docker·computer-use 실행 환경은 초기 범위 밖","MIT","none","0b5e2606c123b4aefe4030165b70a3270f621f94a016c766824ff5f20634c118"
"environment/runtime/harbor/upload/__init__.py","IGNORE","Harbor·Docker·computer-use 실행 환경은 초기 범위 밖","MIT","none","e3b0c44298fc1c149afbf4c8996fb92427ae41e4649b934ca495991b7852b855"
"environment/runtime/harbor/upload/auth.py","IGNORE","Harbor·Docker·computer-use 실행 환경은 초기 범위 밖","MIT","none","f5c13e14d1adba360e6acc9484a50daffb8a258577ec4ae6a7d75ade20588df5"
"environment/runtime/harbor/upload/db_client.py","IGNORE","Harbor·Docker·computer-use 실행 환경은 초기 범위 밖","MIT","none","7859f1e4ea7bd2a7edfaa374cfe7c9dab68e445b9e62a14dc10a332b2d97270d"
"environment/runtime/harbor/upload/storage.py","IGNORE","Harbor·Docker·computer-use 실행 환경은 초기 범위 밖","MIT","none","f285aaf8b623985af3b7b185850389c346dd1eb89f6b893f00a80caee2836b9a"
"environment/runtime/harbor/upload/uploader.py","IGNORE","Harbor·Docker·computer-use 실행 환경은 초기 범위 밖","MIT","none","1f5c4010d66a9aef3c9e4f5ed415b3ab5ae6eed034b8774f1c28a5eff2bfa0ee"
"environment/runtime/harbor/utils/container_cache.py","IGNORE","Harbor·Docker·computer-use 실행 환경은 초기 범위 밖","MIT","none","d29f2d4fe5ca693fba78b5a098de3886426cc5dda10791061173e187b9504430"
"environment/runtime/harbor/utils/env.py","IGNORE","Harbor·Docker·computer-use 실행 환경은 초기 범위 밖","MIT","none","af1238c8b037f18eba3697b10a68df4cd4a3c744718b2144429d5072ed43aa21"
"environment/runtime/harbor/utils/import_path.py","IGNORE","Harbor·Docker·computer-use 실행 환경은 초기 범위 밖","MIT","none","b9854a090dbc542f5138fbaf62093e6780fe8b9a2e69357a7b6226ae17446a62"
"environment/runtime/harbor/utils/logger.py","IGNORE","Harbor·Docker·computer-use 실행 환경은 초기 범위 밖","MIT","none","7469fb9db0164020138a9d1b357d568353005bb685d585e0b135c0f66a4724f0"
"environment/runtime/harbor/utils/optional_import.py","IGNORE","Harbor·Docker·computer-use 실행 환경은 초기 범위 밖","MIT","none","f4fb04cf55c3797aec142165496bdf0a2415fcbe88300a1b2c2ce6885a96cb55"
"environment/runtime/harbor/utils/pass_at_k.py","IGNORE","Harbor·Docker·computer-use 실행 환경은 초기 범위 밖","MIT","none","a81e63e0d4caae56b6cf2e5847bed123e3895a77f24f5b7e34cc11901aafc2c4"
"environment/runtime/harbor/utils/path_filter.py","IGNORE","Harbor·Docker·computer-use 실행 환경은 초기 범위 밖","MIT","none","765db66b4a975515a844c4dbf026e5094912924a341d9314e81d1a536c2675c0"
"environment/runtime/harbor/utils/scripts.py","IGNORE","Harbor·Docker·computer-use 실행 환경은 초기 범위 밖","MIT","none","e8fbe52e7c29cb92f9730ad31efbb68dfa8aaa3e0a38c5439700d23aa803ec8c"
"environment/runtime/harbor/utils/templating.py","IGNORE","Harbor·Docker·computer-use 실행 환경은 초기 범위 밖","MIT","none","22c72a6f2d83b2223baf7bf90e4fb5f6b9639f3eb6467eb86817e1122d1837f0"
"environment/runtime/harbor/utils/traces_utils.py","IGNORE","Harbor·Docker·computer-use 실행 환경은 초기 범위 밖","MIT","none","da1061aff0aa5a2c278f52c5d92539e054a273eab241c9921cb754515b0a2138"
"environment/runtime/harbor/utils/trajectory_utils.py","IGNORE","Harbor·Docker·computer-use 실행 환경은 초기 범위 밖","MIT","none","0c7e42303b521ce001a56aba3b3ea64d5d8d0bf5da37c9bf83d4b9c0769eff60"
"environment/runtime/harbor/utils/trajectory_validator.py","IGNORE","Harbor·Docker·computer-use 실행 환경은 초기 범위 밖","MIT","none","e6399e9754a0339b6280f6173a7589a3613e08f806414e3e18da0a0b5c657d8a"
"environment/runtime/harbor/utils/version.py","IGNORE","Harbor·Docker·computer-use 실행 환경은 초기 범위 밖","MIT","none","522291b4a95fd86cb1351549bb81f415155922d7462e9de941a5ac66c9ae6538"
"environment/runtime/harbor/verifier/base.py","IGNORE","Harbor·Docker·computer-use 실행 환경은 초기 범위 밖","MIT","none","267cbf792ff65c135aa99887c6fc56442a4657de6b9cea39a33be60f4724d041"
"environment/runtime/harbor/verifier/factory.py","IGNORE","Harbor·Docker·computer-use 실행 환경은 초기 범위 밖","MIT","none","b4b470efe8ce84c0774b836a8992a09c2abf105ed5d35abf3640a317ab6ccac3"
"environment/runtime/harbor/verifier/verifier.py","IGNORE","Harbor·Docker·computer-use 실행 환경은 초기 범위 밖","MIT","none","679d3dc0defb0047968ca43f1d49f259ad489a24cb70972d033e2d036768f5f1"
"environment/runtime/harbor/viewer/__init__.py","IGNORE","Harbor·Docker·computer-use 실행 환경은 초기 범위 밖","MIT","none","331aa96ea2bb531b7a669a64b46ee5e7db0e9d316908acc710948242c88ba0ef"
"environment/runtime/harbor/viewer/chat.py","IGNORE","Harbor·Docker·computer-use 실행 환경은 초기 범위 밖","MIT","none","27277be84aee6363c1c766fada9cff2a889f727abc1e8f4db576f42d1c193bb7"
"environment/runtime/harbor/viewer/models.py","IGNORE","Harbor·Docker·computer-use 실행 환경은 초기 범위 밖","MIT","none","d99920d377c62a26dda826676c483f8ab9354bf6dab5becbf6d80c1eec298d42"
"environment/runtime/harbor/viewer/scanner.py","IGNORE","Harbor·Docker·computer-use 실행 환경은 초기 범위 밖","MIT","none","9b11c3c1dc8177b3a7bb3063d0d97665cb697a0e916c5ebe2473cfae4a00540c"
"environment/runtime/harbor/viewer/server.py","IGNORE","Harbor·Docker·computer-use 실행 환경은 초기 범위 밖","MIT","none","d37aa7fcc12d21cd96be117ad4174a339624d1500a23f21e3f383740931f6912"
"environment/runtime/harbor/viewer/static/assets/api-B6leabSG.js","IGNORE","Harbor·Docker·computer-use 실행 환경은 초기 범위 밖","MIT","none","e8b0534f47fcab5e2ad1c246a2d44cb96a5fe22f078e645c4856dfd4b3c33e56"
"environment/runtime/harbor/viewer/static/assets/card-ByAlTGyK.js","IGNORE","Harbor·Docker·computer-use 실행 환경은 초기 범위 밖","MIT","none","49c819d0ccad45b32500120ca5184730e00229404adf970c032f4f8ee83d533c"
"environment/runtime/harbor/viewer/static/assets/code-block-CoXpTrM9.js","IGNORE","Harbor·Docker·computer-use 실행 환경은 초기 범위 밖","MIT","none","a6d99b71534b0567c60311e95a8162eb10dfa4ae31bb676c020be5ae73d68ded"
"environment/runtime/harbor/viewer/static/assets/combobox-3WL-PSYh.js","IGNORE","Harbor·Docker·computer-use 실행 환경은 초기 범위 밖","MIT","none","ec6f32355384e7da559ba819579be4711df7810d9fb638a71ebde89695c2208e"
"environment/runtime/harbor/viewer/static/assets/compare-Br3z3FUS-NCZr5600.js","IGNORE","Harbor·Docker·computer-use 실행 환경은 초기 범위 밖","MIT","none","b41d94d46b55d76e62e9b43341fbafdb43d5c8b574c665e271dca158a595ab80"
"environment/runtime/harbor/viewer/static/assets/compare-D5VUHUed.js","IGNORE","Harbor·Docker·computer-use 실행 환경은 초기 범위 밖","MIT","none","542c4d4b911298e77f4a5feda5b0032e222cc7ad1f386defac44181017bb7f29"
"environment/runtime/harbor/viewer/static/assets/copy-button-BiUIoiRg.js","IGNORE","Harbor·Docker·computer-use 실행 환경은 초기 범위 밖","MIT","none","42bd9fe406c3d8983dd0346e262c2f6787b449fe669c241b8acd69981120d79b"
"environment/runtime/harbor/viewer/static/assets/empty-3ov4AHBn.js","IGNORE","Harbor·Docker·computer-use 실행 환경은 초기 범위 밖","MIT","none","f892a8832c14899d4ec274f55bbd1a61b18924daac2c01d6bf978f6e1394384d"
"environment/runtime/harbor/viewer/static/assets/entry.client-CPPAFiuq.js","IGNORE","Harbor·Docker·computer-use 실행 환경은 초기 범위 밖","MIT","none","50b789bcb51efc9a44414f47a99fb96d4314afe0fcd4581f5262ab5096db59a5"
"environment/runtime/harbor/viewer/static/assets/folder-open-C-19KDqh.js","IGNORE","Harbor·Docker·computer-use 실행 환경은 초기 범위 밖","MIT","none","84d645f24336646dda389ef868e9143f61812a2c48fd5d3413f66c133b8f3a40"
"environment/runtime/harbor/viewer/static/assets/home-DjWWkcve.js","IGNORE","Harbor·Docker·computer-use 실행 환경은 초기 범위 밖","MIT","none","d0c219d19eef2ece42f7fd007e75ee711da2e864ad27a3075ed29f7515945d99"
"environment/runtime/harbor/viewer/static/assets/hooks-BajBfwsk.js","IGNORE","Harbor·Docker·computer-use 실행 환경은 초기 범위 밖","MIT","none","7aa09857c70f715a7f38b23d8d7cbb375c702f0580c320cb61e2bcaf4486440e"
"environment/runtime/harbor/viewer/static/assets/html2canvas.esm-CBrSDip1.js","IGNORE","Harbor·Docker·computer-use 실행 환경은 초기 범위 밖","MIT","none","45c82d9784569b883676683634749d541d704fc3647f50a78bceb93f0ac2b23b"
"environment/runtime/harbor/viewer/static/assets/index-6Kxbq_ki.css","IGNORE","Harbor·Docker·computer-use 실행 환경은 초기 범위 밖","MIT","none","2989c45133e63fa19d54599ad99d9d8310c6c2456e54b18fa5ef7887832b83d4"
"environment/runtime/harbor/viewer/static/assets/index-B8bkWzMw.js","IGNORE","Harbor·Docker·computer-use 실행 환경은 초기 범위 밖","MIT","none","b605ca4a506d16dc240ed1d01ba661660d656ff2b04f5d745f5e38b0a8da69ce"
"environment/runtime/harbor/viewer/static/assets/index-Bw-SiEtS.js","IGNORE","Harbor·Docker·computer-use 실행 환경은 초기 범위 밖","MIT","none","229161a60fca16b4498de048c1eb63056975b7e3d0c8958db98cf8b328a04748"
"environment/runtime/harbor/viewer/static/assets/index-CFRTLbHl.js","IGNORE","Harbor·Docker·computer-use 실행 환경은 초기 범위 밖","MIT","none","6c7387e4a0fd35d79f6ac2cd4ae886e2612d4563717ac9263806723eb77f1ca9"
"environment/runtime/harbor/viewer/static/assets/index-CGWlubsr.js","IGNORE","Harbor·Docker·computer-use 실행 환경은 초기 범위 밖","MIT","none","d0833771432e1120b6b2db5c1f6c0e9da047cea30047e3513cd2382c8740e04a"
"environment/runtime/harbor/viewer/static/assets/index-CK9veMVn.js","IGNORE","Harbor·Docker·computer-use 실행 환경은 초기 범위 밖","MIT","none","6f932115b10ad9d3e7d6c1b686a082ec16216ce5ed70d60a8ce45fcf4a390df7"
"environment/runtime/harbor/viewer/static/assets/index-Db1_vh5G.js","IGNORE","Harbor·Docker·computer-use 실행 환경은 초기 범위 밖","MIT","none","68dd31daf63b8593530031e48eaad993edd842b5ffdf5b89003a3a306dab7332"
"environment/runtime/harbor/viewer/static/assets/index-DFpFNFLN.js","IGNORE","Harbor·Docker·computer-use 실행 환경은 초기 범위 밖","MIT","none","8fc4bb89bb0ab7e88699d5ea548cefdb273990bc7f390da995ee946d0f5e7c56"
"environment/runtime/harbor/viewer/static/assets/index-Dn0BayCe.js","IGNORE","Harbor·Docker·computer-use 실행 환경은 초기 범위 밖","MIT","none","3fa3413c4680d4cffec63a06068b349f5ee26b2e05b0b079f685fe13d3d22abe"
"environment/runtime/harbor/viewer/static/assets/index-KkKoXxIp.js","IGNORE","Harbor·Docker·computer-use 실행 환경은 초기 범위 밖","MIT","none","43217cb9289f7dd676810e61aaf6444497dfe48bf9d3e4d659d7fda9df3babbc"
"environment/runtime/harbor/viewer/static/assets/index.es-1UTKc7GV.js","IGNORE","Harbor·Docker·computer-use 실행 환경은 초기 범위 밖","MIT","none","c9691b83d74484946204fc883b6e97228ed62db73aba6de90c5b70514af315a3"
"environment/runtime/harbor/viewer/static/assets/index.es-2oDsXg9j.js","IGNORE","Harbor·Docker·computer-use 실행 환경은 초기 범위 밖","MIT","none","251cd022b8ce1a32501b71e48264ddafc99fc2f986c14fd82796e5394b78c51f"
"environment/runtime/harbor/viewer/static/assets/index.es-Bd9rGENb.js","IGNORE","Harbor·Docker·computer-use 실행 환경은 초기 범위 밖","MIT","none","24549011c0c57991e8c5ea7601700bdd84225249df57177684da94fc8052ea27"
"environment/runtime/harbor/viewer/static/assets/index.es-BU5LrmlL.js","IGNORE","Harbor·Docker·computer-use 실행 환경은 초기 범위 밖","MIT","none","9b367fc023de31942f4897a6b42404a1a11e18ab802b94f95975cdc79f8621a0"
"environment/runtime/harbor/viewer/static/assets/index.es-DJIw_5-x.js","IGNORE","Harbor·Docker·computer-use 실행 환경은 초기 범위 밖","MIT","none","9058548e70cb18dfef530d98a71617be41ae39fbbd22004720be4b2245794a4c"
"environment/runtime/harbor/viewer/static/assets/job-TskEXOWk.js","IGNORE","Harbor·Docker·computer-use 실행 환경은 초기 범위 밖","MIT","none","000e19c2e31e4ee25d72e8e363a729a1719da4639ca205e14a54f8a8e7a88ed4"
"environment/runtime/harbor/viewer/static/assets/manifest-a6bc92b0.js","IGNORE","Harbor·Docker·computer-use 실행 환경은 초기 범위 밖","MIT","none","6ff932dc9e6b62bbcd5b5c938f739feb4a4650b33d4f4640a8a1090546ee1fc6"
"environment/runtime/harbor/viewer/static/assets/mutation-MPi2RsbJ.js","IGNORE","Harbor·Docker·computer-use 실행 환경은 초기 범위 밖","MIT","none","88e9df0d67deccbc43d1f44c40055937e4d4b7a17177850210721e0fe008874e"
"environment/runtime/harbor/viewer/static/assets/purify.es-Jn2rvFN8.js","IGNORE","Harbor·Docker·computer-use 실행 환경은 초기 범위 밖","MIT","none","4d657568dcebb90074ab9e54efaa5bb5d00e90e857a9745bb159728fc61fa02c"
"environment/runtime/harbor/viewer/static/assets/QueryClientProvider-zcRzqspo.js","IGNORE","Harbor·Docker·computer-use 실행 환경은 초기 범위 밖","MIT","none","0989598ba4ec89c58432087930f831f6a9ccd713c70f433560b200be668490c9"
"environment/runtime/harbor/viewer/static/assets/root-BSA1r-4v.css","IGNORE","Harbor·Docker·computer-use 실행 환경은 초기 범위 밖","MIT","none","c1214b09346fcb0e5954bdbcba552fba03d95d49f81bf7f84a4352e3d934ff54"
"environment/runtime/harbor/viewer/static/assets/root-CzprmGfu.js","IGNORE","Harbor·Docker·computer-use 실행 환경은 초기 범위 밖","MIT","none","d174c682e6579612962a4baf4ef6638ac6c218a8e9a8ea5d3a4659f051a58649"
"environment/runtime/harbor/viewer/static/assets/select-BSOD9--o.js","IGNORE","Harbor·Docker·computer-use 실행 환경은 초기 범위 밖","MIT","none","cf175957c24d59223885d6a716e0c5f9fe964222a51f5618e9d71eef412025df"
"environment/runtime/harbor/viewer/static/assets/table-BymbTKWc.js","IGNORE","Harbor·Docker·computer-use 실행 환경은 초기 범위 밖","MIT","none","5e1049daa3abfbc83eaf795a9f8bb31ee7366bdc9e852c7346e29e922b707f83"
"environment/runtime/harbor/viewer/static/assets/tabs-DIMaopfb.js","IGNORE","Harbor·Docker·computer-use 실행 환경은 초기 범위 밖","MIT","none","83e71ffd2b6a3371d1dca2745d8fd4ca792a3d18b67fcb0ed4d28acca907b182"
"environment/runtime/harbor/viewer/static/assets/task-definition-DQ-VRmW9.js","IGNORE","Harbor·Docker·computer-use 실행 환경은 초기 범위 밖","MIT","none","c3eb8e313682323186c35fa5007061a743b81aea092f3ddf961604e6df3096c2"
"environment/runtime/harbor/viewer/static/assets/task-definitions-DMt-2aZ1.js","IGNORE","Harbor·Docker·computer-use 실행 환경은 초기 범위 밖","MIT","none","478e556914834d0eb493c681d631c7b1bf005db1a6b567313fd692c133d6004d"
"environment/runtime/harbor/viewer/static/assets/task-TN1mn9zN.js","IGNORE","Harbor·Docker·computer-use 실행 환경은 초기 범위 밖","MIT","none","8007aa370505973650f7c3907807c01fc079c113e7c8acf7ce53e8340a704812"
"environment/runtime/harbor/viewer/static/assets/tooltip-BMqJWYXb.js","IGNORE","Harbor·Docker·computer-use 실행 환경은 초기 범위 밖","MIT","none","eebcd2b109d4109db4abd7d92d2fae6704023db36426496338f09803f3ebd5f0"
"environment/runtime/harbor/viewer/static/assets/trash-2-0dNiixTU.js","IGNORE","Harbor·Docker·computer-use 실행 환경은 초기 범위 밖","MIT","none","f9430de6faff481fd223692995e92f1b5bf2614bf147887864e52cbb6d7895aa"
"environment/runtime/harbor/viewer/static/assets/trial-CfEWuKxK.js","IGNORE","Harbor·Docker·computer-use 실행 환경은 초기 범위 밖","MIT","none","48059e8d98354e46272f79fcb005ee70e779497679467254b219822df372a5e3"
"environment/runtime/harbor/viewer/static/assets/useMutation-CYRbo83F.js","IGNORE","Harbor·Docker·computer-use 실행 환경은 초기 범위 밖","MIT","none","3c2be071f0574fea1d1dc0047a6244dc0f1766ae3016f4beaa45332d78f72b1d"
"environment/runtime/harbor/viewer/static/favicon.ico","IGNORE","Harbor·Docker·computer-use 실행 환경은 초기 범위 밖","MIT","none","7758780c9a56645aa7e509e8d6719bfc8495575fd78430bcdb90ec2089257ea7"
"environment/runtime/harbor/viewer/static/favicon.svg","IGNORE","Harbor·Docker·computer-use 실행 환경은 초기 범위 밖","MIT","none","209b288772479a96a45057c3164c5789d189dd7a13382fc1e57d8c5ef8cc8dcb"
"environment/runtime/harbor/viewer/static/fonts/GoogleSansCode-VariableFont_wght.ttf","IGNORE","Harbor·Docker·computer-use 실행 환경은 초기 범위 밖","MIT","none","88be64849506a7a70a57668a8d580c999718bdac0a85a59ff47e1ab2173f77b4"
"environment/runtime/harbor/viewer/static/index.html","IGNORE","Harbor·Docker·computer-use 실행 환경은 초기 범위 밖","MIT","none","9d9f94f82728d6188c0451fa83048ad87cd1187a4b6d88aa4a73c9f3924eb735"
"environment/runtime/harbor/viewer/task_scanner.py","IGNORE","Harbor·Docker·computer-use 실행 환경은 초기 범위 밖","MIT","none","f341a86f54e75c5de7da3858b84ab6831fda3adbd509c427b19b3a705016d3c5"
"environment/task-environments/application/CHAT_ENVS.md","IGNORE","Harbor·Docker·computer-use 실행 환경은 초기 범위 밖","MIT","none","4bc187cf0ce40da5ad869d98758d408934d413fcc40e7552ad7380dec91ce71c"
"environment/task-environments/application/chatbot-api-sidecar_acme-support-api/docker-compose.yaml","IGNORE","Harbor·Docker·computer-use 실행 환경은 초기 범위 밖","MIT","none","eebb4c3b991e8cdecd14306b6a10154231cdaa2e3f1a3229bafe6ae43365903f"
"environment/task-environments/application/chatbot-api-sidecar_acme-support-api/README.md","IGNORE","Harbor·Docker·computer-use 실행 환경은 초기 범위 밖","MIT","none","cc2843743381d01257593cb5da6d5d8bd0f85eb210ddeb53b994b430961e9217"
"environment/task-environments/application/chatbot-api-sidecar_acme-support-api/support-api/Dockerfile","IGNORE","Harbor·Docker·computer-use 실행 환경은 초기 범위 밖","MIT","none","5c4d7dd1a70a721d4720ea9d67f7f0ad093edb9bc8091cfd779dfcb97ac56ab7"
"environment/task-environments/application/chatbot-api-sidecar_acme-support-api/support-api/server.py","IGNORE","Harbor·Docker·computer-use 실행 환경은 초기 범위 밖","MIT","none","62c472a2d453438ae93dc1ace097f98e22c4f1f92e3b37b3845066813066549f"
"environment/task-environments/application/chatbot-api-sidecar_deeptutor/docker-compose.yaml","IGNORE","Harbor·Docker·computer-use 실행 환경은 초기 범위 밖","MIT","none","5590f1726c4e8772fb911d0378b2523c0092517139c66f26dd7a474bea374931"
"environment/task-environments/application/chatbot-api-sidecar_deeptutor/README.md","IGNORE","Harbor·Docker·computer-use 실행 환경은 초기 범위 밖","MIT","none","8086e4c6cae7b16eafa80afa18920ad6158756e8359bc110df224bd3c5095076"
"environment/task-environments/application/chatbot-api-sidecar_deeptutor/tutor-adapter/adapter.py","IGNORE","Harbor·Docker·computer-use 실행 환경은 초기 범위 밖","MIT","none","9167757281df7e18c8ca0f565698b2a40143fc3e1d109a24f7f874c831a3e6d6"
"environment/task-environments/application/chatbot-api-sidecar_deeptutor/tutor-adapter/Dockerfile","IGNORE","Harbor·Docker·computer-use 실행 환경은 초기 범위 밖","MIT","none","6be433e799d9f7753944b55c39e53b0bcabdcf1fb7ce2aa43f0c7e20ef3f11f2"
"environment/task-environments/application/chatbot-api-sidecar_deeptutor/tutor-adapter/requirements.txt","IGNORE","Harbor·Docker·computer-use 실행 환경은 초기 범위 밖","MIT","none","61e5176650d5d3aa8442441287516edfee52916170983a8d8974d04c58b590c4"
"environment/task-environments/application/chatbot-api-sidecar_meal-plan-api/docker-compose.yaml","IGNORE","Harbor·Docker·computer-use 실행 환경은 초기 범위 밖","MIT","none","a1b47455bcb06ee7b65260bbf8cf579152990386c49eef142002dc0d22718832"
"environment/task-environments/application/chatbot-api-sidecar_meal-plan-api/meal-plan-api/Dockerfile","IGNORE","Harbor·Docker·computer-use 실행 환경은 초기 범위 밖","MIT","none","f9e20c82917ff967b88c508fa2fb53adbea1759d625090f65bdb23b1e83192ad"
"environment/task-environments/application/chatbot-api-sidecar_meal-plan-api/meal-plan-api/llm.py","IGNORE","Harbor·Docker·computer-use 실행 환경은 초기 범위 밖","MIT","none","879d1394fdc02194d40b16a199b3925f68b36e41648028f892b23385137456ff"
"environment/task-environments/application/chatbot-api-sidecar_meal-plan-api/meal-plan-api/nutrition_data.py","IGNORE","Harbor·Docker·computer-use 실행 환경은 초기 범위 밖","MIT","none","36a0e00ff1432607a2e722e4eb653facbdba21981ac3be4d5c46eaf765ff8b96"
"environment/task-environments/application/chatbot-api-sidecar_meal-plan-api/meal-plan-api/requirements.txt","IGNORE","Harbor·Docker·computer-use 실행 환경은 초기 범위 밖","MIT","none","1c0833f2297a83556d07a50365529b695d6a209a07f2874d3d434f0f0eaa5894"
"environment/task-environments/application/chatbot-api-sidecar_meal-plan-api/meal-plan-api/server.py","IGNORE","Harbor·Docker·computer-use 실행 환경은 초기 범위 밖","MIT","none","720e5adbdd87b5fc228f7f42a921c7000d242a7b389e157494017d4e5010d20e"
"environment/task-environments/application/chatbot-api-sidecar_meal-plan-api/meal-plan-api/test_llm.py","IGNORE","Harbor·Docker·computer-use 실행 환경은 초기 범위 밖","MIT","none","8f8999f1f6499c9a32ed78e44ab9808683071a9cf6e4b5a13209caf2f094acbd"
"environment/task-environments/application/chatbot-api-sidecar_meal-plan-api/meal-plan-api/test_server.py","IGNORE","Harbor·Docker·computer-use 실행 환경은 초기 범위 밖","MIT","none","22eccb59f6f88cf490c10917ea9a5c0ce8c6dfe634050e17f5cdccaac2ba444b"
"environment/task-environments/application/chatbot-api-sidecar_meal-plan-api/meal-plan-api/test_verifier.py","IGNORE","Harbor·Docker·computer-use 실행 환경은 초기 범위 밖","MIT","none","82456ca7df2b23a05570eb315a798522def60befed6cd76613492a1c74a281c6"
"environment/task-environments/application/chatbot-api-sidecar_multi-agent-medical-assistant/docker-compose.yaml","IGNORE","Harbor·Docker·computer-use 실행 환경은 초기 범위 밖","MIT","none","3bd6b54c92f14044d3f784bf955c35b6f0dc1219830a28a8977d4629df7eaf51"
"environment/task-environments/application/chatbot-api-sidecar_multi-agent-medical-assistant/multi-agent-medical-assistant/Dockerfile","IGNORE","Harbor·Docker·computer-use 실행 환경은 초기 범위 밖","MIT","none","16bc7dc9d25bc2d2386f8812df4f8eba9fe5e757e07c64a0bfb0d230109e37c9"
"environment/task-environments/application/chatbot-api-sidecar_multi-agent-medical-assistant/multi-agent-medical-assistant-api/Dockerfile","IGNORE","Harbor·Docker·computer-use 실행 환경은 초기 범위 밖","MIT","none","d610bcd8346dd1bcef0fc3f852e7d4c6fc2c9887e172737d074e772e7d4a9c6a"
"environment/task-environments/application/chatbot-api-sidecar_multi-agent-medical-assistant/multi-agent-medical-assistant-api/medical_http.py","IGNORE","Harbor·Docker·computer-use 실행 환경은 초기 범위 밖","MIT","none","3997c425fc38a87c180105135e79f6ce85bc3d81089fdbff44cf66c1617c3768"
"environment/task-environments/application/chatbot-api-sidecar_multi-agent-medical-assistant/multi-agent-medical-assistant-api/medical_server.py","IGNORE","Harbor·Docker·computer-use 실행 환경은 초기 범위 밖","MIT","none","0f003bf4916bf3106586a6f2f62a6d99897837bfb2ec70ce62a75509ed1d75dd"
"environment/task-environments/application/chatbot-api-sidecar_multi-agent-medical-assistant/README.md","IGNORE","Harbor·Docker·computer-use 실행 환경은 초기 범위 밖","MIT","none","226e9332027c498ad0f3fd4ce6bc7551cf683446283dc5274767d9e5dbb41c74"
"environment/task-environments/application/chatbot-api-sidecar_openbb/docker-compose.yaml","IGNORE","Harbor·Docker·computer-use 실행 환경은 초기 범위 밖","MIT","none","f438b28c271b2b66efaae796a119597117567b6251147a268a26264a9a0b36d0"
"environment/task-environments/application/chatbot-api-sidecar_openbb/finance-chatbot/Dockerfile","IGNORE","Harbor·Docker·computer-use 실행 환경은 초기 범위 밖","MIT","none","44a7cc675783d694a750282281f89d628a82a52a56f9bbb1c4e6952a6a913d92"
"environment/task-environments/application/chatbot-api-sidecar_openbb/finance-chatbot/finance_openbb.py","IGNORE","Harbor·Docker·computer-use 실행 환경은 초기 범위 밖","MIT","none","c82f5b6bd8c37047a4fc6bab8bec7499fa12dc42a8e72e5a4404ca10ff9a4ec6"
"environment/task-environments/application/chatbot-api-sidecar_openbb/finance-chatbot/finance_server.py","IGNORE","Harbor·Docker·computer-use 실행 환경은 초기 범위 밖","MIT","none","127dc1e2dc11d4536ba13029df6b63690a718ccf08c9834a9ecd6edbd943213a"
"environment/task-environments/application/chatbot-api-sidecar_openbb/finance-chatbot/requirements.txt","IGNORE","Harbor·Docker·computer-use 실행 환경은 초기 범위 밖","MIT","none","f8ed67c3f00567b924700319e00313f4a99edb71eef9d53b77576dfd9e5c1d90"
"environment/task-environments/application/chatbot-api-sidecar_openbb/openbb-mcp/Dockerfile","IGNORE","Harbor·Docker·computer-use 실행 환경은 초기 범위 밖","MIT","none","3d9effa3cf9bc0d7effc563764d0147837248351cb104f64d47b096d26e54ed1"
"environment/task-environments/application/chatbot-api-sidecar_openbb/openbb-mcp/run_openbb_mcp.py","IGNORE","Harbor·Docker·computer-use 실행 환경은 초기 범위 밖","MIT","none","3840f6337df86c992763bbcf5238615b0de8590c2d0d707b2d017a44db9b1171"
"environment/task-environments/application/chatbot-api-sidecar_openbb/README.md","IGNORE","Harbor·Docker·computer-use 실행 환경은 초기 범위 밖","MIT","none","3709b2cb3e24a09f9757dccffafc11970337aa470b9ce783104801795dc6f7bb"
"environment/task-environments/application/chatbot-api-sidecar_prescreening/docker-compose.yaml","IGNORE","Harbor·Docker·computer-use 실행 환경은 초기 범위 밖","MIT","none","f8da9971830cb140bb35c6735a38d83cf18eecf0571f651ecb21236d233d1b18"
"environment/task-environments/application/chatbot-api-sidecar_prescreening/prescreening-chatbot/Dockerfile","IGNORE","Harbor·Docker·computer-use 실행 환경은 초기 범위 밖","MIT","none","65aa896d7b1f3601ddb39f77fec58109a5b7c0d2dce4ea7ad2cfacc39470b196"
"environment/task-environments/application/chatbot-api-sidecar_prescreening/prescreening-chatbot/protocols/chat_prescreening-01-diabetes.json","IGNORE","Harbor·Docker·computer-use 실행 환경은 초기 범위 밖","MIT","none","3ec723bee4c5122ae0c26f85f5ddafea1ece52ab33c5f16ac084303aa6034f73"
"environment/task-environments/application/chatbot-api-sidecar_prescreening/prescreening-chatbot/protocols/chat_prescreening-02-hypertension.json","IGNORE","Harbor·Docker·computer-use 실행 환경은 초기 범위 밖","MIT","none","dd957b3019c1937a34997657ef19109e67f1d6976264f193e2813be535339e6f"
"environment/task-environments/application/chatbot-api-sidecar_prescreening/prescreening-chatbot/protocols/chat_prescreening-03-migraine.json","IGNORE","Harbor·Docker·computer-use 실행 환경은 초기 범위 밖","MIT","none","21ab808eca8d76caaec9ca686ce3409407d8363a3d537b268991e5ef60c33e16"
"environment/task-environments/application/chatbot-api-sidecar_prescreening/prescreening-chatbot/protocols/chat_prescreening-04-sleep-apnea.json","IGNORE","Harbor·Docker·computer-use 실행 환경은 초기 범위 밖","MIT","none","2a1266d7de877fdf8a64213a3319d3ab2ce72ff011a3ae56cd0cd2ba675b4f69"
"environment/task-environments/application/chatbot-api-sidecar_prescreening/prescreening-chatbot/protocols/chat_prescreening-05-knee-oa.json","IGNORE","Harbor·Docker·computer-use 실행 환경은 초기 범위 밖","MIT","none","f6092e5391e165f1324b4dca35118280d6700be624041373d6ba845e1da94f80"
"environment/task-environments/application/chatbot-api-sidecar_prescreening/prescreening-chatbot/protocols/chat_prescreening-06-smoking.json","IGNORE","Harbor·Docker·computer-use 실행 환경은 초기 범위 밖","MIT","none","8c12c3ea3d2afe09642b0c7c83fd54a36672e52dc23d663899fca52d83545485"
"environment/task-environments/application/chatbot-api-sidecar_prescreening/prescreening-chatbot/protocols/chat_prescreening-07-insomnia.json","IGNORE","Harbor·Docker·computer-use 실행 환경은 초기 범위 밖","MIT","none","debc6b68cf27476ea25e04e0e937704998cc74ea0d7b68fc6da0ae73253e2253"
"environment/task-environments/application/chatbot-api-sidecar_prescreening/prescreening-chatbot/protocols/chat_prescreening-08-cardiac-rehab.json","IGNORE","Harbor·Docker·computer-use 실행 환경은 초기 범위 밖","MIT","none","48fb92672d9695afd2a297a1498f17ff9f14f14e1c2c572f70f8e00dc80fd3a9"
"environment/task-environments/application/chatbot-api-sidecar_prescreening/prescreening-chatbot/protocols/chat_prescreening-09-afib.json","IGNORE","Harbor·Docker·computer-use 실행 환경은 초기 범위 밖","MIT","none","3e5267ba7cca7077658c2429e8e4fa905b60383e4ded8d990fc44e437744f4a0"
"environment/task-environments/application/chatbot-api-sidecar_prescreening/prescreening-chatbot/protocols/chat_prescreening-10-asthma.json","IGNORE","Harbor·Docker·computer-use 실행 환경은 초기 범위 밖","MIT","none","ac00f31d536f8c9dda7e619a5e8169fd8355d3f46b864bd1e0ecbbe4c8863fb1"
"environment/task-environments/application/chatbot-api-sidecar_prescreening/prescreening-chatbot/server.py","IGNORE","Harbor·Docker·computer-use 실행 환경은 초기 범위 밖","MIT","none","cef48100b29b00336bc0ec9fa2fe1ed51c30fbc255bef163b13b4bcb50bdb13c"
"environment/task-environments/application/chatbot-api-sidecar_prescreening/README.md","IGNORE","Harbor·Docker·computer-use 실행 환경은 초기 범위 밖","MIT","none","8d225a5f1de45ce8840050545a2f7df9b46d5cbd74e49787d2a892d75f1a5a06"
"environment/task-environments/application/chatbot-api-sidecar_recai/docker-compose.yaml","IGNORE","Harbor·Docker·computer-use 실행 환경은 초기 범위 밖","MIT","none","8ada04ba30c0ec2a0dd0d4b4956bf2b59741dca29bc619f73408e4470eea8cdc"
"environment/task-environments/application/chatbot-api-sidecar_recai/README.md","IGNORE","Harbor·Docker·computer-use 실행 환경은 초기 범위 밖","MIT","none","1197a5103051a1514d92d895de3dae0ecc3d9156cecbd397c959f102fc5fe93b"
"environment/task-environments/application/chatbot-api-sidecar_recai/recommender-api/.gitignore","IGNORE","Harbor·Docker·computer-use 실행 환경은 초기 범위 밖","MIT","none","4e70f0d28654d35182718002616c2c89b3056782aad2de7d6cad0d2e2d07ccb8"
"environment/task-environments/application/chatbot-api-sidecar_recai/recommender-api/Dockerfile","IGNORE","Harbor·Docker·computer-use 실행 환경은 초기 범위 밖","MIT","none","5db7b2804889e8ea28888be47bad7948d7f96b2ec868922d18bacddbb5eadb29"
"environment/task-environments/application/chatbot-api-sidecar_recai/recommender-api/scripts/setup_recai_native.sh","IGNORE","Harbor·Docker·computer-use 실행 환경은 초기 범위 밖","MIT","none","2e11fd3a18c32be4c85cd6aa34f1f7673130db986309b0ee6cd4b5353672b9f1"
"environment/task-environments/application/chatbot-api-sidecar_recai/recommender-api/scripts/setup_recai_resources.py","IGNORE","Harbor·Docker·computer-use 실행 환경은 초기 범위 밖","MIT","none","c9c93b607204aea12a1f191533bb676de39421dc9e3c2ac344289d1154c08581"
"environment/task-environments/application/chatbot-api-sidecar_recai/recommender-api/server.py","IGNORE","Harbor·Docker·computer-use 실행 환경은 초기 범위 밖","MIT","none","62aeef460108b9e61e043ed134d033cbd5a304163743cb2294361ce781560cc1"
"environment/task-environments/application/chatbot-mcp-sidecar_acme-support/docker-compose.yaml","IGNORE","Harbor·Docker·computer-use 실행 환경은 초기 범위 밖","MIT","none","27804717a36fd6b09ab0f83278448fe77c308fa77f471af9b45303d58fa24170"
"environment/task-environments/application/chatbot-mcp-sidecar_acme-support/README.md","IGNORE","Harbor·Docker·computer-use 실행 환경은 초기 범위 밖","MIT","none","ca055200fa754db09880e0989889157cf01fb2fa83064db6be069ab8fe658515"
"environment/task-environments/application/chatbot-mcp-sidecar_acme-support/support-bot/Dockerfile","IGNORE","Harbor·Docker·computer-use 실행 환경은 초기 범위 밖","MIT","none","a02fef337a65ebd28a75246b6a7995531d3001ad4cbf7957fe80e0b793e4c275"
"environment/task-environments/application/chatbot-mcp-sidecar_acme-support/support-bot/server.py","IGNORE","Harbor·Docker·computer-use 실행 환경은 초기 범위 밖","MIT","none","cc111b586379b3e2709199257717423878fd8c4f0dc1e3e98d91cb9700302b46"
"environment/task-environments/application/os-app-ios_news-subscription-decision/.gitkeep","IGNORE","Harbor·Docker·computer-use 실행 환경은 초기 범위 밖","MIT","none","e3b0c44298fc1c149afbf4c8996fb92427ae41e4649b934ca495991b7852b855"
"environment/task-environments/application/shared-chat-persona/Dockerfile","IGNORE","Harbor·Docker·computer-use 실행 환경은 초기 범위 밖","MIT","none","9e32604cbec17822fcf8e9c65709fb65716f0b15d8cd532bb593ddb05c29b1ae"
"environment/task-environments/application/shared-chat-persona/install-claude-code.sh","IGNORE","Harbor·Docker·computer-use 실행 환경은 초기 범위 밖","MIT","none","95bc7f2565d4c7880afffa5dd50be14b010fdc929a76836237b4b6a7f6e800ae"
"environment/task-environments/application/shared-chat-persona/README.md","IGNORE","Harbor·Docker·computer-use 실행 환경은 초기 범위 밖","MIT","none","185c96d0e7f1f8a7e0b1be7d50681220757c47364ffc41661604ecbfcc555f00"
"environment/task-environments/application/shared-os-app-linux/Dockerfile","IGNORE","Harbor·Docker·computer-use 실행 환경은 초기 범위 밖","MIT","none","65812e6c227c121985c1f9e8660628afbfc4202080e4d57940c063d6cb6bcb2c"
"environment/task-environments/application/shared-os-app-linux/README.md","IGNORE","Harbor·Docker·computer-use 실행 환경은 초기 범위 밖","MIT","none","ebb67a8a81c7a7e124aaa78fc6fc0d122db356eb9f97088fa0c4ac9a5e89af64"
"environment/task-environments/application/shared-os-app-mac-ios/.gitkeep","IGNORE","Harbor·Docker·computer-use 실행 환경은 초기 범위 밖","MIT","none","e3b0c44298fc1c149afbf4c8996fb92427ae41e4649b934ca495991b7852b855"
"environment/task-environments/application/shared-os-app-mac-ios/README.md","IGNORE","Harbor·Docker·computer-use 실행 환경은 초기 범위 밖","MIT","none","a6a9031f074b1707fc1ddf74ace6cdc0aaef01b036b5147a535c79415bddb5c3"
"environment/task-environments/application/shared-survey-form/Dockerfile","IGNORE","Harbor·Docker·computer-use 실행 환경은 초기 범위 밖","MIT","none","f0b46d7e17e934ef4183aa6a730cf14d97e44ded18b2f9810f5d84ba77975eaa"
"environment/task-environments/application/shared-survey-form/install-claude-code.sh","IGNORE","Harbor·Docker·computer-use 실행 환경은 초기 범위 밖","MIT","none","95bc7f2565d4c7880afffa5dd50be14b010fdc929a76836237b4b6a7f6e800ae"
"environment/task-environments/application/shared-web-browser-use/Dockerfile","IGNORE","Harbor·Docker·computer-use 실행 환경은 초기 범위 밖","MIT","none","76d20a191e7a9a280dda1681165a6abb8cc46087e1307bfee8ddc0dd5af29f1a"
"environment/task-environments/application/shared-web-cli/Dockerfile","IGNORE","Harbor·Docker·computer-use 실행 환경은 초기 범위 밖","MIT","none","c7c9450edcd82dd9baa82cae69a553baaebd5aa45aaa7b9065b2c6d1db1170fd"
"environment/task-environments/application/shared-web-cli/install-claude-code.sh","IGNORE","Harbor·Docker·computer-use 실행 환경은 초기 범위 밖","MIT","none","95bc7f2565d4c7880afffa5dd50be14b010fdc929a76836237b4b6a7f6e800ae"
"environment/task-environments/application/shared-web-cocoa/docker-compose.yaml","IGNORE","Harbor·Docker·computer-use 실행 환경은 초기 범위 밖","MIT","none","5026f3efb3754c7a405b63f3ba14e4cf74e79c20361582a87a21e364ed6f34fe"
"environment/task-environments/application/shared-web-cocoa/Dockerfile","IGNORE","Harbor·Docker·computer-use 실행 환경은 초기 범위 밖","MIT","none","de85f637bbc135f10bb40a6df27805162e66bb99fa11d13ba6b6f28c27fa3f57"
"environment/task-environments/application/shared-web-cua-linux/Dockerfile","IGNORE","Harbor·Docker·computer-use 실행 환경은 초기 범위 밖","MIT","none","3a0681872a8b0d273bda6aa9f0291801c40ac2784bd217815ae21a6ca9efe742"
"environment/task-environments/application/shared-web-playwright/Dockerfile","IGNORE","Harbor·Docker·computer-use 실행 환경은 초기 범위 밖","MIT","none","e7bee79a81a566fb5881991090f23065c14282fa701f1349b14fe8dbc437c261"
"environment/task-environments/application/texas-holdem_web/docker-compose.yaml","IGNORE","Harbor·Docker·computer-use 실행 환경은 초기 범위 밖","MIT","none","09ca4c179afd9df26567803bc3b5250414b391bb90c347d0fdb0baebf0d229ee"
"environment/task-environments/application/texas-holdem_web/Dockerfile","IGNORE","Harbor·Docker·computer-use 실행 환경은 초기 범위 밖","MIT","none","e7bee79a81a566fb5881991090f23065c14282fa701f1349b14fe8dbc437c261"
"environment/task-environments/application/texas-holdem_web/holdem-web/bot.py","IGNORE","Harbor·Docker·computer-use 실행 환경은 초기 범위 밖","MIT","none","aedea88ba846c8793bed6883ad8451e195d4d08273e893f62d0ec77c33b8fda5"
"environment/task-environments/application/texas-holdem_web/holdem-web/Dockerfile","IGNORE","Harbor·Docker·computer-use 실행 환경은 초기 범위 밖","MIT","none","86e094f1f64dd880f147aa7aff2efb13bd1a2a7164ecb1f0b511b9f9cc0e04a2"
"environment/task-environments/application/texas-holdem_web/holdem-web/game.py","IGNORE","Harbor·Docker·computer-use 실행 환경은 초기 범위 밖","MIT","none","d11f229a1d73d7120e0afb58ecae5ffa8683282fdc1137d8b8058bf56f8d17b3"
"environment/task-environments/application/texas-holdem_web/holdem-web/requirements.txt","IGNORE","Harbor·Docker·computer-use 실행 환경은 초기 범위 밖","MIT","none","1694d559ada2173c91da2436bc5bf5401c8cbe2ded836e9a9777ab29c6fd1268"
"environment/task-environments/application/texas-holdem_web/holdem-web/scenarios/scenario_001.json","IGNORE","Harbor·Docker·computer-use 실행 환경은 초기 범위 밖","MIT","none","a94a4c4f83d0b1595cab20b0ac36758ad00f5c816b83425ba88c7fa2eca35895"
"environment/task-environments/application/texas-holdem_web/holdem-web/scenarios/scenario_002.json","IGNORE","Harbor·Docker·computer-use 실행 환경은 초기 범위 밖","MIT","none","92a69d3f7447887b0a3edfa365619097f4ddebe14748c3b3ba478db075b39bbd"
"environment/task-environments/application/texas-holdem_web/holdem-web/scenarios/scenario_003.json","IGNORE","Harbor·Docker·computer-use 실행 환경은 초기 범위 밖","MIT","none","076b3e136ff010bdd69248717edab3c9b633a5adeab9d995c5ab90e0e3117964"
"environment/task-environments/application/texas-holdem_web/holdem-web/scenarios/scenario_004.json","IGNORE","Harbor·Docker·computer-use 실행 환경은 초기 범위 밖","MIT","none","2e83a4476cad9a408a716fab65ce6f7d1f1290ec442b6beece7b70497a67b0f7"
"environment/task-environments/application/texas-holdem_web/holdem-web/scenarios/scenario_005.json","IGNORE","Harbor·Docker·computer-use 실행 환경은 초기 범위 밖","MIT","none","a26f2a6f3c43417ffee79dc3c176bab68ab2234b5078080027fb9cd6d41ff65a"
"environment/task-environments/application/texas-holdem_web/holdem-web/server.py","IGNORE","Harbor·Docker·computer-use 실행 환경은 초기 범위 밖","MIT","none","6f58a4dcbba7ad9d347cf963c4ddc21b25496cb18d71ac2b5aaee2d2ae189cd1"
"environment/task-environments/application/texas-holdem_web/holdem-web/static/index.html","IGNORE","Harbor·Docker·computer-use 실행 환경은 초기 범위 밖","MIT","none","87ec3eac806b1482074782d1ce218980ec13444e92921bdf0d9906ede8a00aa7"
"examples/.DS_Store","IGNORE","Phase 0~2의 제품 계약에 필요하지 않음","MIT","none","e79a9f5e634aa831b1c70f77e9b5bb27573243ce23f9c37f987e5de5047d7c44"
"examples/tasks/computer-1-click-calibration/environment/click_calibration.html","ADAPT","구조와 실패 사례만 자체 구현에 반영","MIT","design-or-test-reference","5e1cf62255b83db43c8574a9033ba20423da2cabcc315ddf0b642d6fec225922"
"examples/tasks/computer-1-click-calibration/environment/Dockerfile","ADAPT","구조와 실패 사례만 자체 구현에 반영","MIT","design-or-test-reference","7634ec617727baf6f90452689e2172931c833e9d98b8aa8151095ef62831e11f"
"examples/tasks/computer-1-click-calibration/instruction.md","ADAPT","구조와 실패 사례만 자체 구현에 반영","MIT","design-or-test-reference","1d076f39eaaeffd2c5ee3def94f2c43a096899fa552caa0fd934e35a204082a3"
"examples/tasks/computer-1-click-calibration/task.toml","ADAPT","구조와 실패 사례만 자체 구현에 반영","MIT","design-or-test-reference","03ebb9d536004f2dd615034d055bd0d2bac8901b280af4df529335f7de58dd00"
"examples/tasks/computer-1-click-calibration/tests/test.sh","ADAPT","구조와 실패 사례만 자체 구현에 반영","MIT","design-or-test-reference","40a01b22db32dbb9ff9f303b10f2876e4b674e62f803a45adde05a3ef72f077a"
"examples/tasks/describe-image/environment/Dockerfile","ADAPT","구조와 실패 사례만 자체 구현에 반영","MIT","design-or-test-reference","7e40c24a414f557f647cc1b93fa5e11d6f86af94f4177b0247a256a16d3822c2"
"examples/tasks/describe-image/environment/image.png","ADAPT","구조와 실패 사례만 자체 구현에 반영","MIT","design-or-test-reference","ff75088ce5b9054df8ffc352ffbe7b0d78e5d9cd91416ea880213b5183c1e02d"
"examples/tasks/describe-image/instruction.md","ADAPT","구조와 실패 사례만 자체 구현에 반영","MIT","design-or-test-reference","fc6ac39bb2f122fc5c8c99ee3e92f57e6d6815b5d2f52cd5fa0b8c1631f0e682"
"examples/tasks/describe-image/solution/solve.sh","ADAPT","구조와 실패 사례만 자체 구현에 반영","MIT","design-or-test-reference","3b6be3ad24e26896688d2a68846f1f9b1417ea1bba9518d9aa173c86b1b5fb1b"
"examples/tasks/describe-image/task.toml","ADAPT","구조와 실패 사례만 자체 구현에 반영","MIT","design-or-test-reference","a6d4defba13b04e9dbe1e3b9b987971628888de2c9746d4e3a845c14d180f442"
"examples/tasks/describe-image/tests/test.sh","ADAPT","구조와 실패 사례만 자체 구현에 반영","MIT","design-or-test-reference","9a4dbaed1a4982d86d8738bb43aa16a5ca7aab40341bd0f509d1e36cb7b9169a"
"examples/tasks/hello-alpine/environment/Dockerfile","ADAPT","구조와 실패 사례만 자체 구현에 반영","MIT","design-or-test-reference","06270a6fb87e5ff7cccceb978748febecf1c9ac62f2775b0485ca4b90b4d0379"
"examples/tasks/hello-alpine/instruction.md","ADAPT","구조와 실패 사례만 자체 구현에 반영","MIT","design-or-test-reference","64e87345665209e8bbf1db91687ce27732044ec7ecfc1c49bfdcbe40bd04185a"
"examples/tasks/hello-alpine/solution/solve.sh","ADAPT","구조와 실패 사례만 자체 구현에 반영","MIT","design-or-test-reference","677f8c48ee85b0b47b5daf3780c48814100caa34dbebbfd7ea7135b34c724134"
"examples/tasks/hello-alpine/task.toml","ADAPT","구조와 실패 사례만 자체 구현에 반영","MIT","design-or-test-reference","a3fb43a6d94ee56ca13b075c17866dad3b69cf0127ba497e695706ef2be46dde"
"examples/tasks/hello-alpine/tests/test_state.py","ADAPT","구조와 실패 사례만 자체 구현에 반영","MIT","design-or-test-reference","f219416b41d952452cc109c8aea5d4627d9793554dfa78535cee8a69123e048f"
"examples/tasks/hello-alpine/tests/test.sh","ADAPT","구조와 실패 사례만 자체 구현에 반영","MIT","design-or-test-reference","882612b0e366a18407fe4aca4ba9d2ec775396f6515e70cf94fd1742c3872df3"
"examples/tasks/hello-computer-use/environment/.gitkeep","ADAPT","구조와 실패 사례만 자체 구현에 반영","MIT","design-or-test-reference","01ba4719c80b6fe911b091a7c05124b64eeece964e09c058ef8f9805daca546b"
"examples/tasks/hello-computer-use/instruction.md","ADAPT","구조와 실패 사례만 자체 구현에 반영","MIT","design-or-test-reference","47a7c8ad39b5bc186119462c9df309708ea4d2dafb8dc16def7bb861272cb331"
"examples/tasks/hello-computer-use/solution/solve.sh","ADAPT","구조와 실패 사례만 자체 구현에 반영","MIT","design-or-test-reference","b0c3072529d67f297ca9bfc4d744d78d44675bbd08bcffe27a58d51f91deeee5"
"examples/tasks/hello-computer-use/task.toml","ADAPT","구조와 실패 사례만 자체 구현에 반영","MIT","design-or-test-reference","e5842f117ffaeb184c03f48703147e77976a94de00998aa57dee1ebb65c6f34f"
"examples/tasks/hello-computer-use/tests/test.sh","ADAPT","구조와 실패 사례만 자체 구현에 반영","MIT","design-or-test-reference","758449269fb7d5a5a578e6524b42b35b5cab60c768f524378e5deec5552f8e73"
"examples/tasks/hello-cuda/environment/Dockerfile","ADAPT","구조와 실패 사례만 자체 구현에 반영","MIT","design-or-test-reference","88c50344f8132aec50f1696036763b8c488b0c3e44795de702b41b4222f042d0"
"examples/tasks/hello-cuda/instruction.md","ADAPT","구조와 실패 사례만 자체 구현에 반영","MIT","design-or-test-reference","4c25a8924652ec33ff8aaeade1d6dfbf73932e06cfe623317c669e150feb5fbc"
"examples/tasks/hello-cuda/solution/solve.sh","ADAPT","구조와 실패 사례만 자체 구현에 반영","MIT","design-or-test-reference","9717f3b4141520165ae2d14fe272424a06354899c0d2c0345c5dd3b5e9638d44"
"examples/tasks/hello-cuda/task.toml","ADAPT","구조와 실패 사례만 자체 구현에 반영","MIT","design-or-test-reference","d3114e7edbc1d32ea23bc0accec36d2413e7bd06e661289428e59c5c01942e42"
"examples/tasks/hello-cuda/tests/test_state.py","ADAPT","구조와 실패 사례만 자체 구현에 반영","MIT","design-or-test-reference","e8ef729385dc829b84fb7ebf58944eeb7317c18681cbb96427e42c0f3ba06baa"
"examples/tasks/hello-cuda/tests/test.sh","ADAPT","구조와 실패 사례만 자체 구현에 반영","MIT","design-or-test-reference","0aefd5b2381807175220c8a7e87d0eb43686be07a38aa82ae124778377c47c60"
"examples/tasks/hello-healthcheck/environment/Dockerfile","ADAPT","구조와 실패 사례만 자체 구현에 반영","MIT","design-or-test-reference","e652134c54c22a3b456fc43c33fc5b2e6893db5a428ec0a9dd16021d33008ac3"
"examples/tasks/hello-healthcheck/environment/entrypoint.sh","ADAPT","구조와 실패 사례만 자체 구현에 반영","MIT","design-or-test-reference","7b6bd50ab6deaf4ba4c68b013afeae17ac137b0f53a3d37fefe4f41ff07fbc12"
"examples/tasks/hello-healthcheck/instruction.md","ADAPT","구조와 실패 사례만 자체 구현에 반영","MIT","design-or-test-reference","716a9a05cbc86d8cb2b7330af3122ec0e2176b51b8b1e86bbfd5ec0b532fc821"
"examples/tasks/hello-healthcheck/solution/solve.sh","ADAPT","구조와 실패 사례만 자체 구현에 반영","MIT","design-or-test-reference","f19f26e66740535af09f794cc1773d941a5b21d347254043d3a10cc32c83b74d"
"examples/tasks/hello-healthcheck/task.toml","ADAPT","구조와 실패 사례만 자체 구현에 반영","MIT","design-or-test-reference","ca854e359abecb92bb6f0c2a93bf4e47e80a3b7831b3fdd61ae43b53feee39a4"
"examples/tasks/hello-healthcheck/tests/test.sh","ADAPT","구조와 실패 사례만 자체 구현에 반영","MIT","design-or-test-reference","c6db45321e057c7d14416b5532a1409baefad7f63b2168177186ee41b656ba43"
"examples/tasks/hello-mcp/environment/docker-compose.yaml","ADAPT","구조와 실패 사례만 자체 구현에 반영","MIT","design-or-test-reference","0b70bfb2954d5a6500a65276cb0940b22684acd2d50681cbf5f6d46d6d37970c"
"examples/tasks/hello-mcp/environment/Dockerfile","ADAPT","구조와 실패 사례만 자체 구현에 반영","MIT","design-or-test-reference","2a252a1c4138346503b519c92ed47912adedb4556c883c3514a0f0c31b10792d"
"examples/tasks/hello-mcp/environment/mcp-server/Dockerfile","ADAPT","구조와 실패 사례만 자체 구현에 반영","MIT","design-or-test-reference","f4072821ee0931967366e75e4644d0a2e5f833dd56aa41b299bb86c2ae176dc2"
"examples/tasks/hello-mcp/environment/mcp-server/server.py","ADAPT","구조와 실패 사례만 자체 구현에 반영","MIT","design-or-test-reference","2b37384702f816de637c716a2836d8aa3fb02ff335824cc38941ae0ecdb45cc9"
"examples/tasks/hello-mcp/instruction.md","ADAPT","구조와 실패 사례만 자체 구현에 반영","MIT","design-or-test-reference","45948b9897a686aa7f76e94a79b3f91d7eba7ee129eae8fb7c94c6c02baf1c59"
"examples/tasks/hello-mcp/README.md","ADAPT","구조와 실패 사례만 자체 구현에 반영","MIT","design-or-test-reference","e0eb5d6674c3323c3f5c6365e978fde0f61c2404fb6f27a8a176965d306dba22"
"examples/tasks/hello-mcp/solution/solve.sh","ADAPT","구조와 실패 사례만 자체 구현에 반영","MIT","design-or-test-reference","950ea25792730b5fed53836ab69696acd9ab4cd5317f9e52a1f90d542dc3dd9e"
"examples/tasks/hello-mcp/task.toml","ADAPT","구조와 실패 사례만 자체 구현에 반영","MIT","design-or-test-reference","e16a7c3953194fd339b37e88fba85ee2798873a3888eeec5f2131df647278343"
"examples/tasks/hello-mcp/tests/test_outputs.py","ADAPT","구조와 실패 사례만 자체 구현에 반영","MIT","design-or-test-reference","f9ee752cd4724b2f60fed14bf7389aa23a300e9edc39dd98dbd4a91bd9a538e4"
"examples/tasks/hello-mcp/tests/test.sh","ADAPT","구조와 실패 사례만 자체 구현에 반영","MIT","design-or-test-reference","e26daee2de02446ae541140c19d4616cc85818bb3291713657e2bd360db6248a"
"examples/tasks/hello-multi-step-advanced/environment/Dockerfile","ADAPT","구조와 실패 사례만 자체 구현에 반영","MIT","design-or-test-reference","abe90ef7e8123d053cc198217b00476ec41fad738766f422e8caed114c53d3af"
"examples/tasks/hello-multi-step-advanced/steps/document/instruction.md","ADAPT","구조와 실패 사례만 자체 구현에 반영","MIT","design-or-test-reference","541e72630e38b9eb185a9320141a5e6ba86f386ccaca4da9890278af0ee98c4f"
"examples/tasks/hello-multi-step-advanced/steps/document/solution/solve.sh","ADAPT","구조와 실패 사례만 자체 구현에 반영","MIT","design-or-test-reference","8b6efccf468e12f28e4ea5f2a3a615e12ae145e823da6b56d9b458374f28229d"
"examples/tasks/hello-multi-step-advanced/steps/document/tests/test.sh","ADAPT","구조와 실패 사례만 자체 구현에 반영","MIT","design-or-test-reference","f59bf6391a40c7221f33c45aa8c19d53d4131ce38c20b423fd2fb24f31da0fc5"
"examples/tasks/hello-multi-step-advanced/steps/implement/instruction.md","ADAPT","구조와 실패 사례만 자체 구현에 반영","MIT","design-or-test-reference","961263ae10a5b318230db8fe024b18fcdcf8c48e287e0def7919d7d6f959907a"
"examples/tasks/hello-multi-step-advanced/steps/implement/solution/solve.sh","ADAPT","구조와 실패 사례만 자체 구현에 반영","MIT","design-or-test-reference","9de7d9a902cd602a2984118b654d2e11b6940e4f77aae8619471ca8524fca9d1"
"examples/tasks/hello-multi-step-advanced/steps/implement/tests/expected.txt","ADAPT","구조와 실패 사례만 자체 구현에 반영","MIT","design-or-test-reference","8d820798cab2c35d4ff376698362a99d7ff88ecbcd454f81ddd49f9484013300"
"examples/tasks/hello-multi-step-advanced/steps/implement/tests/test.sh","ADAPT","구조와 실패 사례만 자체 구현에 반영","MIT","design-or-test-reference","b31c016ed8c00147988cc131da5fc55cce93aaeeed9b8ebcda3995ecd2af866c"
"examples/tasks/hello-multi-step-advanced/steps/implement/workdir/config.txt","ADAPT","구조와 실패 사례만 자체 구현에 반영","MIT","design-or-test-reference","635025caaa15a51d28ed84c70061c039cb235c9586f57763535fe9c330b33203"
"examples/tasks/hello-multi-step-advanced/steps/implement/workdir/setup.sh","ADAPT","구조와 실패 사례만 자체 구현에 반영","MIT","design-or-test-reference","84fd41ef14223a73dd404a831e5bb2df8ffdb7fd5731ccf4d094d535b37b9a73"
"examples/tasks/hello-multi-step-advanced/steps/scaffold/instruction.md","ADAPT","구조와 실패 사례만 자체 구현에 반영","MIT","design-or-test-reference","0ba225b9d4f1fad41c5ec018025eef787f5ecd07cb117c994552662a57e79264"
"examples/tasks/hello-multi-step-advanced/steps/scaffold/solution/solve.sh","ADAPT","구조와 실패 사례만 자체 구현에 반영","MIT","design-or-test-reference","647f061287adfe57e77ddda0698b28db8fc874a5d5eb681ff449ca9b7fee53b1"
"examples/tasks/hello-multi-step-advanced/steps/scaffold/tests/test.sh","ADAPT","구조와 실패 사례만 자체 구현에 반영","MIT","design-or-test-reference","ef2665db6cf8022a85d277618cf01398bda81cb5541bfdd38b434ac113af1de3"
"examples/tasks/hello-multi-step-advanced/task.toml","ADAPT","구조와 실패 사례만 자체 구현에 반영","MIT","design-or-test-reference","cf69ce5c2236a24c368b14d7efe87893f10005af907a5153100d8c7d9891cfa6"
"examples/tasks/hello-multi-step-advanced/tests/helpers.sh","ADAPT","구조와 실패 사례만 자체 구현에 반영","MIT","design-or-test-reference","834c595a9270841f2273a4d04eada9d11112d90b57655313467a929ea62f7deb"
"examples/tasks/hello-multi-step-bat/environment/Dockerfile","ADAPT","구조와 실패 사례만 자체 구현에 반영","MIT","design-or-test-reference","99e8ccabd4fd34f29119ee455b92fb19520d3a9a424e49a0a9e45ab7ac04e088"
"examples/tasks/hello-multi-step-bat/steps/append-content/instruction.md","ADAPT","구조와 실패 사례만 자체 구현에 반영","MIT","design-or-test-reference","b7aae1c380759836a0c02c9bf10915533b952b23114a26fec7b37c6f94c76fce"
"examples/tasks/hello-multi-step-bat/steps/append-content/solution/solve.bat","ADAPT","구조와 실패 사례만 자체 구현에 반영","MIT","design-or-test-reference","b6bda6ba24369e8fbef28f70ad654a3b87dc061a2416983974c23566522960f5"
"examples/tasks/hello-multi-step-bat/steps/append-content/tests/test.bat","ADAPT","구조와 실패 사례만 자체 구현에 반영","MIT","design-or-test-reference","c8b31a8b0d60584c4d456cfbdcd7fad9878b6929ea27ee398260935f8d1471dc"
"examples/tasks/hello-multi-step-bat/steps/create-file/instruction.md","ADAPT","구조와 실패 사례만 자체 구현에 반영","MIT","design-or-test-reference","080a2cd365328b1203221b9efafe0dd0170081807f23249f94386be2ffd0b6ea"
"examples/tasks/hello-multi-step-bat/steps/create-file/solution/solve.bat","ADAPT","구조와 실패 사례만 자체 구현에 반영","MIT","design-or-test-reference","fcb99a0553d40efb505b5dcf4971dd431e2663d010940c1283bbd4bda05ff634"
"examples/tasks/hello-multi-step-bat/steps/create-file/tests/test.bat","ADAPT","구조와 실패 사례만 자체 구현에 반영","MIT","design-or-test-reference","37552a2440f42de14a3a5c20948f5764ba9b16c00b1431898b1aecc820852986"
"examples/tasks/hello-multi-step-bat/task.toml","ADAPT","구조와 실패 사례만 자체 구현에 반영","MIT","design-or-test-reference","50f086318bc9cdba3b5b78d4c92c159fa5f848aab33c66c75e029002481ca60b"
"examples/tasks/hello-multi-step-simple/environment/Dockerfile","ADAPT","구조와 실패 사례만 자체 구현에 반영","MIT","design-or-test-reference","cea22be2ec629f51eddd143679422ca2d7507df42137a7dbe017c25c085daddd"
"examples/tasks/hello-multi-step-simple/steps/append-content/instruction.md","ADAPT","구조와 실패 사례만 자체 구현에 반영","MIT","design-or-test-reference","87089014b289391dd5cbc4185b95604341134ae3d819f4108a7d2e0b886b028b"
"examples/tasks/hello-multi-step-simple/steps/append-content/solution/solve.sh","ADAPT","구조와 실패 사례만 자체 구현에 반영","MIT","design-or-test-reference","d304b8357351504b1c3f4808d775c9275986e3f8cd8ccfcd81ae4d03afda2a21"
"examples/tasks/hello-multi-step-simple/steps/append-content/tests/test.sh","ADAPT","구조와 실패 사례만 자체 구현에 반영","MIT","design-or-test-reference","7f4ca575d7d41df39ca4fe83e5fd74b2dbd9c76cbfa69b496b12c406bce8a8c0"
"examples/tasks/hello-multi-step-simple/steps/create-file/instruction.md","ADAPT","구조와 실패 사례만 자체 구현에 반영","MIT","design-or-test-reference","fd0aba6fb35d08aac2d5a02701d51e751dc0cddbfca8d1e6707b216eb5e92832"
"examples/tasks/hello-multi-step-simple/steps/create-file/solution/solve.sh","ADAPT","구조와 실패 사례만 자체 구현에 반영","MIT","design-or-test-reference","023ee4ebe4ca35a33fe421d1d15ed2f85dd001dfbd2e0908a190b9613ead7b2b"
"examples/tasks/hello-multi-step-simple/steps/create-file/tests/test.sh","ADAPT","구조와 실패 사례만 자체 구현에 반영","MIT","design-or-test-reference","b5171030b1c4072f5a04130f81423c6bb38748fe4d802583e8a82e45778b9ebf"
"examples/tasks/hello-multi-step-simple/task.toml","ADAPT","구조와 실패 사례만 자체 구현에 반영","MIT","design-or-test-reference","3be0472123f7bc0b89fa60ec6db36ee29e7dc35daf94d5c600a86bcf03751238"
"examples/tasks/hello-skills/environment/Dockerfile","ADAPT","구조와 실패 사례만 자체 구현에 반영","MIT","design-or-test-reference","524f384f9515ff58c62d33ec6ce17330fbc175daebcadf7c3723f5fb7c55de2e"
"examples/tasks/hello-skills/environment/skills/generate-greeting/SKILL.md","ADAPT","구조와 실패 사례만 자체 구현에 반영","MIT","design-or-test-reference","5d7aa1a405995084f1bd45d7b988a3a9e11cb2cb80153f1431ece4e02ae66bf6"
"examples/tasks/hello-skills/instruction.md","ADAPT","구조와 실패 사례만 자체 구현에 반영","MIT","design-or-test-reference","bb95e0f98288524e36f3d51c62df8d9be3ca3162f4e92a4023aad736210f0e45"
"examples/tasks/hello-skills/solution/solve.sh","ADAPT","구조와 실패 사례만 자체 구현에 반영","MIT","design-or-test-reference","b6e8da58b0864bc80e3c2f5b66f1fc1efec6016dba1bb64678376c62683259f0"
"examples/tasks/hello-skills/task.toml","ADAPT","구조와 실패 사례만 자체 구현에 반영","MIT","design-or-test-reference","3020f397942521e234355ba74dd9a532125df65833e1be215c49cfc5471972bb"
"examples/tasks/hello-skills/tests/test_greeting.py","ADAPT","구조와 실패 사례만 자체 구현에 반영","MIT","design-or-test-reference","626bf7938e12828d6c0982cb0477f0044f875d8c5061392e9571bfda097724aa"
"examples/tasks/hello-skills/tests/test.sh","ADAPT","구조와 실패 사례만 자체 구현에 반영","MIT","design-or-test-reference","0662930cb1c7a1e62b3e0de386d943920eab89816a17481abe2eddf44ff1be24"
"examples/tasks/hello-user/environment/Dockerfile","ADAPT","구조와 실패 사례만 자체 구현에 반영","MIT","design-or-test-reference","6a654ee4be47acfa3a63d6041f4be72466dadd7d99bee31aee5a53ddcbccfb6a"
"examples/tasks/hello-user/instruction.md","ADAPT","구조와 실패 사례만 자체 구현에 반영","MIT","design-or-test-reference","d47e8cb70e7c4aa0a6a1e0ef5c6a4c0c551d4cc3e1e1b754270e3fb81e511f20"
"examples/tasks/hello-user/solution/solve.sh","ADAPT","구조와 실패 사례만 자체 구현에 반영","MIT","design-or-test-reference","48bde1aaedac945b7c4add44445aec9d9fc9c3d31bd19928ed5f81ed4ad55bc7"
"examples/tasks/hello-user/task.toml","ADAPT","구조와 실패 사례만 자체 구현에 반영","MIT","design-or-test-reference","51347351a9754c18033e4136b5afef945c17a0c256506eac6c50cbf6596d4e76"
"examples/tasks/hello-user/tests/test.sh","ADAPT","구조와 실패 사례만 자체 구현에 반영","MIT","design-or-test-reference","66b8d158ce5c697dc61cc3b6c34433490e8e3f85de30dd6b9e4617e1615e7588"
"examples/tasks/hello-workdir/environment/Dockerfile","ADAPT","구조와 실패 사례만 자체 구현에 반영","MIT","design-or-test-reference","816135c3f5676d7819bf57583727752bc98a547e58071b1a32ee4e236606a383"
"examples/tasks/hello-workdir/instruction.md","ADAPT","구조와 실패 사례만 자체 구현에 반영","MIT","design-or-test-reference","74e3bd38e039ece74bdceec3d7d9727fcbe8556d8ceb3d1087c2590e5128ba95"
"examples/tasks/hello-workdir/solution/solve.sh","ADAPT","구조와 실패 사례만 자체 구현에 반영","MIT","design-or-test-reference","64624b090a2a1342d5857bd029eaab71547398bf95db837e64e77ad61cc5509c"
"examples/tasks/hello-workdir/task.toml","ADAPT","구조와 실패 사례만 자체 구현에 반영","MIT","design-or-test-reference","a3a813977dd0d15d4a39073444f01bc5d883fcf06d757133027defe1378c3e6c"
"examples/tasks/hello-workdir/tests/test.sh","ADAPT","구조와 실패 사례만 자체 구현에 반영","MIT","design-or-test-reference","0f98ebb592c36e8e4a427c051cdc2823538cdbe96632ac122794d6b748c35834"
"examples/tasks/hello-world/environment/Dockerfile","ADAPT","구조와 실패 사례만 자체 구현에 반영","MIT","design-or-test-reference","4569411ab1edf9b01cf980bf6c4a686ebfb606c16f91d5a2c2a218b0bfdca0ef"
"examples/tasks/hello-world/instruction.md","ADAPT","구조와 실패 사례만 자체 구현에 반영","MIT","design-or-test-reference","2a753a51dba6bdec8b64b73ef9e25f64ffa40369dc21059b58fbd2999510e076"
"examples/tasks/hello-world/solution/solve.sh","ADAPT","구조와 실패 사례만 자체 구현에 반영","MIT","design-or-test-reference","7e830a7de2f007b0a02ae7fcd5a7a7ce2bc96f6a2be533314f789344ceadfa31"
"examples/tasks/hello-world/task.toml","ADAPT","구조와 실패 사례만 자체 구현에 반영","MIT","design-or-test-reference","e5aeeebd1546ca36fe248b8f2c0a83e907450ab1572c42d62d07906d5e2753a7"
"examples/tasks/hello-world/tests/test_state.py","ADAPT","구조와 실패 사례만 자체 구현에 반영","MIT","design-or-test-reference","f219416b41d952452cc109c8aea5d4627d9793554dfa78535cee8a69123e048f"
"examples/tasks/hello-world/tests/test.sh","ADAPT","구조와 실패 사례만 자체 구현에 반영","MIT","design-or-test-reference","0aefd5b2381807175220c8a7e87d0eb43686be07a38aa82ae124778377c47c60"
"examples/tasks/hello-world-bat/environment/Dockerfile","ADAPT","구조와 실패 사례만 자체 구현에 반영","MIT","design-or-test-reference","99e8ccabd4fd34f29119ee455b92fb19520d3a9a424e49a0a9e45ab7ac04e088"
"examples/tasks/hello-world-bat/instruction.md","ADAPT","구조와 실패 사례만 자체 구현에 반영","MIT","design-or-test-reference","6c02d12d55bf2fc8be11146c34620d9096ca737b3f7f0d9e6f8f6bc466e0c235"
"examples/tasks/hello-world-bat/solution/solve.bat","ADAPT","구조와 실패 사례만 자체 구현에 반영","MIT","design-or-test-reference","533b1227d3a4648a78e4a569ca9bcca143d99b211176b99ba828e80400904fb9"
"examples/tasks/hello-world-bat/task.toml","ADAPT","구조와 실패 사례만 자체 구현에 반영","MIT","design-or-test-reference","24326212e0003656f32c3b800786e548aa6d35d41b652840019367ec50420be7"
"examples/tasks/hello-world-bat/tests/test.bat","ADAPT","구조와 실패 사례만 자체 구현에 반영","MIT","design-or-test-reference","459aac7a9d774869d9cf04d8b65ec5ac1520ab85f58096576b494bac4d1d61e8"
"examples/tasks/llm-judge-example/environment/Dockerfile","ADAPT","구조와 실패 사례만 자체 구현에 반영","MIT","design-or-test-reference","d8f16a177dd92f834497173900250d812859a91a521bd20a0df69d458d68ac4e"
"examples/tasks/llm-judge-example/instruction.md","ADAPT","구조와 실패 사례만 자체 구현에 반영","MIT","design-or-test-reference","df64f1fee0d51bc4f6f4e51703073ad10d9d0e0bcb4baaecc071281d1a1a4d93"
"examples/tasks/llm-judge-example/README.md","ADAPT","구조와 실패 사례만 자체 구현에 반영","MIT","design-or-test-reference","6ddb322a2c08307efa25aaa57c0c28d0d156e8f77b74c472fbc1abb26cf63e62"
"examples/tasks/llm-judge-example/solution/solve.sh","ADAPT","구조와 실패 사례만 자체 구현에 반영","MIT","design-or-test-reference","aba32b5c8c7a76236b0deaea826a474fe047df3ddeb4432f4537391a2c6672d9"
"examples/tasks/llm-judge-example/task.toml","ADAPT","구조와 실패 사례만 자체 구현에 반영","MIT","design-or-test-reference","1d40c63b853166c9c5de5a3adeeb737924d4c210c31af4cf967142f97470b0aa"
"examples/tasks/llm-judge-example/tests/llm_judge.py","ADAPT","구조와 실패 사례만 자체 구현에 반영","MIT","design-or-test-reference","4ba4f11c0c4017f8e5545909f63415140ede464ff3d5f1a3ddd0a20fb4e58e57"
"examples/tasks/llm-judge-example/tests/test.sh","ADAPT","구조와 실패 사례만 자체 구현에 반영","MIT","design-or-test-reference","deecddeb457f563098540bd59674aa859fb5302a5f156e5a789219b12551c0c5"
"examples/tasks/network-policy-matrix/dynamic/e-a-diff/environment/Dockerfile","ADAPT","구조와 실패 사례만 자체 구현에 반영","MIT","design-or-test-reference","6e9040b6c16b65e39429e13fff1899fafe3c8042e7461cd47bc9fcdebe0d5370"
"examples/tasks/network-policy-matrix/dynamic/e-a-diff/instruction.md","ADAPT","구조와 실패 사례만 자체 구현에 반영","MIT","design-or-test-reference","4a375eb94e08a274c1c140efbeb15bebf45cdb2ad30f81e6b35e8c76b7cbb9e8"
"examples/tasks/network-policy-matrix/dynamic/e-a-diff/solution/solve.sh","ADAPT","구조와 실패 사례만 자체 구현에 반영","MIT","design-or-test-reference","8378936a9674190328f0ea8a2d1cb75ad41ea8609575e0bc35b1b331c2a7ca08"
"examples/tasks/network-policy-matrix/dynamic/e-a-diff/task.toml","ADAPT","구조와 실패 사례만 자체 구현에 반영","MIT","design-or-test-reference","fb3cf7b41a06c4c3a54dfc9c7f044520836029144e6010fdceb87a9a01dbb219"
"examples/tasks/network-policy-matrix/dynamic/e-a-diff/tests/test.sh","ADAPT","구조와 실패 사례만 자체 구현에 반영","MIT","design-or-test-reference","10ab3b67221e484e97ad785ee5e16f3dd52b23edf5537e693e6dd2afc813ad47"
"examples/tasks/network-policy-matrix/dynamic/e-a-diff-v-match/environment/Dockerfile","ADAPT","구조와 실패 사례만 자체 구현에 반영","MIT","design-or-test-reference","6e9040b6c16b65e39429e13fff1899fafe3c8042e7461cd47bc9fcdebe0d5370"
"examples/tasks/network-policy-matrix/dynamic/e-a-diff-v-match/instruction.md","ADAPT","구조와 실패 사례만 자체 구현에 반영","MIT","design-or-test-reference","3c4e41622abea41919d92b7557ab18cf2d571a1e7d86f7ac1da6c77cf542b18d"
"examples/tasks/network-policy-matrix/dynamic/e-a-diff-v-match/solution/solve.sh","ADAPT","구조와 실패 사례만 자체 구현에 반영","MIT","design-or-test-reference","ad13bd793cac9aea182dca45f49d9e4e94cd1c0b1315f885bc97925f0ec013ba"
"examples/tasks/network-policy-matrix/dynamic/e-a-diff-v-match/task.toml","ADAPT","구조와 실패 사례만 자체 구현에 반영","MIT","design-or-test-reference","78db38d06362856e397220fde00140a84a4b69754e5c6411ddf42760c9dd59c7"
"examples/tasks/network-policy-matrix/dynamic/e-a-diff-v-match/tests/test.sh","ADAPT","구조와 실패 사례만 자체 구현에 반영","MIT","design-or-test-reference","4739cbbfecd35529a3e340e866ab9587f364472629f491c804bc6aa8ae961604"
"examples/tasks/network-policy-matrix/dynamic/e-v-diff/environment/Dockerfile","ADAPT","구조와 실패 사례만 자체 구현에 반영","MIT","design-or-test-reference","6e9040b6c16b65e39429e13fff1899fafe3c8042e7461cd47bc9fcdebe0d5370"
"examples/tasks/network-policy-matrix/dynamic/e-v-diff/instruction.md","ADAPT","구조와 실패 사례만 자체 구현에 반영","MIT","design-or-test-reference","3daf3342e14a09eb20a943923552b6b87de64da2e6e2ef4565c0752c8a98f2ee"
"examples/tasks/network-policy-matrix/dynamic/e-v-diff/solution/solve.sh","ADAPT","구조와 실패 사례만 자체 구현에 반영","MIT","design-or-test-reference","619cf6fed04dfecf31252f33b865613b2b34cb4420fd231e44eac1cef5fecdde"
"examples/tasks/network-policy-matrix/dynamic/e-v-diff/task.toml","ADAPT","구조와 실패 사례만 자체 구현에 반영","MIT","design-or-test-reference","cd53fa010f0b5858626a84cfb6dcd2da184da9a4f4617e301542b46e854fc2f9"
"examples/tasks/network-policy-matrix/dynamic/e-v-diff/tests/test.sh","ADAPT","구조와 실패 사례만 자체 구현에 반영","MIT","design-or-test-reference","d0f8594513ec039b0373fb6c6bb533cdc72849f12a75b050f955f92fa27b86b3"
"examples/tasks/network-policy-matrix/dynamic/e-ve-sa-sv-diff/environment/Dockerfile","ADAPT","구조와 실패 사례만 자체 구현에 반영","MIT","design-or-test-reference","6e9040b6c16b65e39429e13fff1899fafe3c8042e7461cd47bc9fcdebe0d5370"
"examples/tasks/network-policy-matrix/dynamic/e-ve-sa-sv-diff/instruction.md","ADAPT","구조와 실패 사례만 자체 구현에 반영","MIT","design-or-test-reference","88478dea02e1b74c036ad8ecaf0deb9a10d4be921072bdae9afcfa856630ea95"
"examples/tasks/network-policy-matrix/dynamic/e-ve-sa-sv-diff/steps/all-differ/instruction.md","ADAPT","구조와 실패 사례만 자체 구현에 반영","MIT","design-or-test-reference","7df64fdc88f311dc30fbc4f773112837d5f88a21c942474c269a0a40efdae7dd"
"examples/tasks/network-policy-matrix/dynamic/e-ve-sa-sv-diff/steps/all-differ/solution/solve.sh","ADAPT","구조와 실패 사례만 자체 구현에 반영","MIT","design-or-test-reference","2dd3047a885756f2f7cdfa08e7cc15d945bf68f08961b3afbae922ef2c59fd6b"
"examples/tasks/network-policy-matrix/dynamic/e-ve-sa-sv-diff/steps/all-differ/tests/Dockerfile","ADAPT","구조와 실패 사례만 자체 구현에 반영","MIT","design-or-test-reference","84ad27f2280ea7de8dc01f1aeb3bd6c57d2ca71d0ee207908a70a7e7400cc92b"
"examples/tasks/network-policy-matrix/dynamic/e-ve-sa-sv-diff/steps/all-differ/tests/test.sh","ADAPT","구조와 실패 사례만 자체 구현에 반영","MIT","design-or-test-reference","3e0091de5b106152ab4528581b3351d2381ba2733da02461086490684d6baadb"
"examples/tasks/network-policy-matrix/dynamic/e-ve-sa-sv-diff/task.toml","ADAPT","구조와 실패 사례만 자체 구현에 반영","MIT","design-or-test-reference","7af315d822d13c96bdc9b9eb34eb8263bfb930599ec496a11f33eaff4b4623f9"
"examples/tasks/network-policy-matrix/dynamic/e-ve-sve-diff/environment/Dockerfile","ADAPT","구조와 실패 사례만 자체 구현에 반영","MIT","design-or-test-reference","6e9040b6c16b65e39429e13fff1899fafe3c8042e7461cd47bc9fcdebe0d5370"
"examples/tasks/network-policy-matrix/dynamic/e-ve-sve-diff/instruction.md","ADAPT","구조와 실패 사례만 자체 구현에 반영","MIT","design-or-test-reference","2cf2f0403293a463cfcdb321b45d238c070d07ee9451f6feab6c4e66c1215b12"
"examples/tasks/network-policy-matrix/dynamic/e-ve-sve-diff/steps/separate-public/instruction.md","ADAPT","구조와 실패 사례만 자체 구현에 반영","MIT","design-or-test-reference","f32108617fee60f51beb6f9fef4d39fcfe053a3b1668915c4b19df1b8fe68f00"
"examples/tasks/network-policy-matrix/dynamic/e-ve-sve-diff/steps/separate-public/solution/solve.sh","ADAPT","구조와 실패 사례만 자체 구현에 반영","MIT","design-or-test-reference","55e90546bd309952c17aee026e604911089f68cb646fe325721d4f28a957bb2e"
"examples/tasks/network-policy-matrix/dynamic/e-ve-sve-diff/steps/separate-public/tests/Dockerfile","ADAPT","구조와 실패 사례만 자체 구현에 반영","MIT","design-or-test-reference","84ad27f2280ea7de8dc01f1aeb3bd6c57d2ca71d0ee207908a70a7e7400cc92b"
"examples/tasks/network-policy-matrix/dynamic/e-ve-sve-diff/steps/separate-public/tests/test.sh","ADAPT","구조와 실패 사례만 자체 구현에 반영","MIT","design-or-test-reference","2161ce18f2e242ab3a6a1204f6ae9a7d6de7d4c8d3497f5f50be91bf064f1408"
"examples/tasks/network-policy-matrix/dynamic/e-ve-sve-diff/task.toml","ADAPT","구조와 실패 사례만 자체 구현에 반영","MIT","design-or-test-reference","17e30a29c3d65b4319836bfeb26ece748aadc6ee418f309ef309c46d43ddef03"
"examples/tasks/network-policy-matrix/dynamic/sa-sv-diff/environment/Dockerfile","ADAPT","구조와 실패 사례만 자체 구현에 반영","MIT","design-or-test-reference","6e9040b6c16b65e39429e13fff1899fafe3c8042e7461cd47bc9fcdebe0d5370"
"examples/tasks/network-policy-matrix/dynamic/sa-sv-diff/instruction.md","ADAPT","구조와 실패 사례만 자체 구현에 반영","MIT","design-or-test-reference","33007d2b69d5149af9ca0a845a11c8c0256b949e2e66796471c077d6f4733d9b"
"examples/tasks/network-policy-matrix/dynamic/sa-sv-diff/steps/both-offline/instruction.md","ADAPT","구조와 실패 사례만 자체 구현에 반영","MIT","design-or-test-reference","7df64fdc88f311dc30fbc4f773112837d5f88a21c942474c269a0a40efdae7dd"
"examples/tasks/network-policy-matrix/dynamic/sa-sv-diff/steps/both-offline/solution/solve.sh","ADAPT","구조와 실패 사례만 자체 구현에 반영","MIT","design-or-test-reference","76a65beaddb1c2ebb0d257b98cd486dd72de8e9deddfcad63ba5855a9ab4da88"
"examples/tasks/network-policy-matrix/dynamic/sa-sv-diff/steps/both-offline/tests/test.sh","ADAPT","구조와 실패 사례만 자체 구현에 반영","MIT","design-or-test-reference","9d3cbd785c706a7fdb398219819ebc8fbfcbf05b01764b4a9843f20953b4d494"
"examples/tasks/network-policy-matrix/dynamic/sa-sv-diff/task.toml","ADAPT","구조와 실패 사례만 자체 구현에 반영","MIT","design-or-test-reference","d006d5da6a170355f1626ce176c4cb37b00241a9ba3abe6a29a6acb64a1ed223"
"examples/tasks/network-policy-matrix/dynamic/shared-allowlist/environment/Dockerfile","ADAPT","구조와 실패 사례만 자체 구현에 반영","MIT","design-or-test-reference","6e9040b6c16b65e39429e13fff1899fafe3c8042e7461cd47bc9fcdebe0d5370"
"examples/tasks/network-policy-matrix/dynamic/shared-allowlist/instruction.md","ADAPT","구조와 실패 사례만 자체 구현에 반영","MIT","design-or-test-reference","f687137547a754a1ce0714f0cacc72ab00c79010331fb9d6fa7c5cdcb2883b85"
"examples/tasks/network-policy-matrix/dynamic/shared-allowlist/README.md","ADAPT","구조와 실패 사례만 자체 구현에 반영","MIT","design-or-test-reference","44ca9edc668bb884e84c3ea1fdd10fb05da0e4545158668e5274885ac0c25362"
"examples/tasks/network-policy-matrix/dynamic/shared-allowlist/solution/solve.sh","ADAPT","구조와 실패 사례만 자체 구현에 반영","MIT","design-or-test-reference","1397168df41b64f9c1f2ecbe1b30456286ee044733eb4d0dfd3f75e49dd7c80f"
"examples/tasks/network-policy-matrix/dynamic/shared-allowlist/task.toml","ADAPT","구조와 실패 사례만 자체 구현에 반영","MIT","design-or-test-reference","b0e2fced32cc13b6e4626349a62d7c5e0016b711fbe9ad1b39e9553762261a78"
"examples/tasks/network-policy-matrix/dynamic/shared-allowlist/tests/test.sh","ADAPT","구조와 실패 사례만 자체 구현에 반영","MIT","design-or-test-reference","a2f5ca75fa2c2f6171832daa2bb598cd15291cc448516f9f3802d23fade55000"
"examples/tasks/network-policy-matrix/dynamic/sv-sve-diff/environment/Dockerfile","ADAPT","구조와 실패 사례만 자체 구현에 반영","MIT","design-or-test-reference","6e9040b6c16b65e39429e13fff1899fafe3c8042e7461cd47bc9fcdebe0d5370"
"examples/tasks/network-policy-matrix/dynamic/sv-sve-diff/instruction.md","ADAPT","구조와 실패 사례만 자체 구현에 반영","MIT","design-or-test-reference","a434249b4baee0f279aaffe35e2530087ce177540f77473755a2215e1b57a172"
"examples/tasks/network-policy-matrix/dynamic/sv-sve-diff/steps/phase-override/instruction.md","ADAPT","구조와 실패 사례만 자체 구현에 반영","MIT","design-or-test-reference","0489fa2c2ee4b9fb1e4624e22d25fefcba1ae82bb670543feac0f536b6317263"
"examples/tasks/network-policy-matrix/dynamic/sv-sve-diff/steps/phase-override/solution/solve.sh","ADAPT","구조와 실패 사례만 자체 구현에 반영","MIT","design-or-test-reference","537c95e92316bef20719ff68ce1c662b113c1165154f4bb44a9a585886c4bdfd"
"examples/tasks/network-policy-matrix/dynamic/sv-sve-diff/steps/phase-override/tests/Dockerfile","ADAPT","구조와 실패 사례만 자체 구현에 반영","MIT","design-or-test-reference","84ad27f2280ea7de8dc01f1aeb3bd6c57d2ca71d0ee207908a70a7e7400cc92b"
"examples/tasks/network-policy-matrix/dynamic/sv-sve-diff/steps/phase-override/tests/test.sh","ADAPT","구조와 실패 사례만 자체 구현에 반영","MIT","design-or-test-reference","ab1489db5cd2bd5d5379f183802f93cad155e74493179638b2e1191c137a43f4"
"examples/tasks/network-policy-matrix/dynamic/sv-sve-diff/task.toml","ADAPT","구조와 실패 사례만 자체 구현에 반영","MIT","design-or-test-reference","d68f2f1ace9a73e942b618cf92714ca73a526f206909f738b15604edf3c4e522"
"examples/tasks/network-policy-matrix/dynamic/v-ve-diff/environment/Dockerfile","ADAPT","구조와 실패 사례만 자체 구현에 반영","MIT","design-or-test-reference","6e9040b6c16b65e39429e13fff1899fafe3c8042e7461cd47bc9fcdebe0d5370"
"examples/tasks/network-policy-matrix/dynamic/v-ve-diff/instruction.md","ADAPT","구조와 실패 사례만 자체 구현에 반영","MIT","design-or-test-reference","0c90447bd5dcd26faa688fba226ae81508b24bd612cb9de87cfb010ae2956148"
"examples/tasks/network-policy-matrix/dynamic/v-ve-diff/solution/solve.sh","ADAPT","구조와 실패 사례만 자체 구현에 반영","MIT","design-or-test-reference","a9165c7081692239541baa357fccac68582420d67b8fe02723b40c143f6e5040"
"examples/tasks/network-policy-matrix/dynamic/v-ve-diff/task.toml","ADAPT","구조와 실패 사례만 자체 구현에 반영","MIT","design-or-test-reference","5e650cdbf0b1a73bd0c906b2c324d6ff332cc56e26eda9e04951df60b86b35d5"
"examples/tasks/network-policy-matrix/dynamic/v-ve-diff/tests/Dockerfile","ADAPT","구조와 실패 사례만 자체 구현에 반영","MIT","design-or-test-reference","84ad27f2280ea7de8dc01f1aeb3bd6c57d2ca71d0ee207908a70a7e7400cc92b"
"examples/tasks/network-policy-matrix/dynamic/v-ve-diff/tests/test.sh","ADAPT","구조와 실패 사례만 자체 구현에 반영","MIT","design-or-test-reference","8dee3f3bf47f7a294f06f9e3e03b4e5c4cc9a63674e8746c2704da182f7cedf5"
"examples/tasks/network-policy-matrix/README.md","ADAPT","구조와 실패 사례만 자체 구현에 반영","MIT","design-or-test-reference","d86f96bc20bf22a287720d5a838a37739e2e2838d317633d4638f6ad24a63cbd"
"examples/tasks/network-policy-matrix/static/e/environment/Dockerfile","ADAPT","구조와 실패 사례만 자체 구현에 반영","MIT","design-or-test-reference","6e9040b6c16b65e39429e13fff1899fafe3c8042e7461cd47bc9fcdebe0d5370"
"examples/tasks/network-policy-matrix/static/e/instruction.md","ADAPT","구조와 실패 사례만 자체 구현에 반영","MIT","design-or-test-reference","8721c389facd7c083ac2a71db84e2eb23d79557006a73261bef67832f746dbeb"
"examples/tasks/network-policy-matrix/static/e/README.md","ADAPT","구조와 실패 사례만 자체 구현에 반영","MIT","design-or-test-reference","9c3b40efdbe5a172edd25def4e0ddda0986c9a51040f296754cfc32213045623"
"examples/tasks/network-policy-matrix/static/e/solution/solve.sh","ADAPT","구조와 실패 사례만 자체 구현에 반영","MIT","design-or-test-reference","080d7d8db453e99769c708f3e99f2f1deae7843369dce6de343177faa92b8408"
"examples/tasks/network-policy-matrix/static/e/task.toml","ADAPT","구조와 실패 사례만 자체 구현에 반영","MIT","design-or-test-reference","5600015f31330cf6f4a928824b38505b010618bdb8d9c6b1b7d47f23c5b41af2"
"examples/tasks/network-policy-matrix/static/e/tests/test.sh","ADAPT","구조와 실패 사례만 자체 구현에 반영","MIT","design-or-test-reference","78d19b828ba276dbe659eacd850b83afb15af9229e367cc18fb13bf5fd0ada8e"
"examples/tasks/network-policy-matrix/static/e-a-v-same/environment/Dockerfile","ADAPT","구조와 실패 사례만 자체 구현에 반영","MIT","design-or-test-reference","6e9040b6c16b65e39429e13fff1899fafe3c8042e7461cd47bc9fcdebe0d5370"
"examples/tasks/network-policy-matrix/static/e-a-v-same/instruction.md","ADAPT","구조와 실패 사례만 자체 구현에 반영","MIT","design-or-test-reference","99c40ded6f50042b74b8581276d2af4ce346b44be106e0eca0226fb49e59768c"
"examples/tasks/network-policy-matrix/static/e-a-v-same/solution/solve.sh","ADAPT","구조와 실패 사례만 자체 구현에 반영","MIT","design-or-test-reference","c2f2d8414e1eabb5e4a97da43a0cc71705b546bb19c3e8425169b3546df2e53e"
"examples/tasks/network-policy-matrix/static/e-a-v-same/task.toml","ADAPT","구조와 실패 사례만 자체 구현에 반영","MIT","design-or-test-reference","dfd63b223110680137d76bd805efb4dc58b0a7d39557d50f4690f283d24ef34e"
"examples/tasks/network-policy-matrix/static/e-a-v-same/tests/test.sh","ADAPT","구조와 실패 사례만 자체 구현에 반영","MIT","design-or-test-reference","d853e6875893ed84dbc00c42e87e1b487be74c365b53ea48167502c42fd22bed"
"examples/tasks/network-policy-matrix/static/e-allowlist/environment/Dockerfile","ADAPT","구조와 실패 사례만 자체 구현에 반영","MIT","design-or-test-reference","6e9040b6c16b65e39429e13fff1899fafe3c8042e7461cd47bc9fcdebe0d5370"
"examples/tasks/network-policy-matrix/static/e-allowlist/instruction.md","ADAPT","구조와 실패 사례만 자체 구현에 반영","MIT","design-or-test-reference","804658f3bcc16b81ada6ca18ea97a5aecc56f7d3c3a0a4fd0fcd5753f3157b3f"
"examples/tasks/network-policy-matrix/static/e-allowlist/solution/solve.sh","ADAPT","구조와 실패 사례만 자체 구현에 반영","MIT","design-or-test-reference","126253688088d2b2aecb11aee9ffde59c4d50840d2b6e8c83853cd9677bc2553"
"examples/tasks/network-policy-matrix/static/e-allowlist/task.toml","ADAPT","구조와 실패 사례만 자체 구현에 반영","MIT","design-or-test-reference","01da97958a571ecfec3567647b3119960a886045f7160766f669ce4cb2a554f1"
"examples/tasks/network-policy-matrix/static/e-allowlist/tests/test.sh","ADAPT","구조와 실패 사례만 자체 구현에 반영","MIT","design-or-test-reference","cefa7a5c0b77e041f3cf35a35e8e763140731288a2131f6d7632769dee6fa0f5"
"examples/tasks/network-policy-matrix/static/e-default/environment/Dockerfile","ADAPT","구조와 실패 사례만 자체 구현에 반영","MIT","design-or-test-reference","6e9040b6c16b65e39429e13fff1899fafe3c8042e7461cd47bc9fcdebe0d5370"
"examples/tasks/network-policy-matrix/static/e-default/instruction.md","ADAPT","구조와 실패 사례만 자체 구현에 반영","MIT","design-or-test-reference","427d96ec0d09e251e6b03048735a6713308277a8fe98fe967870208828a21a9d"
"examples/tasks/network-policy-matrix/static/e-default/solution/solve.sh","ADAPT","구조와 실패 사례만 자체 구현에 반영","MIT","design-or-test-reference","44f6168a10c5ad9f5d55f3e80172809cd951887f66023a365d1b27487f4ffc5a"
"examples/tasks/network-policy-matrix/static/e-default/task.toml","ADAPT","구조와 실패 사례만 자체 구현에 반영","MIT","design-or-test-reference","9614f545a089b9c632566c30241318adcb72589a64a01b44cc6aa7b85d9b3d69"
"examples/tasks/network-policy-matrix/static/e-default/tests/test.sh","ADAPT","구조와 실패 사례만 자체 구현에 반영","MIT","design-or-test-reference","64151f799dec0a83f8e78d9683b2b98e9f906b54820387932d528ca1ba0d58aa"
"examples/tasks/network-policy-matrix/static/e-sa-same/environment/Dockerfile","ADAPT","구조와 실패 사례만 자체 구현에 반영","MIT","design-or-test-reference","6e9040b6c16b65e39429e13fff1899fafe3c8042e7461cd47bc9fcdebe0d5370"
"examples/tasks/network-policy-matrix/static/e-sa-same/instruction.md","ADAPT","구조와 실패 사례만 자체 구현에 반영","MIT","design-or-test-reference","0e1e360718bd01f0d32747903a2296dbf1a054c1765d2ce9ee1f4571ed51c9dd"
"examples/tasks/network-policy-matrix/static/e-sa-same/steps/offline-agent/instruction.md","ADAPT","구조와 실패 사례만 자체 구현에 반영","MIT","design-or-test-reference","0489fa2c2ee4b9fb1e4624e22d25fefcba1ae82bb670543feac0f536b6317263"
"examples/tasks/network-policy-matrix/static/e-sa-same/steps/offline-agent/solution/solve.sh","ADAPT","구조와 실패 사례만 자체 구현에 반영","MIT","design-or-test-reference","67e2c649cb35313f4c734a646a175010b970329ccd079857d401bf5156f51622"
"examples/tasks/network-policy-matrix/static/e-sa-same/steps/offline-agent/tests/test.sh","ADAPT","구조와 실패 사례만 자체 구현에 반영","MIT","design-or-test-reference","b7638dfc458023d56cebdbc442acc3398f5bd69969cb04850d51a1ac55614501"
"examples/tasks/network-policy-matrix/static/e-sa-same/task.toml","ADAPT","구조와 실패 사례만 자체 구현에 반영","MIT","design-or-test-reference","1705674ea8bbd1968c7ff5f46779595818b30bfbbaeeac15c052637b0546ae20"
"examples/tasks/network-policy-matrix/static/e-ve/environment/Dockerfile","ADAPT","구조와 실패 사례만 자체 구현에 반영","MIT","design-or-test-reference","6e9040b6c16b65e39429e13fff1899fafe3c8042e7461cd47bc9fcdebe0d5370"
"examples/tasks/network-policy-matrix/static/e-ve/instruction.md","ADAPT","구조와 실패 사례만 자체 구현에 반영","MIT","design-or-test-reference","fd83d4625d7ecb950276d294c3526d4e3062413c3e5183428f2762ca22e372c6"
"examples/tasks/network-policy-matrix/static/e-ve/README.md","ADAPT","구조와 실패 사례만 자체 구현에 반영","MIT","design-or-test-reference","f67502bd1b8902a194d2122168f4ba7a388bb69407bf1edda4df500305afa3d4"
"examples/tasks/network-policy-matrix/static/e-ve/solution/solve.sh","ADAPT","구조와 실패 사례만 자체 구현에 반영","MIT","design-or-test-reference","dbe6a9e020127ae503fc9f635ceca929c37b4c1ac87f8595d2c3626fd0bf4472"
"examples/tasks/network-policy-matrix/static/e-ve/task.toml","ADAPT","구조와 실패 사례만 자체 구현에 반영","MIT","design-or-test-reference","48c6b0a68c9fc89e625f6df20f9494ae54d167ab7ccfd41ea57fa1dde705748c"
"examples/tasks/network-policy-matrix/static/e-ve/tests/Dockerfile","ADAPT","구조와 실패 사례만 자체 구현에 반영","MIT","design-or-test-reference","84ad27f2280ea7de8dc01f1aeb3bd6c57d2ca71d0ee207908a70a7e7400cc92b"
"examples/tasks/network-policy-matrix/static/e-ve/tests/test.sh","ADAPT","구조와 실패 사례만 자체 구현에 반영","MIT","design-or-test-reference","dcaf16a3f468bb34c06085e28ad557b92c463395a6bf055e0f6abb865000b48b"
"examples/tasks/network-policy-matrix/static/e-ve-no-network/environment/Dockerfile","ADAPT","구조와 실패 사례만 자체 구현에 반영","MIT","design-or-test-reference","6e9040b6c16b65e39429e13fff1899fafe3c8042e7461cd47bc9fcdebe0d5370"
"examples/tasks/network-policy-matrix/static/e-ve-no-network/instruction.md","ADAPT","구조와 실패 사례만 자체 구현에 반영","MIT","design-or-test-reference","5725c28b5b251a68ea1cf3e22b16f20e3753e933ef32b9a1b8941e133741de9d"
"examples/tasks/network-policy-matrix/static/e-ve-no-network/solution/solve.sh","ADAPT","구조와 실패 사례만 자체 구현에 반영","MIT","design-or-test-reference","504e4602094526677a0618f6f1cd1377b6f139d42cd013a55e1a7e4eca0658f0"
"examples/tasks/network-policy-matrix/static/e-ve-no-network/task.toml","ADAPT","구조와 실패 사례만 자체 구현에 반영","MIT","design-or-test-reference","b2171f577b3b7ca640198d1daa6574bcd511bd5caa50967ab0d7719bcc59fc6b"
"examples/tasks/network-policy-matrix/static/e-ve-no-network/tests/Dockerfile","ADAPT","구조와 실패 사례만 자체 구현에 반영","MIT","design-or-test-reference","84ad27f2280ea7de8dc01f1aeb3bd6c57d2ca71d0ee207908a70a7e7400cc92b"
"examples/tasks/network-policy-matrix/static/e-ve-no-network/tests/test.sh","ADAPT","구조와 실패 사례만 자체 구현에 반영","MIT","design-or-test-reference","733833a9a9b02452f9f5b08f7eb8fe89688bddea240791d53dac305d4f2f88cb"
"examples/tasks/network-policy-matrix/static/sv-sve-same/environment/Dockerfile","ADAPT","구조와 실패 사례만 자체 구현에 반영","MIT","design-or-test-reference","6e9040b6c16b65e39429e13fff1899fafe3c8042e7461cd47bc9fcdebe0d5370"
"examples/tasks/network-policy-matrix/static/sv-sve-same/instruction.md","ADAPT","구조와 실패 사례만 자체 구현에 반영","MIT","design-or-test-reference","cf1f62987a197e1bdcb2b7363988824f01f374d1f8d8ae2975c79e515e0ae8bc"
"examples/tasks/network-policy-matrix/static/sv-sve-same/steps/matching-verifier/instruction.md","ADAPT","구조와 실패 사례만 자체 구현에 반영","MIT","design-or-test-reference","0489fa2c2ee4b9fb1e4624e22d25fefcba1ae82bb670543feac0f536b6317263"
"examples/tasks/network-policy-matrix/static/sv-sve-same/steps/matching-verifier/solution/solve.sh","ADAPT","구조와 실패 사례만 자체 구현에 반영","MIT","design-or-test-reference","027c08d6f55e02de1f80b67d5c6cc94819db8108eec044ff6024bb9d07effd99"
"examples/tasks/network-policy-matrix/static/sv-sve-same/steps/matching-verifier/tests/Dockerfile","ADAPT","구조와 실패 사례만 자체 구현에 반영","MIT","design-or-test-reference","84ad27f2280ea7de8dc01f1aeb3bd6c57d2ca71d0ee207908a70a7e7400cc92b"
"examples/tasks/network-policy-matrix/static/sv-sve-same/steps/matching-verifier/tests/test.sh","ADAPT","구조와 실패 사례만 자체 구현에 반영","MIT","design-or-test-reference","e6798aa752d61c84283fee3c0a5f15fdd20356a3b8167b34bd7aef9d720488ee"
"examples/tasks/network-policy-matrix/static/sv-sve-same/task.toml","ADAPT","구조와 실패 사례만 자체 구현에 반영","MIT","design-or-test-reference","4d6fafb1e2aa715a1fbeff53d583cd0f2b306c628194c0c0472fa4a87c5044db"
"examples/tasks/README.md","ADAPT","구조와 실패 사례만 자체 구현에 반영","MIT","design-or-test-reference","344614970f4a27279ea2fd09cb46a1fd86f66ab54e5359d856f47ceb93bfd4d4"
"examples/tasks/reward-kit-example/environment/Dockerfile","ADAPT","구조와 실패 사례만 자체 구현에 반영","MIT","design-or-test-reference","589418667d62018e308b313e96f45393fbeddc3174c57d00b1a2ca820608ce43"
"examples/tasks/reward-kit-example/environment/sample.txt","ADAPT","구조와 실패 사례만 자체 구현에 반영","MIT","design-or-test-reference","443e7766ec5e710a2d5af455e2884fb99a34d2763a7bd4183c3e21933c406e5f"
"examples/tasks/reward-kit-example/instruction.md","ADAPT","구조와 실패 사례만 자체 구현에 반영","MIT","design-or-test-reference","2f8e62251391772dbd3fb950737a30f00f308acd075c126cc2ca71736a26098d"
"examples/tasks/reward-kit-example/solution/solve.sh","ADAPT","구조와 실패 사례만 자체 구현에 반영","MIT","design-or-test-reference","fd826cc1cf452c7404b78aab358642f1eeeebee3c649a930cfaf9f260d47c483"
"examples/tasks/reward-kit-example/task.toml","ADAPT","구조와 실패 사례만 자체 구현에 반영","MIT","design-or-test-reference","127598a68168c0e71c7e014a35c1a2d31d7c2fe05b7d168e02ed7899605d8ede"
"examples/tasks/reward-kit-example/tests/correctness/most_common.py","ADAPT","구조와 실패 사례만 자체 구현에 반영","MIT","design-or-test-reference","84b97ae33cd3ed52c54d968b0f8bba1afc7f2314f67b7f2729c9adba4db41f42"
"examples/tasks/reward-kit-example/tests/correctness/word_count.py","ADAPT","구조와 실패 사례만 자체 구현에 반영","MIT","design-or-test-reference","1f7a8ce74b8a5565509b1d1ae1c08679f1ebaaa1ba79091a1d960fc13fb51e6e"
"examples/tasks/reward-kit-example/tests/criteria.py","ADAPT","구조와 실패 사례만 자체 구현에 반영","MIT","design-or-test-reference","5c86af501c6d957c85f30fe7a75409997ba8e2ee3d0d808481dcc68d08a3c3fc"
"examples/tasks/reward-kit-example/tests/quality/quality.toml","ADAPT","구조와 실패 사례만 자체 구현에 반영","MIT","design-or-test-reference","87d65116a8f02c1cf0c2dcf0a0544d04f59d6ed112ded05dec39f75f2931dc79"
"examples/tasks/reward-kit-example/tests/structure/files_exist.py","ADAPT","구조와 실패 사례만 자체 구현에 반영","MIT","design-or-test-reference","a4a8e7a4acb2828bdf1ac98dacc1dd7099b1d269a8f44ad22fc0bcbdc5ca07fa"
"examples/tasks/reward-kit-example/tests/structure/functions_defined.py","ADAPT","구조와 실패 사례만 자체 구현에 반영","MIT","design-or-test-reference","b3e3dfd786281d20b500dd131623b2e68fdc4402d7bc6624625e78d783ce65a8"
"examples/tasks/reward-kit-example/tests/structure/pipeline_runs.py","ADAPT","구조와 실패 사례만 자체 구현에 반영","MIT","design-or-test-reference","799548add3e38a1c38d2040ff2d73d14de21a8cda36d1190d2dc7788dcc414ab"
"examples/tasks/reward-kit-example/tests/test.sh","ADAPT","구조와 실패 사례만 자체 구현에 반영","MIT","design-or-test-reference","23fd8978c91ec7c6661c7d84200b89b7b64e7e192f1ba40192de689443dbce49"
"examples/tasks/separate-verifier-environment/environment/Dockerfile","ADAPT","구조와 실패 사례만 자체 구현에 반영","MIT","design-or-test-reference","da2fe84f2c45b11f32968fef8163531fc3c19645ce06408fb6905c43637dbe0e"
"examples/tasks/separate-verifier-environment/instruction.md","ADAPT","구조와 실패 사례만 자체 구현에 반영","MIT","design-or-test-reference","138127b08067d6daf6d08b6038a1957917de90b69e93bec645a07cfb71c078ee"
"examples/tasks/separate-verifier-environment/solution/solve.sh","ADAPT","구조와 실패 사례만 자체 구현에 반영","MIT","design-or-test-reference","7f8b108ab72a093988d992247578ed5f9526dc6d14c77f1949c6668c330a7be9"
"examples/tasks/separate-verifier-environment/task.toml","ADAPT","구조와 실패 사례만 자체 구현에 반영","MIT","design-or-test-reference","07e8923c9e7c7509a6963c37dc16701f4270966fc9fc9c88a92074b76f8614f2"
"examples/tasks/separate-verifier-environment/tests/Dockerfile","ADAPT","구조와 실패 사례만 자체 구현에 반영","MIT","design-or-test-reference","7820ed28a7b668b8d8990ad269405caaf272c3bf34c76b4f6674566c186da8d5"
"examples/tasks/separate-verifier-environment/tests/test.sh","ADAPT","구조와 실패 사례만 자체 구현에 반영","MIT","design-or-test-reference","a5addd767bbda184fe8acb560474e59ba35037094a5ae0635be6e4e3f19a1751"
"examples/tasks/separate-verifier-multi-step/environment/Dockerfile","ADAPT","구조와 실패 사례만 자체 구현에 반영","MIT","design-or-test-reference","aae8442a7a898c3d89081836ab7179a33ad81c4d66bf4ac8ca5bbed116a43b19"
"examples/tasks/separate-verifier-multi-step/steps/finish-artifacts/instruction.md","ADAPT","구조와 실패 사례만 자체 구현에 반영","MIT","design-or-test-reference","5ee7a01fea588a265a845bc9c8f8de04bfef435449b21fc0d4b0dcefff90e896"
"examples/tasks/separate-verifier-multi-step/steps/finish-artifacts/solution/solve.sh","ADAPT","구조와 실패 사례만 자체 구현에 반영","MIT","design-or-test-reference","b98c1fbec1ff135a0da2dcb16c1584516a6630f33d971037c1622439a326ab6c"
"examples/tasks/separate-verifier-multi-step/steps/prepare-artifacts/instruction.md","ADAPT","구조와 실패 사례만 자체 구현에 반영","MIT","design-or-test-reference","05db207d45241ae2c55e8a66b414b9cf093e22739e86d1c255cd298d2ff6f43d"
"examples/tasks/separate-verifier-multi-step/steps/prepare-artifacts/solution/solve.sh","ADAPT","구조와 실패 사례만 자체 구현에 반영","MIT","design-or-test-reference","f79bc47b53dd0f173907cc551493eaa52233132cd707dd7b0a08efb75025c3ea"
"examples/tasks/separate-verifier-multi-step/steps/prepare-artifacts/tests/test.sh","ADAPT","구조와 실패 사례만 자체 구현에 반영","MIT","design-or-test-reference","33861f2f552252f1fffc470e24de8e9e51da70bd9c40c46f0a98ff5e38f96985"
"examples/tasks/separate-verifier-multi-step/task.toml","ADAPT","구조와 실패 사례만 자체 구현에 반영","MIT","design-or-test-reference","5ab2c165cb0161964a0de950073f04c08d0d954206e53b8fc45f03ca062d9128"
"examples/tasks/separate-verifier-multi-step/tests/Dockerfile","ADAPT","구조와 실패 사례만 자체 구현에 반영","MIT","design-or-test-reference","cf316b2e996fc8f7b12e7a1354fab56867ae13cfe96646be8439286cf9a43214"
"examples/tasks/separate-verifier-multi-step/tests/helpers.sh","ADAPT","구조와 실패 사례만 자체 구현에 반영","MIT","design-or-test-reference","05a7a35ab779864bc767c3b7c4781af4be129d10a2af7bd6ec7d01867aa99298"
"examples/tasks/separate-verifier-multi-step/tests/test.sh","ADAPT","구조와 실패 사례만 자체 구현에 반영","MIT","design-or-test-reference","148a12a7d64d442455f7a15e84dcbe9050df246cc3706d1c9ff70400c055af2e"
"examples/tasks/sidecar-artifacts/environment/api-server/Dockerfile","ADAPT","구조와 실패 사례만 자체 구현에 반영","MIT","design-or-test-reference","92c020255e2b7baca02db831c364c4e5daa80fbf19a5ca23e76c81eb53d69fe4"
"examples/tasks/sidecar-artifacts/environment/api-server/server.py","ADAPT","구조와 실패 사례만 자체 구현에 반영","MIT","design-or-test-reference","0746e59116a5814ffedd38b115d8406af1efa7ed749ffe3842aa02dc2d4b74e0"
"examples/tasks/sidecar-artifacts/environment/docker-compose.yaml","ADAPT","구조와 실패 사례만 자체 구현에 반영","MIT","design-or-test-reference","b81d46c0bdd86018a6dac699df40cd394ba441662f086e86624c4fca9e482190"
"examples/tasks/sidecar-artifacts/environment/Dockerfile","ADAPT","구조와 실패 사례만 자체 구현에 반영","MIT","design-or-test-reference","847482734aa98b14d1f297aad62b0f968a5ef66495a1c92111406ef8b26ed8ec"
"examples/tasks/sidecar-artifacts/instruction.md","ADAPT","구조와 실패 사례만 자체 구현에 반영","MIT","design-or-test-reference","4c47a7034464f0336a2843e22a96746d08fef5f54ce493496acb1456d6e4e1e2"
"examples/tasks/sidecar-artifacts/solution/solve.sh","ADAPT","구조와 실패 사례만 자체 구현에 반영","MIT","design-or-test-reference","893232c157dd2ba41afcb56e5f56a8643621f3c036945263d7c5aafd251ebba1"
"examples/tasks/sidecar-artifacts/task.toml","ADAPT","구조와 실패 사례만 자체 구현에 반영","MIT","design-or-test-reference","d60d94fb76c8a6aa6db9499acb0dd4c38447bbb061a390d0da116621ae6450e8"
"examples/tasks/sidecar-artifacts/tests/Dockerfile","ADAPT","구조와 실패 사례만 자체 구현에 반영","MIT","design-or-test-reference","38964f58e7d1a04850ebca839ce04d62f5312821279e9d2fb00d3ebdacb3405a"
"examples/tasks/sidecar-artifacts/tests/test.sh","ADAPT","구조와 실패 사례만 자체 구현에 반영","MIT","design-or-test-reference","bd4c8fc925dc1c41b051782a9464e85d6d666a26391c7112e25b6257455ce236"
"examples/tasks/verifier-mode-matrix/multistep-all-separate/environment/Dockerfile","ADAPT","구조와 실패 사례만 자체 구현에 반영","MIT","design-or-test-reference","da2fe84f2c45b11f32968fef8163531fc3c19645ce06408fb6905c43637dbe0e"
"examples/tasks/verifier-mode-matrix/multistep-all-separate/steps/separate-one/instruction.md","ADAPT","구조와 실패 사례만 자체 구현에 반영","MIT","design-or-test-reference","8c048b940c254d8491234f625e9523ebb0b65f4e344f6004b56544ca9df76084"
"examples/tasks/verifier-mode-matrix/multistep-all-separate/steps/separate-one/solution/solve.sh","ADAPT","구조와 실패 사례만 자체 구현에 반영","MIT","design-or-test-reference","547c9bd48119d18b4da30000003844a081912ff45ab4f7e3f7e78f22c4ccbdf3"
"examples/tasks/verifier-mode-matrix/multistep-all-separate/steps/separate-two/instruction.md","ADAPT","구조와 실패 사례만 자체 구현에 반영","MIT","design-or-test-reference","6e2be1c66c3911d19269182af40e90573245fe07d4d829b4217b4f015c3cf747"
"examples/tasks/verifier-mode-matrix/multistep-all-separate/steps/separate-two/solution/solve.sh","ADAPT","구조와 실패 사례만 자체 구현에 반영","MIT","design-or-test-reference","78fd38bc09bde2d1fd8ce6f7858ea9f24cac6b0eb0d2164e17f2c006d8653ffb"
"examples/tasks/verifier-mode-matrix/multistep-all-separate/task.toml","ADAPT","구조와 실패 사례만 자체 구현에 반영","MIT","design-or-test-reference","b550eb49958eaaefea1a70bfa3752af812d2475e897119c542f52d7cdb58531c"
"examples/tasks/verifier-mode-matrix/multistep-all-separate/tests/Dockerfile","ADAPT","구조와 실패 사례만 자체 구현에 반영","MIT","design-or-test-reference","7820ed28a7b668b8d8990ad269405caaf272c3bf34c76b4f6674566c186da8d5"
"examples/tasks/verifier-mode-matrix/multistep-all-separate/tests/test.sh","ADAPT","구조와 실패 사례만 자체 구현에 반영","MIT","design-or-test-reference","3e554ea8e1214bc9d55e252f45d8682c15401e6c6ffefb9e6c38bea6ef00b762"
"examples/tasks/verifier-mode-matrix/multistep-all-shared/environment/Dockerfile","ADAPT","구조와 실패 사례만 자체 구현에 반영","MIT","design-or-test-reference","da2fe84f2c45b11f32968fef8163531fc3c19645ce06408fb6905c43637dbe0e"
"examples/tasks/verifier-mode-matrix/multistep-all-shared/steps/shared-one/instruction.md","ADAPT","구조와 실패 사례만 자체 구현에 반영","MIT","design-or-test-reference","bc72beb9fc7bcd84c0f46709651a4e5d5155bdace880d3e013165adf78a23139"
"examples/tasks/verifier-mode-matrix/multistep-all-shared/steps/shared-one/solution/solve.sh","ADAPT","구조와 실패 사례만 자체 구현에 반영","MIT","design-or-test-reference","a866b58fbf6582d3a38a8040bd14d7474b6e26ab52d60176092dd88e32b410f5"
"examples/tasks/verifier-mode-matrix/multistep-all-shared/steps/shared-one/tests/test.sh","ADAPT","구조와 실패 사례만 자체 구현에 반영","MIT","design-or-test-reference","3c9a8b7f9111f26bc37976f6bff6a4c79e76c2831ac003983dc0bdf137fa8d88"
"examples/tasks/verifier-mode-matrix/multistep-all-shared/steps/shared-two/instruction.md","ADAPT","구조와 실패 사례만 자체 구현에 반영","MIT","design-or-test-reference","4fd8bc38a7735ca7b423069a459e24f0fb154ba5fc61bfd56a04b6e0adb7e01f"
"examples/tasks/verifier-mode-matrix/multistep-all-shared/steps/shared-two/solution/solve.sh","ADAPT","구조와 실패 사례만 자체 구현에 반영","MIT","design-or-test-reference","934295d8b7c83555c6141770970dca06d966ddd86d9a6dc8300b952ff8bc3e42"
"examples/tasks/verifier-mode-matrix/multistep-all-shared/steps/shared-two/tests/test.sh","ADAPT","구조와 실패 사례만 자체 구현에 반영","MIT","design-or-test-reference","488eae5fc35c2d1d850409a20094b50bc6a8e38573113c9ad490209388553078"
"examples/tasks/verifier-mode-matrix/multistep-all-shared/task.toml","ADAPT","구조와 실패 사례만 자체 구현에 반영","MIT","design-or-test-reference","b0334c42a0be9c13eda541bac8e26fa44043a0778fc4bae426cea5ff235949a8"
"examples/tasks/verifier-mode-matrix/multistep-top-separate-mixed/environment/Dockerfile","ADAPT","구조와 실패 사례만 자체 구현에 반영","MIT","design-or-test-reference","da2fe84f2c45b11f32968fef8163531fc3c19645ce06408fb6905c43637dbe0e"
"examples/tasks/verifier-mode-matrix/multistep-top-separate-mixed/steps/separate-inherited/instruction.md","ADAPT","구조와 실패 사례만 자체 구현에 반영","MIT","design-or-test-reference","a0602afe0c3357c7518f559ca448a2ce4bcad86dfaeec845c3571518aeb0eae1"
"examples/tasks/verifier-mode-matrix/multistep-top-separate-mixed/steps/separate-inherited/solution/solve.sh","ADAPT","구조와 실패 사례만 자체 구현에 반영","MIT","design-or-test-reference","ae08ece01e259d0c2034d04c2c0f0ae6bae695e0cb5d04036d17422fdfa6d573"
"examples/tasks/verifier-mode-matrix/multistep-top-separate-mixed/steps/separate-step-env/instruction.md","ADAPT","구조와 실패 사례만 자체 구현에 반영","MIT","design-or-test-reference","213f616caa4028a5db75e818df3261cea130a93c0680f08a61a346eb38068048"
"examples/tasks/verifier-mode-matrix/multistep-top-separate-mixed/steps/separate-step-env/solution/solve.sh","ADAPT","구조와 실패 사례만 자체 구현에 반영","MIT","design-or-test-reference","549917cc0df99204d9b5ef5035f3ed9cd026e83e3a848fbbf3b0dfb1a11afd5f"
"examples/tasks/verifier-mode-matrix/multistep-top-separate-mixed/steps/shared-override/instruction.md","ADAPT","구조와 실패 사례만 자체 구현에 반영","MIT","design-or-test-reference","04971cb1e240a60a69455cb8631690424a6eb4048ffe798658fc28ab28afc574"
"examples/tasks/verifier-mode-matrix/multistep-top-separate-mixed/steps/shared-override/solution/solve.sh","ADAPT","구조와 실패 사례만 자체 구현에 반영","MIT","design-or-test-reference","19fe7c13a7f8c8d489b2041155c0fd9d61d891d3270c5338ea55d511e3458f56"
"examples/tasks/verifier-mode-matrix/multistep-top-separate-mixed/steps/shared-override/tests/test.sh","ADAPT","구조와 실패 사례만 자체 구현에 반영","MIT","design-or-test-reference","e1c79c27ad468642aff0bd6ff27a3a0b54bde5f2dd3922ec5d432b1a4f6c3420"
"examples/tasks/verifier-mode-matrix/multistep-top-separate-mixed/task.toml","ADAPT","구조와 실패 사례만 자체 구현에 반영","MIT","design-or-test-reference","26348d29cf93f10fcb335ce643cca1a9e8dc6a6e3563498f262d71191e091d54"
"examples/tasks/verifier-mode-matrix/multistep-top-separate-mixed/tests/Dockerfile","ADAPT","구조와 실패 사례만 자체 구현에 반영","MIT","design-or-test-reference","7820ed28a7b668b8d8990ad269405caaf272c3bf34c76b4f6674566c186da8d5"
"examples/tasks/verifier-mode-matrix/multistep-top-separate-mixed/tests/test.sh","ADAPT","구조와 실패 사례만 자체 구현에 반영","MIT","design-or-test-reference","d41c5854a85a85f5c141434ef24704f48216292a291dbdff97d792357ecac42e"
"examples/tasks/verifier-mode-matrix/multistep-top-shared-mixed/environment/Dockerfile","ADAPT","구조와 실패 사례만 자체 구현에 반영","MIT","design-or-test-reference","da2fe84f2c45b11f32968fef8163531fc3c19645ce06408fb6905c43637dbe0e"
"examples/tasks/verifier-mode-matrix/multistep-top-shared-mixed/steps/separate-step-env/instruction.md","ADAPT","구조와 실패 사례만 자체 구현에 반영","MIT","design-or-test-reference","62344e93885240ee5f2725b60b752326ba9cbb7affbee31e853b3161db953a96"
"examples/tasks/verifier-mode-matrix/multistep-top-shared-mixed/steps/separate-step-env/solution/solve.sh","ADAPT","구조와 실패 사례만 자체 구현에 반영","MIT","design-or-test-reference","d8ef94148199f76eb5b9a392e24c370302f83348dbe0701cc3195a6349126ae3"
"examples/tasks/verifier-mode-matrix/multistep-top-shared-mixed/steps/shared-inherited/instruction.md","ADAPT","구조와 실패 사례만 자체 구현에 반영","MIT","design-or-test-reference","55148ebd746f054298e1113204ce9e2178357de34fe08d8b14d034ef56f3e3e3"
"examples/tasks/verifier-mode-matrix/multistep-top-shared-mixed/steps/shared-inherited/solution/solve.sh","ADAPT","구조와 실패 사례만 자체 구현에 반영","MIT","design-or-test-reference","339ad1d2be1a36f96bd2cc47d3ebd3d4ae85989c71ffba3d49ce0c2ac1c1f157"
"examples/tasks/verifier-mode-matrix/multistep-top-shared-mixed/steps/shared-inherited/tests/test.sh","ADAPT","구조와 실패 사례만 자체 구현에 반영","MIT","design-or-test-reference","6e49a7f30d4897c7fa2650e9ca63d3df419e65c4d1f7bf283f31c43044859d81"
"examples/tasks/verifier-mode-matrix/multistep-top-shared-mixed/task.toml","ADAPT","구조와 실패 사례만 자체 구현에 반영","MIT","design-or-test-reference","0a1ae14096723b23687ac7dddf01b61d154b344c9aad8c32c15b47ae4ea69336"
"examples/tasks/verifier-mode-matrix/multistep-top-shared-mixed/tests/Dockerfile","ADAPT","구조와 실패 사례만 자체 구현에 반영","MIT","design-or-test-reference","7820ed28a7b668b8d8990ad269405caaf272c3bf34c76b4f6674566c186da8d5"
"examples/tasks/verifier-mode-matrix/multistep-top-shared-mixed/tests/test.sh","ADAPT","구조와 실패 사례만 자체 구현에 반영","MIT","design-or-test-reference","685f35440ae8a58f47f6eeb0e7acf4e5ab6accf72fcc5df1cba62a85fda34fd0"
"examples/tasks/verifier-mode-matrix/README.md","ADAPT","구조와 실패 사례만 자체 구현에 반영","MIT","design-or-test-reference","ef9d15b72d6af3e8e907caf722cfaad1b6d2c5198da7e8e1544d1cfa15c98f97"
"examples/tasks/verifier-mode-matrix/separate-explicit/environment/Dockerfile","ADAPT","구조와 실패 사례만 자체 구현에 반영","MIT","design-or-test-reference","da2fe84f2c45b11f32968fef8163531fc3c19645ce06408fb6905c43637dbe0e"
"examples/tasks/verifier-mode-matrix/separate-explicit/instruction.md","ADAPT","구조와 실패 사례만 자체 구현에 반영","MIT","design-or-test-reference","7c69849f4395b6159756678c85b5ce5d7ce42e157bbbddbcc5a259f362b0cdcb"
"examples/tasks/verifier-mode-matrix/separate-explicit/solution/solve.sh","ADAPT","구조와 실패 사례만 자체 구현에 반영","MIT","design-or-test-reference","181755bdad6accec578bee95df03f0cd1865a568d160a791fcc5c6bc3483bd4f"
"examples/tasks/verifier-mode-matrix/separate-explicit/task.toml","ADAPT","구조와 실패 사례만 자체 구현에 반영","MIT","design-or-test-reference","b7090a14ba7bf74391ec275b0bab03e97843d0387545ef18a763470fc0b4e85d"
"examples/tasks/verifier-mode-matrix/separate-explicit/tests/Dockerfile","ADAPT","구조와 실패 사례만 자체 구현에 반영","MIT","design-or-test-reference","7820ed28a7b668b8d8990ad269405caaf272c3bf34c76b4f6674566c186da8d5"
"examples/tasks/verifier-mode-matrix/separate-explicit/tests/test.sh","ADAPT","구조와 실패 사례만 자체 구현에 반영","MIT","design-or-test-reference","61f7b3310a8ac68e488a8150f4d1087e2ec64e8cac017f07a3b9d2cf801ce139"
"examples/tasks/verifier-mode-matrix/separate-implicit/environment/Dockerfile","ADAPT","구조와 실패 사례만 자체 구현에 반영","MIT","design-or-test-reference","da2fe84f2c45b11f32968fef8163531fc3c19645ce06408fb6905c43637dbe0e"
"examples/tasks/verifier-mode-matrix/separate-implicit/instruction.md","ADAPT","구조와 실패 사례만 자체 구현에 반영","MIT","design-or-test-reference","901894ccd2d78403cd6772e7a2a9e3b0c41b0bd9b63cc9d1a7df28dc062dceb0"
"examples/tasks/verifier-mode-matrix/separate-implicit/solution/solve.sh","ADAPT","구조와 실패 사례만 자체 구현에 반영","MIT","design-or-test-reference","11e338a141846f68e5ed0bf02895362db648d849219f0dea46e71b06403b88b7"
"examples/tasks/verifier-mode-matrix/separate-implicit/task.toml","ADAPT","구조와 실패 사례만 자체 구현에 반영","MIT","design-or-test-reference","203f84d34bd6a4e1979034cb0b9bbe1d67a78ecf1c604cea50b669b9f7283687"
"examples/tasks/verifier-mode-matrix/separate-implicit/tests/Dockerfile","ADAPT","구조와 실패 사례만 자체 구현에 반영","MIT","design-or-test-reference","7820ed28a7b668b8d8990ad269405caaf272c3bf34c76b4f6674566c186da8d5"
"examples/tasks/verifier-mode-matrix/separate-implicit/tests/test.sh","ADAPT","구조와 실패 사례만 자체 구현에 반영","MIT","design-or-test-reference","51c7ae40ad86d6d34c14b36e2b2d649b2801c8e7cb8293736576fb10427d9348"
"examples/tasks/verifier-mode-matrix/separate-reuse-env/environment/Dockerfile","ADAPT","구조와 실패 사례만 자체 구현에 반영","MIT","design-or-test-reference","9589115fe759cc90432bafe49057c9ff3a11d3cc362d785887400f4cb442d38c"
"examples/tasks/verifier-mode-matrix/separate-reuse-env/instruction.md","ADAPT","구조와 실패 사례만 자체 구현에 반영","MIT","design-or-test-reference","cc8b4f02f06742923a7dbbc4bb2fd611eb5f1c4ba13d72693d06c656b3814c2a"
"examples/tasks/verifier-mode-matrix/separate-reuse-env/solution/solve.sh","ADAPT","구조와 실패 사례만 자체 구현에 반영","MIT","design-or-test-reference","f81afb9d65d659f1b31280ecc12f3b2a14376188783352c947b200631973a648"
"examples/tasks/verifier-mode-matrix/separate-reuse-env/task.toml","ADAPT","구조와 실패 사례만 자체 구현에 반영","MIT","design-or-test-reference","14adb09b5d75ee689ef5d59f2b967673a456631bc60074b7c590082a701a6894"
"examples/tasks/verifier-mode-matrix/separate-reuse-env/tests/Dockerfile","ADAPT","구조와 실패 사례만 자체 구현에 반영","MIT","design-or-test-reference","b71c0542c4aa10d8e29af876cbb0a2fe7ebc9da7a54e8a2bfa2d1a65df9434dc"
"examples/tasks/verifier-mode-matrix/separate-reuse-env/tests/test.sh","ADAPT","구조와 실패 사례만 자체 구현에 반영","MIT","design-or-test-reference","3fe437d2f2452accb67230c71c6506a81bb4a9ca41463f7a2659d8a5602b47b4"
"examples/tasks/verifier-mode-matrix/shared-default/environment/Dockerfile","ADAPT","구조와 실패 사례만 자체 구현에 반영","MIT","design-or-test-reference","da2fe84f2c45b11f32968fef8163531fc3c19645ce06408fb6905c43637dbe0e"
"examples/tasks/verifier-mode-matrix/shared-default/instruction.md","ADAPT","구조와 실패 사례만 자체 구현에 반영","MIT","design-or-test-reference","fc59f944a83fb665e7b29194f4b5183baf47dbda06279348b84c2832723226b0"
"examples/tasks/verifier-mode-matrix/shared-default/solution/solve.sh","ADAPT","구조와 실패 사례만 자체 구현에 반영","MIT","design-or-test-reference","f33be4b54c97481abdbdcfba15279b829c1b1e85dc1161324a30747753abd50c"
"examples/tasks/verifier-mode-matrix/shared-default/task.toml","ADAPT","구조와 실패 사례만 자체 구현에 반영","MIT","design-or-test-reference","181554aeb8bdfe46967c9bf8297b8e84deae30e089e98d2afa8731d7bd079493"
"examples/tasks/verifier-mode-matrix/shared-default/tests/test.sh","ADAPT","구조와 실패 사례만 자체 구현에 반영","MIT","design-or-test-reference","35f4013fb4e6b59539a8d6ab4d337b34505387f415aa1a5db627ad8ac8eb5246"
"LICENSE","REUSE","프로젝트 루트 MIT 고지","MIT","license-notice","933dffa19cada2c4f6d27bfc366b99017e0c7b829a8e1dbc8b5aa816d893b2c2"
"mkdocs.yml","IGNORE","Phase 0~2의 제품 계약에 필요하지 않음","MIT","none","45f491b89a56eea5e1a016c872cebf21913535ec1376eb92d059ea396931d0e8"
"packages/harbor-langsmith/pyproject.toml","IGNORE","독립 reference package는 런타임에 사용하지 않음","MIT","none","63a88d6a030d6e6272401ff5ea28270c5438666b08c4beae179bf4836c515b8c"
"packages/harbor-langsmith/README.md","IGNORE","독립 reference package는 런타임에 사용하지 않음","MIT","none","a61988318eb354729ca63fb17db7e8afa0fdca3d9f8b81802573bf1bb7b4c204"
"packages/harbor-langsmith/src/harbor_langsmith/__init__.py","IGNORE","독립 reference package는 런타임에 사용하지 않음","MIT","none","c0be44e4b555b1bd2d5bd93a23dab4b8bbaf69b3c697eeb11e803275f4bc39da"
"packages/harbor-langsmith/src/harbor_langsmith/plugin.py","IGNORE","독립 reference package는 런타임에 사용하지 않음","MIT","none","dbba801bf1bab81780c4b7cbd94de52366f6b0152ee7a8bc3bc662d0a6f8f169"
"packages/harbor-langsmith/tests/unit/test_plugin.py","IGNORE","독립 reference package는 런타임에 사용하지 않음","MIT","none","379ad27722325118b40956187f40ec58e98b3061b2a5989a3e55abb925e47afe"
"packages/playground/pyproject.toml","IGNORE","독립 reference package는 런타임에 사용하지 않음","MIT","none","10e953e7fbe6f869170ab7818a1a3e449e5a43241b32690535ebc06100a7e08d"
"packages/playground/README.md","IGNORE","독립 reference package는 런타임에 사용하지 않음","MIT","none","f1cd8453e7b06d5f8121dd365c09a0eb3858a7c0ba5de67cb8029da03341b397"
"packages/playground/src/playground/__init__.py","IGNORE","독립 reference package는 런타임에 사용하지 않음","MIT","none","53978938812f5bfaeaad3ef7c2d92517b513d3254de7d948217935a3e85e6249"
"packages/playground/src/playground/__main__.py","IGNORE","독립 reference package는 런타임에 사용하지 않음","MIT","none","140a4f5a29aa4d81c7c8db3b42420632e933a29b7d077d5171ae71d8e94dff57"
"packages/playground/src/playground/chatbot_capabilities.py","IGNORE","독립 reference package는 런타임에 사용하지 않음","MIT","none","cba4a8140c917ebd19549ae545a66ff321d70e2219a7d6e213d1011c5bbac483"
"packages/playground/src/playground/chatbot_task_config.py","IGNORE","독립 reference package는 런타임에 사용하지 않음","MIT","none","1ca6f6c6a35bb5c52ef6063aeeed7efe8a670b3b2370cc4834c98843887fad7e"
"packages/playground/src/playground/cli.py","IGNORE","독립 reference package는 런타임에 사용하지 않음","MIT","none","0c3a115e1376c105ebecdfe2201606d50eb425679f5f475f705aa81089c82cb8"
"packages/playground/src/playground/feedback.py","IGNORE","독립 reference package는 런타임에 사용하지 않음","MIT","none","7bf4bb7c069921644a3b4fc7d868ce1a21607ee0c254a9b9521844a239948cfc"
"packages/playground/src/playground/harbor/__init__.py","IGNORE","독립 reference package는 런타임에 사용하지 않음","MIT","none","c9502e8b496dd1450b8f1a3a117171ed1f7127de85220d0a53a6ee49f0d702f6"
"packages/playground/src/playground/harbor/chat_eval.py","IGNORE","독립 reference package는 런타임에 사용하지 않음","MIT","none","1a4974e3fadc4395c11737e3e2e98765f1ca15063f8c03f314c967a5ce0c4965"
"packages/playground/src/playground/harbor/chat_mcp_session.py","IGNORE","독립 reference package는 런타임에 사용하지 않음","MIT","none","7d86c8be266f46f60653c5c5633fc26caa764ed0d6e8d2f9656addbc287c8b5c"
"packages/playground/src/playground/harbor/chat_sidecar_io.py","IGNORE","독립 reference package는 런타임에 사용하지 않음","MIT","none","8f4bc501a06dba511055d8efa7a09a9e45e7e1b7709ed75d462201d5065dfb7e"
"packages/playground/src/playground/harbor/playground.py","IGNORE","독립 reference package는 런타임에 사용하지 않음","MIT","none","1ba0dbe1af81e88d2c31d1b07625cf99141aa831955a376d94afb3b69777d7d5"
"packages/playground/src/playground/harbor/trial_events.py","IGNORE","독립 reference package는 런타임에 사용하지 않음","MIT","none","585b43a38aed211e50636a35ef8a41859f7faad134942fe5c33f4e0effbea851"
"packages/playground/src/playground/harbor/web_eval.py","IGNORE","독립 reference package는 런타임에 사용하지 않음","MIT","none","0617c0e07d7d72d21aae6e53f53dc6a67f667db68eec16b42685d001faaace3b"
"packages/playground/src/playground/host_verifier.py","IGNORE","독립 reference package는 런타임에 사용하지 않음","MIT","none","7c60ea848b6221c941fd4a24020dea5d9278fe7d35e26769c55837881cf5901b"
"packages/playground/src/playground/inprocess/__init__.py","IGNORE","독립 reference package는 런타임에 사용하지 않음","MIT","none","c6f169438cb9d41d8286fdaca430a1a77f6a89bb6e548da64e334f317658226c"
"packages/playground/src/playground/inprocess/chatbot_eval.py","IGNORE","독립 reference package는 런타임에 사용하지 않음","MIT","none","05d9285771c88b1c87d8b2abf0f46079fcd606369910cf6a21c8a131e4c7da18"
"packages/playground/src/playground/inprocess/chatbot_shared_sidecar.py","IGNORE","독립 reference package는 런타임에 사용하지 않음","MIT","none","0628fb95172d7b5f99518bd1a29c84b142633f2c3b2171111a4aa0774491e8dd"
"packages/playground/src/playground/inprocess/chatbot_sidecar_compose.py","IGNORE","독립 reference package는 런타임에 사용하지 않음","MIT","none","8a16104e7c51796e3db947421ba9d6d8fecf55a1d973f051488160e633d8f0ad"
"packages/playground/src/playground/inprocess/survey_eval.py","IGNORE","독립 reference package는 런타임에 사용하지 않음","MIT","none","09f5fb944688d0ff2eec5453e1ffcb53c9b625b028248cfd8cc016fca725c0cf"
"packages/playground/src/playground/model_client.py","IGNORE","독립 reference package는 런타임에 사용하지 않음","MIT","none","ffadddcffa7adac66b7a67f8f5b79ada0da7aea20b12be2473636913ca700227"
"packages/playground/src/playground/openai_client.py","IGNORE","독립 reference package는 런타임에 사용하지 않음","MIT","none","1b356bc0db78a81916c3ecb45d9c1cbdb5b1644f0e2540830e000c2b8a837f4d"
"packages/playground/src/playground/paths.py","IGNORE","독립 reference package는 런타임에 사용하지 않음","MIT","none","ad9352e47517c3d47f7e7cf409b24d769ad4e2d5cac8d20d7667471b42b89d95"
"packages/playground/src/playground/persona_catalog.py","IGNORE","독립 reference package는 런타임에 사용하지 않음","MIT","none","9126545184bedf5dfaf67f29b9b422aa82234bf44ddef607ce91ae998948a957"
"packages/playground/src/playground/persona_model.py","IGNORE","독립 reference package는 런타임에 사용하지 않음","MIT","none","d1fcbfb5067cf5a2c116681a5f572173bfb27a3cf7fb7cb687d0fd6cda00e3d3"
"packages/playground/src/playground/post_run_feedback.py","IGNORE","독립 reference package는 런타임에 사용하지 않음","MIT","none","6658679b90eea89e42958fe655507693b0e436c9a36355b270b40dd874fc8f95"
"packages/playground/src/playground/remote_runner/__init__.py","IGNORE","독립 reference package는 런타임에 사용하지 않음","MIT","none","f0507e65c9c54f1804cb61e036d584f885dd1b2acb8e5e3bae4e0ab2b539eb6b"
"packages/playground/src/playground/remote_runner/client.py","IGNORE","독립 reference package는 런타임에 사용하지 않음","MIT","none","0d6aee36131ab967a1976cfe263ca6ad0e8a535b7a81ae967643f58f5a29989c"
"packages/playground/src/playground/remote_runner/dispatch.py","IGNORE","독립 reference package는 런타임에 사용하지 않음","MIT","none","0f2b65a022d25cf29a5773ed5a8c842db82d890c4129ec8f4d739af06f40f127"
"packages/playground/src/playground/remote_runner/server.py","IGNORE","독립 reference package는 런타임에 사용하지 않음","MIT","none","3df96bb82018c6d24756e13985318c8fe02c53ecd98f241f4e9d037fe3de268d"
"packages/playground/src/playground/runner.py","IGNORE","독립 reference package는 런타임에 사용하지 않음","MIT","none","afe71d7096d7d4d3b0e5493423e7d618ce4c1ce87141e845682d966883b9257d"
"packages/playground/src/playground/scoring.py","IGNORE","독립 reference package는 런타임에 사용하지 않음","MIT","none","0561524b764aa35041fa736a116980a695d9ac5f181b3c6d74bca2df4a662f93"
"packages/playground/src/playground/self_report_runtime.py","IGNORE","독립 reference package는 런타임에 사용하지 않음","MIT","none","b6e1a5c5149de87eb0b3c073ca2dc55a540eda602c9e7666da8ed92e35d5c242"
"packages/playground/src/playground/self_report_task_config.py","IGNORE","독립 reference package는 런타임에 사용하지 않음","MIT","none","d08aaeb493e2b26cecb824d6e102a5df8b870ee3cb00e97b049ca2bed97acc35"
"packages/playground/src/playground/structured_exposure.py","IGNORE","독립 reference package는 런타임에 사용하지 않음","MIT","none","26ff6c4afae0de7bb5f8aa8c25d2288faf36e3283c710f2afabe00b56b2e4a14"
"packages/playground/src/playground/survey_list_meta.py","IGNORE","독립 reference package는 런타임에 사용하지 않음","MIT","none","14876d76ef8474d513e3b5f9cd639f696913dbb35e0e4c437493b145b150dcf5"
"packages/playground/src/playground/survey_task_content.py","IGNORE","독립 reference package는 런타임에 사용하지 않음","MIT","none","a430b90a71543996f16b058c8e3d86d1721d29b7c10b048c3e4fef14783dd414"
"packages/playground/src/playground/task_content_bundle.py","IGNORE","독립 reference package는 런타임에 사용하지 않음","MIT","none","6a8b25d835f3846cfcef5b99eb25c9990c8d369a613db7053a613caf3d47f27d"
"packages/playground/src/playground/tests/conftest.py","IGNORE","독립 reference package는 런타임에 사용하지 않음","MIT","none","1fc49c0fde623c1768a82609b817459ab669dfbee699a3d5173e6b373d553f09"
"packages/playground/src/playground/tests/test_chatbot_capabilities.py","IGNORE","독립 reference package는 런타임에 사용하지 않음","MIT","none","73ec75de8eada64e6386ba8064ff34742042b2d8dbc00b2785f145df3a7a5330"
"packages/playground/src/playground/tests/test_chatbot_shared_sidecar.py","IGNORE","독립 reference package는 런타임에 사용하지 않음","MIT","none","002668988b48a3e072f704703379bc2e68abcc96efe9408b82b23d9eb9008785"
"packages/playground/src/playground/tests/test_chatbot_sidecar_compose.py","IGNORE","독립 reference package는 런타임에 사용하지 않음","MIT","none","fe237f2883cd5bb52e3cdbfd2f378a3c2906ed076984a530743d1e113b8da4ba"
"packages/playground/src/playground/tests/test_cli.py","IGNORE","독립 reference package는 런타임에 사용하지 않음","MIT","none","d1ae83ce7fee5ec254269376af285a1fd73145856924c74d37755a1e2606ec77"
"packages/playground/src/playground/tests/test_feedback.py","IGNORE","독립 reference package는 런타임에 사용하지 않음","MIT","none","5d5e11393d5022dd38e81ecc714a567e5fd437049808b220beb00b86af9beddc"
"packages/playground/src/playground/tests/test_goal_contexts.py","IGNORE","독립 reference package는 런타임에 사용하지 않음","MIT","none","93973d1cef7c1fc9759117992d21901346230bb89add485c2239b5309e87046d"
"packages/playground/src/playground/tests/test_host_verifier.py","IGNORE","독립 reference package는 런타임에 사용하지 않음","MIT","none","ca89add47602330b2fff131ba3f28ab87f4dda0810d596f888d05103f70f0c66"
"packages/playground/src/playground/tests/test_model_client.py","IGNORE","독립 reference package는 런타임에 사용하지 않음","MIT","none","0f2a52ae06588f7e4e9d8c364a0128129c355aa4414119c3d16a23a9ed672c40"
"packages/playground/src/playground/tests/test_openai_client.py","IGNORE","독립 reference package는 런타임에 사용하지 않음","MIT","none","16a77cdc85d0771a7fde724cf52d3b8d39ae68e863eaa74807d44d41c86f88bd"
"packages/playground/src/playground/tests/test_persona_model.py","IGNORE","독립 reference package는 런타임에 사용하지 않음","MIT","none","9a1c8ae55ca5b25fec462bd1deba29ea5bc954cf90e8d34b1bb1f3ae3d159379"
"packages/playground/src/playground/tests/test_persona.py","IGNORE","독립 reference package는 런타임에 사용하지 않음","MIT","none","04e55b178f4b4c0403e818184456fb01e535c9d1a2162136601dd23426ba5b69"
"packages/playground/src/playground/tests/test_runner.py","IGNORE","독립 reference package는 런타임에 사용하지 않음","MIT","none","b5a76c2d35985a21826299033630114659213fb949a4ca3edcc3f347bd26b21f"
"packages/playground/src/playground/tests/test_scoring.py","IGNORE","독립 reference package는 런타임에 사용하지 않음","MIT","none","b344103ca65b8b82afd7b57d00607660234209bd8e68cec362f0cd43398193ff"
"packages/playground/src/playground/tests/test_self_report_runtime.py","IGNORE","독립 reference package는 런타임에 사용하지 않음","MIT","none","06ebbaaa9675ad3959eab36f5b4851805646f511b5e675baafdb7f60b0eb8c41"
"packages/playground/src/playground/tests/test_types.py","IGNORE","독립 reference package는 런타임에 사용하지 않음","MIT","none","f4563e439b1058ff07748d62a07f89a4029ca244070d8d450a4d76ed077de8c6"
"packages/playground/src/playground/tests/test_user_sim.py","IGNORE","독립 reference package는 런타임에 사용하지 않음","MIT","none","9615f066375ccb80be1a94a1fffc0219aef9a37b1ec6c692262801e2c5fb4625"
"packages/playground/src/playground/types.py","IGNORE","독립 reference package는 런타임에 사용하지 않음","MIT","none","9c00315846d0602c8d18f7c988a4ea78d72f3d8c20e871f633525cce9d82aa30"
"packages/playground/src/playground/user_sim/__init__.py","IGNORE","독립 reference package는 런타임에 사용하지 않음","MIT","none","8f10d087aa5b2312c01b8ed7fb9d156bba5da1a1eea2d800e01695f2e0e766a1"
"packages/playground/src/playground/user_sim/chatbot_labels.py","IGNORE","독립 reference package는 런타임에 사용하지 않음","MIT","none","8e5a0ae559ef43ba7c6117212941246f80c884fcec492df5d408abb300d40748"
"packages/playground/src/playground/user_sim/kickoff.py","IGNORE","독립 reference package는 런타임에 사용하지 않음","MIT","none","a141ba3c90e8561744c4f865a1f88722b237dc3afe1c957d522f49c7fad4ecf7"
"packages/playground/src/playground/user_sim/port.py","IGNORE","독립 reference package는 런타임에 사용하지 않음","MIT","none","d47b8d16e93f78758c5de7cba766837d44d5c22ee78b7a177d40f6e4db8e672b"
"packages/playground/src/playground/user_sim/prompt.py","IGNORE","독립 reference package는 런타임에 사용하지 않음","MIT","none","a1dc94b480213007160806f7b92e9c6450a96615c98aface79896ef3ff3f8e73"
"packages/playground/src/playground/user_sim/runner.py","IGNORE","독립 reference package는 런타임에 사용하지 않음","MIT","none","01d5d1e177bce0338a30482b407e2df1c728c0d7d03b08f7ee5a29a4627ccebb"
"packages/playground/src/playground/user_sim/self_report_contract.py","IGNORE","독립 reference package는 런타임에 사용하지 않음","MIT","none","b46d0fa77b63c71f825f1954194fee7465249fb2ea5f20a20c5c5217cdfe444d"
"packages/playground/src/playground/user_sim/self_report.py","IGNORE","독립 reference package는 런타임에 사용하지 않음","MIT","none","dc4f192455b0c9737f2207539ea941b4619898a8c6b9802329925f483a9b02fa"
"packages/playground/src/playground/user_sim/session.py","IGNORE","독립 reference package는 런타임에 사용하지 않음","MIT","none","5bac78e510285b0a83950d9884052316302d1b1f8b33644076ccacaa4103770f"
"packages/playground/src/playground/user_sim/sim_guidelines.md","IGNORE","독립 reference package는 런타임에 사용하지 않음","MIT","none","185b1c22c9c01d4024034cf4070efee2500e913adce9650a3d75bedad96118ec"
"packages/playground/src/playground/user_sim/tool_client.py","IGNORE","독립 reference package는 런타임에 사용하지 않음","MIT","none","98386c91f047bf59435f490678e8d13d598c2a0966c1d619eb983b56680afc01"
"packages/playground/src/playground/user_sim/tools.py","IGNORE","독립 reference package는 런타임에 사용하지 않음","MIT","none","3e9e5e77c7075d7bb6209c35cf3a5fa16b3866e28b55f6db8d04b6abe3e96f50"
"packages/playground/uv.lock","IGNORE","독립 reference package는 런타임에 사용하지 않음","MIT","none","36aced627428ba0f65c9200082ab6d534944ad3f363709f61d792c98b40f929a"
"packages/rewardkit/LICENSE","IGNORE","독립 reference package는 런타임에 사용하지 않음","Apache-2.0","none","c71d239df91726fc519c6eb72d318ec65820627232b2f796219e87dcf35d0ab4"
"packages/rewardkit/pyproject.toml","IGNORE","독립 reference package는 런타임에 사용하지 않음","Apache-2.0","none","5e9160ac1ffcfc80df169a9f3fc02f3c90874e02aca1283fdccc8fdd2326f0f3"
"packages/rewardkit/README.md","IGNORE","독립 reference package는 런타임에 사용하지 않음","Apache-2.0","none","ea453240d6b6a3f479fc2debc463de4c5314f6f1b0378fbc251e430fb43b4324"
"packages/rewardkit/src/rewardkit/__init__.py","IGNORE","독립 reference package는 런타임에 사용하지 않음","Apache-2.0","none","928cc32437529be2e106b6cc119c18151896893d76632b115cf0e5652671a53c"
"packages/rewardkit/src/rewardkit/__main__.py","IGNORE","독립 reference package는 런타임에 사용하지 않음","Apache-2.0","none","54957dbd2702fd7a00a600b7cbb42c750e225055b5991f2e09d8435d13158233"
"packages/rewardkit/src/rewardkit/agents.py","IGNORE","독립 reference package는 런타임에 사용하지 않음","Apache-2.0","none","6e82d2de0d4952309309d5874ae5dc054da667dfd0b7a21abaa29f242bade7c5"
"packages/rewardkit/src/rewardkit/compare.py","IGNORE","독립 reference package는 런타임에 사용하지 않음","Apache-2.0","none","42044f6a10fbd65c72cbcb41abd61559636b26025a9529df284312f809989150"
"packages/rewardkit/src/rewardkit/criteria/__init__.py","IGNORE","독립 reference package는 런타임에 사용하지 않음","Apache-2.0","none","e70ea9fb9deb91099f68a6bf2eabdb2c016460ebfc96367e479657bdaaf56fef"
"packages/rewardkit/src/rewardkit/criteria/_command.py","IGNORE","독립 reference package는 런타임에 사용하지 않음","Apache-2.0","none","d4eb25c11058600163be6f53217796cd3d23068d6512e08d87649607602b79dd"
"packages/rewardkit/src/rewardkit/criteria/_trajectory.py","IGNORE","독립 reference package는 런타임에 사용하지 않음","Apache-2.0","none","ab449b50c424cbd52aca4666521134a281e302831166c9fb819f1659c866f81b"
"packages/rewardkit/src/rewardkit/criteria/command_output_contains.py","IGNORE","독립 reference package는 런타임에 사용하지 않음","Apache-2.0","none","ff2efd4ad29caa4881ee8545cf64a540bd2956ec28c1a602363731985ea9a46a"
"packages/rewardkit/src/rewardkit/criteria/command_output_matches_regex.py","IGNORE","독립 reference package는 런타임에 사용하지 않음","Apache-2.0","none","8cb9a55a291177144a5a83e2d6f41d91fa7965c7d496a31fcec8919e15d13849"
"packages/rewardkit/src/rewardkit/criteria/command_output_matches.py","IGNORE","독립 reference package는 런타임에 사용하지 않음","Apache-2.0","none","45c661800ad79579fa56a9394aa78483ce8b8708e9fd5c3e0b20ff73741df2d6"
"packages/rewardkit/src/rewardkit/criteria/command_succeeds.py","IGNORE","독립 reference package는 런타임에 사용하지 않음","Apache-2.0","none","16b6fd82ae2f88b02c0102ac4c938539d14d720906c7fdd1d5cf881675cff3d8"
"packages/rewardkit/src/rewardkit/criteria/csv_cell_equals.py","IGNORE","독립 reference package는 런타임에 사용하지 않음","Apache-2.0","none","4f41c0733975a74f6896c472428420a9624bcd0e10091f32a53ae21e39e3c43f"
"packages/rewardkit/src/rewardkit/criteria/diff_ratio.py","IGNORE","독립 reference package는 런타임에 사용하지 않음","Apache-2.0","none","e0747454046e63cd9d3f352a1b87e8db45c9db14563e65f26032df0a1eff29be"
"packages/rewardkit/src/rewardkit/criteria/file_contains_regex.py","IGNORE","독립 reference package는 런타임에 사용하지 않음","Apache-2.0","none","f05b65ab7c0461f196f0541b1e4139b391ae3d39e4f8f667751328c546d448c6"
"packages/rewardkit/src/rewardkit/criteria/file_contains.py","IGNORE","독립 reference package는 런타임에 사용하지 않음","Apache-2.0","none","11a0c8c574ea0a2fdaa6e324d749af91ca0d9979c3939cf9a9a9b1867cb01894"
"packages/rewardkit/src/rewardkit/criteria/file_exists.py","IGNORE","독립 reference package는 런타임에 사용하지 않음","Apache-2.0","none","ccde3691345e09a98f2dc1c1d1cd33cab7455fff33195809703a268a14e4292e"
"packages/rewardkit/src/rewardkit/criteria/file_matches.py","IGNORE","독립 reference package는 런타임에 사용하지 않음","Apache-2.0","none","f375369117f00a0674e79c719309d3f7ac06c599dd162eca4f013dddfbb1be03"
"packages/rewardkit/src/rewardkit/criteria/file_not_exists.py","IGNORE","독립 reference package는 런타임에 사용하지 않음","Apache-2.0","none","1917108b5871753f7c4c8471962b066e27da4147151d497a78e62bd7e3c566df"
"packages/rewardkit/src/rewardkit/criteria/files_equal.py","IGNORE","독립 reference package는 런타임에 사용하지 않음","Apache-2.0","none","443b3f539cddc0b77b0b4ff4c82910f9fd1a9b98480a41035327c9d9b684ff17"
"packages/rewardkit/src/rewardkit/criteria/http_response_contains.py","IGNORE","독립 reference package는 런타임에 사용하지 않음","Apache-2.0","none","42e689f860d12d7b1298c6af0af3a78460d6bb0cc9e7a401e19e1ca1c9b5fa87"
"packages/rewardkit/src/rewardkit/criteria/http_status_equals.py","IGNORE","독립 reference package는 런타임에 사용하지 않음","Apache-2.0","none","65be9ef624510ba08fa492a26d419adb0af92f01f9654541f13c244f0a2e07cc"
"packages/rewardkit/src/rewardkit/criteria/image_similarity.py","IGNORE","독립 reference package는 런타임에 사용하지 않음","Apache-2.0","none","6a69b3197f8208d500a7086f310d2142d073ec447ec1451e82207c89adfc1a99"
"packages/rewardkit/src/rewardkit/criteria/image_size_equals.py","IGNORE","독립 reference package는 런타임에 사용하지 않음","Apache-2.0","none","913a7c29eaafb0ea13d829d0a25f90d9770fd29249fd9175bdd78e016e0b3c8b"
"packages/rewardkit/src/rewardkit/criteria/json_key_equals.py","IGNORE","독립 reference package는 런타임에 사용하지 않음","Apache-2.0","none","be4eb6afb3a41b3f6de52a4557a0ebe05674122439198399e0a3684767a2084c"
"packages/rewardkit/src/rewardkit/criteria/json_path_equals.py","IGNORE","독립 reference package는 런타임에 사용하지 않음","Apache-2.0","none","a71e3b6acbabd50ba01e9502c1dfa76c7f6c3fdc8075afc71d5f16a0e57f227c"
"packages/rewardkit/src/rewardkit/criteria/sqlite_query_equals.py","IGNORE","독립 reference package는 런타임에 사용하지 않음","Apache-2.0","none","0d69c0c3c046d19a60b54f850e274a564f132594ac0323a4f803d49de28cd435"
"packages/rewardkit/src/rewardkit/criteria/trajectory_tool_not_used.py","IGNORE","독립 reference package는 런타임에 사용하지 않음","Apache-2.0","none","562142942002b20e27051e82337bb076b5817f3fc3abd862ffbea3fa01575e24"
"packages/rewardkit/src/rewardkit/criteria/trajectory_tool_used.py","IGNORE","독립 reference package는 런타임에 사용하지 않음","Apache-2.0","none","79f0fcbb9a32c99aa4db8ef4ed171977371224611a69883d18056d08cada6dc3"
"packages/rewardkit/src/rewardkit/criteria/trajectory_turn_count.py","IGNORE","독립 reference package는 런타임에 사용하지 않음","Apache-2.0","none","86e12dbcddc06ba0fc55bd07119cf5df54ceab34f119ff108263be3c8a5809b1"
"packages/rewardkit/src/rewardkit/criteria/xlsx_cell_equals.py","IGNORE","독립 reference package는 런타임에 사용하지 않음","Apache-2.0","none","d8641a7cd3c0d4266a49ea41d53dad266a7ed8ded12e14ec1db7daf11b6f6c65"
"packages/rewardkit/src/rewardkit/isolation.py","IGNORE","독립 reference package는 런타임에 사용하지 않음","Apache-2.0","none","f615a5e9b9c66bee39c8e7fe7ec1f43b425668ba03a5fd3f5c8d815a2df072b6"
"packages/rewardkit/src/rewardkit/judges.py","IGNORE","독립 reference package는 런타임에 사용하지 않음","Apache-2.0","none","b1e92e63d5cef5753c10d47fdbb0ee35e996032c681dc5917937d3a23d7ae161"
"packages/rewardkit/src/rewardkit/models.py","IGNORE","독립 reference package는 런타임에 사용하지 않음","Apache-2.0","none","acfb1f4ccbaad7044f1d50d1b081d34db5ff82584cd81b3c803bfa239bc61382"
"packages/rewardkit/src/rewardkit/prompts/agent.md","IGNORE","독립 reference package는 런타임에 사용하지 않음","Apache-2.0","none","4aa0b8cecff5b12b1440b3723a1df8de02b4082c1283cd703e373c0bb5af134d"
"packages/rewardkit/src/rewardkit/prompts/llm_trajectory.md","IGNORE","독립 reference package는 런타임에 사용하지 않음","Apache-2.0","none","7b962aea78e148c6e90d40d35e23157f0265ac2a53b2cd38fa80b20375fd166b"
"packages/rewardkit/src/rewardkit/prompts/llm.md","IGNORE","독립 reference package는 런타임에 사용하지 않음","Apache-2.0","none","23df2f645d7ddc62b5e224e4f296a56fab7e47622aad6d1058676a6b1034af70"
"packages/rewardkit/src/rewardkit/reward.py","IGNORE","독립 reference package는 런타임에 사용하지 않음","Apache-2.0","none","43e9d6e7f8c13ebd5112dd20e90595a1bcc24fd6a6f0db07c72d0c4cd01e9774"
"packages/rewardkit/src/rewardkit/runner.py","IGNORE","독립 reference package는 런타임에 사용하지 않음","Apache-2.0","none","b02f611793df0602e98fde858b8090f6f2bbfb770fb4872285059987e8d216be"
"packages/rewardkit/src/rewardkit/session.py","IGNORE","독립 reference package는 런타임에 사용하지 않음","Apache-2.0","none","22dc3e9cb916394fb5c3f18613880ccb8cf210e0eb0691248bce8869c3a7ba62"
"packages/rewardkit/src/rewardkit/trajectory.py","IGNORE","독립 reference package는 런타임에 사용하지 않음","Apache-2.0","none","4a9946366f575a01adae540e8723f0319d3a0d2861895d9548b48d00ebe7e59d"
"packages/rewardkit/tests/conftest.py","IGNORE","독립 reference package는 런타임에 사용하지 않음","Apache-2.0","none","0503e8fa53764d1d2f3d3f731fb51b60c6caedc3690aada5de2519253f82ff7e"
"packages/rewardkit/tests/unit/test_agents.py","IGNORE","독립 reference package는 런타임에 사용하지 않음","Apache-2.0","none","6cc658385eb8f1e81b7513aed09f48b0f0aff3bb32bc76b143e8adfff9f99c4f"
"packages/rewardkit/tests/unit/test_cli.py","IGNORE","독립 reference package는 런타임에 사용하지 않음","Apache-2.0","none","b97a81f177cc47e32621d12619147af2e0c60f019eebfa347175a8017f3f9908"
"packages/rewardkit/tests/unit/test_compare.py","IGNORE","독립 reference package는 런타임에 사용하지 않음","Apache-2.0","none","2169517db9962992c786c4de5b5b9a4a99faaec01982173e96f6a6a3aae76ead"
"packages/rewardkit/tests/unit/test_criteria.py","IGNORE","독립 reference package는 런타임에 사용하지 않음","Apache-2.0","none","caf68dbd1df135ab016ea5337f8fa266902bdfd8f7d2177750a68a673319fc55"
"packages/rewardkit/tests/unit/test_http_criteria.py","IGNORE","독립 reference package는 런타임에 사용하지 않음","Apache-2.0","none","2baa70e0608584dbd95698a917b41ffa315d1feb0a86a58a8bf0040c9368a06c"
"packages/rewardkit/tests/unit/test_isolation.py","IGNORE","독립 reference package는 런타임에 사용하지 않음","Apache-2.0","none","2bfc21786ba7d17f29add41161e1736a72757b28bbd5b36dfc8e06c5bce53ce8"
"packages/rewardkit/tests/unit/test_judges.py","IGNORE","독립 reference package는 런타임에 사용하지 않음","Apache-2.0","none","080bf5bbe8c95df0d8c393673d1cf877d6db7b1a5e5e27a225f90d4d9e21cf51"
"packages/rewardkit/tests/unit/test_models.py","IGNORE","독립 reference package는 런타임에 사용하지 않음","Apache-2.0","none","b8683bbff47e2f897a6a0ebb42d7ff2adbe2c2e05a5710bca5a8284657de4d98"
"packages/rewardkit/tests/unit/test_reward.py","IGNORE","독립 reference package는 런타임에 사용하지 않음","Apache-2.0","none","465882efc2ebd2cc7d18e20ff9818fb6ff822a30a44b632da71496e3186e2560"
"packages/rewardkit/tests/unit/test_runner.py","IGNORE","독립 reference package는 런타임에 사용하지 않음","Apache-2.0","none","a166cf297036b615cc6d7815f8da6a6b82f9a6cf264842473c6057ad709e232a"
"packages/rewardkit/tests/unit/test_session.py","IGNORE","독립 reference package는 런타임에 사용하지 않음","Apache-2.0","none","c03bd14f1ab90d0eedb71ea69a3c56db6ab394c00e8133537301800f143db57f"
"packages/rewardkit/tests/unit/test_trajectory_criteria.py","IGNORE","독립 reference package는 런타임에 사용하지 않음","Apache-2.0","none","2b767827957e3df64efbf9187342970d78c7ca407001962beaf065580702f581"
"packages/rewardkit/tests/unit/test_trajectory.py","IGNORE","독립 reference package는 런타임에 사용하지 않음","Apache-2.0","none","80a5cf8c76dbae1ff5eb57bd094fed3c8bf5e2f787825181770ca24cd3c596c9"
"persona/__init__.py","IGNORE","Phase 0~2의 제품 계약에 필요하지 않음","MIT","none","e3b0c44298fc1c149afbf4c8996fb92427ae41e4649b934ca495991b7852b855"
"persona/.DS_Store","IGNORE","Phase 0~2의 제품 계약에 필요하지 않음","MIT","none","10bdea9b19318111f712d630e78c3308e6f0a52956a67a4cf4e340c0bf800941"
"persona/curation/__init__.py","IGNORE","Phase 0~2의 제품 계약에 필요하지 않음","MIT","none","e3b0c44298fc1c149afbf4c8996fb92427ae41e4649b934ca495991b7852b855"
"persona/curation/attribute_pool/docs/application_attributes_readme.md","IGNORE","Phase 0~2의 제품 계약에 필요하지 않음","MIT","none","da86dac2795b16aa62e1d6af886a94e1fbf8b1558ae8dba5904ea0d917ab1e81"
"persona/curation/attribute_pool/docs/candidate_pool_normalization_method.md","IGNORE","Phase 0~2의 제품 계약에 필요하지 않음","MIT","none","d285ddbfa7ceab4c2f6b1269cca5e13d2e8358f8d13c5dfae08bc0dbfbaf3af7"
"persona/curation/attribute_pool/docs/industry_related_persona_attributes.md","IGNORE","Phase 0~2의 제품 계약에 필요하지 않음","MIT","none","7d3dda4571c823c8694ae2b69524e97bd87963d662db891925f8eebc3882ec86"
"persona/curation/attribute_pool/docs/persona_schema_theoretical_basis.md","IGNORE","Phase 0~2의 제품 계약에 필요하지 않음","MIT","none","dcc40625a1117b37bab43e92ad7d25aa29c0bb31427efd336ae924ebc8765a71"
"persona/curation/attribute_pool/OUTPUTS.md","IGNORE","Phase 0~2의 제품 계약에 필요하지 않음","MIT","none","e5e97f306b602407c19efb9c61aa2d88b4d05e8c63ced2bd1aed5ff08217c2d8"
"persona/curation/attribute_pool/scripts/aggregate_candidate_pool.py","IGNORE","Phase 0~2의 제품 계약에 필요하지 않음","MIT","none","26bbedafac49ddc129512a2ab6fc1682b02c820e7582855fb2df72cbfdbc1bfa"
"persona/curation/attribute_pool/scripts/build_acs_curated_variables.py","IGNORE","Phase 0~2의 제품 계약에 필요하지 않음","MIT","none","e157a6e680f56e21cf6a919ac4582081abdf91437c0332951ed823d2028c7f86"
"persona/curation/attribute_pool/scripts/build_final_merged_attributes.py","IGNORE","Phase 0~2의 제품 계약에 필요하지 않음","MIT","none","84000ddc8b4b2cbed4e119e1984aa75bba2ccdc21c7163849b3deadea6236b3a"
"persona/curation/attribute_pool/scripts/dedup_and_categorize_candidate_pool.py","IGNORE","Phase 0~2의 제품 계약에 필요하지 않음","MIT","none","7db9bfbaf0d10e5f27c1026d51f5b63147df08db755e9c291a66c7abcbc51f0c"
"persona/curation/attribute_pool/scripts/embedding_llm_dedup_pipeline.py","IGNORE","Phase 0~2의 제품 계약에 필요하지 않음","MIT","none","4e622e6f84bc2c8b59fb2576a9a1027d913eaf4d3dfa78aaee2f8033e99b4e7c"
"persona/curation/attribute_pool/scripts/normalize_candidate_pool.py","IGNORE","Phase 0~2의 제품 계약에 필요하지 않음","MIT","none","6c54012b0a2ad0e0cd698047911243cd521dad3927f0ee86038ea93814f0fe40"
"persona/curation/attribute_pool/scripts/prepare_llm_dedup_and_graph.py","IGNORE","Phase 0~2의 제품 계약에 필요하지 않음","MIT","none","a31143ce7a025b3f8d13aa70f787d5db682c0f276723842d98237394f5e40dc8"
"persona/curation/attribute_pool/sources/scope_persona_README.md","IGNORE","Phase 0~2의 제품 계약에 필요하지 않음","MIT","none","13297cf254e7d76902d604a1b7323652fb684e89ee9e7791a562d6a6eb0ae92a"
"persona/curation/existing_data/__init__.py","IGNORE","Phase 0~2의 제품 계약에 필요하지 않음","MIT","none","e3b0c44298fc1c149afbf4c8996fb92427ae41e4649b934ca495991b7852b855"
"persona/curation/existing_data/.gitignore","IGNORE","Phase 0~2의 제품 계약에 필요하지 않음","MIT","none","9e5544f3124ec50fefdc973a24c8971b7458a39680721b1a191ede0c84d95a3d"
"persona/curation/existing_data/amazon_review_evidence_mapping.json","IGNORE","Phase 0~2의 제품 계약에 필요하지 않음","MIT","none","0982951c8bafc91f76d47b914d15bdd2bc49fcbb31d1a2f6f9ff828c9b0d5af6"
"persona/curation/existing_data/amazon_reviews_2023_pool_stats.md","IGNORE","Phase 0~2의 제품 계약에 필요하지 않음","MIT","none","21baabae5c6cb14648b6a2abdb1b660a026ce042deefa2441af66b67aa7b55a1"
"persona/curation/existing_data/examples/wikipedia_persona_seed_entities_sample.jsonl","IGNORE","Phase 0~2의 제품 계약에 필요하지 않음","MIT","none","6ac8ad98bed7ca414a5c6c4ea9385188adc738bf4138daa45200e70a3bebf738"
"persona/curation/existing_data/manifests/acs_pums_curated_variables.json","IGNORE","Phase 0~2의 제품 계약에 필요하지 않음","MIT","none","2f81bc1a033b9fdf49fd3f84f726e9b0d51dee5eda6c23cd089e954e9254b31b"
"persona/curation/existing_data/manifests/amazon_reviews_2023.json","IGNORE","Phase 0~2의 제품 계약에 필요하지 않음","MIT","none","adbbb6a083c4e6f5ec5a3cede8715ab82c0d113f56281b51d9044397ae542391"
"persona/curation/existing_data/manifests/apple_ml_primex.json","IGNORE","Phase 0~2의 제품 계약에 필요하지 않음","MIT","none","d177232842f3b2b86fddebb831a76942c2cf4794ba10e82923a23446a812ab4f"
"persona/curation/existing_data/manifests/attachment_style.json","IGNORE","Phase 0~2의 제품 계약에 필요하지 않음","MIT","none","911333df44d85364812f76814d754e533455cc80b508f063b9508f8af8ca8b27"
"persona/curation/existing_data/manifests/bfi2_big_five_inventory_2.json","IGNORE","Phase 0~2의 제품 계약에 필요하지 않음","MIT","none","1d5a1ccce6b09fc160c443df96a008621220b91e1920d61d4b193ad35f080f59"
"persona/curation/existing_data/manifests/bis_bas_scales.json","IGNORE","Phase 0~2의 제품 계약에 필요하지 않음","MIT","none","00b16e5afbaa3dfc0233a6cdf7d8d952f90b5557401f0a1edd4af211b4705fe6"
"persona/curation/existing_data/manifests/deep_persona.json","IGNORE","Phase 0~2의 제품 계약에 필요하지 않음","MIT","none","db58674da25da8f19f622770b9e3fe5d2d8f332989a756b9541ba5e61022533c"
"persona/curation/existing_data/manifests/dospert_risk_attitudes.json","IGNORE","Phase 0~2의 제품 계약에 필요하지 않음","MIT","none","3d038a5486b36f128bcf104181dd9cd6453dec9ab5cb3889172392e91e131eaa"
"persona/curation/existing_data/manifests/facet_map_70_facets.json","IGNORE","Phase 0~2의 제품 계약에 필요하지 않음","MIT","none","611753c74768b948d8b0503a372d91020b6e6f5fb5b2ce35a3b410f0c88fda78"
"persona/curation/existing_data/manifests/google_synthetic_persona_chat.json","IGNORE","Phase 0~2의 제품 계약에 필요하지 않음","MIT","none","f7fe69f948c0ef4c869de0cae5a98d7babb019f396038725c8c8928d3606b055"
"persona/curation/existing_data/manifests/grit_perseverance.json","IGNORE","Phase 0~2의 제품 계약에 필요하지 않음","MIT","none","70f63c4c68252465087121a1d064ded443ece6ef0238724540178c61e24435aa"
"persona/curation/existing_data/manifests/growth_mindset.json","IGNORE","Phase 0~2의 제품 계약에 필요하지 않음","MIT","none","b6ffcd5fa12ebf91ccb4dc6d367f4b1040358ae479a088fa80d8bbf3a14e29f2"
"persona/curation/existing_data/manifests/gss_cumulative_codebook.json","IGNORE","Phase 0~2의 제품 계약에 필요하지 않음","MIT","none","282c9c87574117677bff4a66ea5d34f9de930b2e8d9991d611026780d1360805"
"persona/curation/existing_data/manifests/hexaco_pi_r.json","IGNORE","Phase 0~2의 제품 계약에 필요하지 않음","MIT","none","fbd8f9059939da86d387d10a80e8256e753bdfc9bce7230a9e60287eaa24611e"
"persona/curation/existing_data/manifests/horizonbench_mental_state_graphs.json","IGNORE","Phase 0~2의 제품 계약에 필요하지 않음","MIT","none","50e134db6a7722a2283b5b778ae9ebea6ddc8192cae9d1a38a2ac40a011535f8"
"persona/curation/existing_data/manifests/interpersonal_circumplex.json","IGNORE","Phase 0~2의 제품 계약에 필요하지 않음","MIT","none","30e8e4050a7b2029721233b20a1e5d47e267197e9dd9a852aef31d56b4f09c13"
"persona/curation/existing_data/manifests/ipip_constructs_and_items.json","IGNORE","Phase 0~2의 제품 계약에 필요하지 않음","MIT","none","141e09a66330c4d67d6b45a93505b3cbf5fc370f1b4e339d11424fbd23f2a774"
"persona/curation/existing_data/manifests/mcadams_three_levels_personality.json","IGNORE","Phase 0~2의 제품 계약에 필요하지 않음","MIT","none","80605a0c209652cfd65ae033679d000c4cf3edc2770c75588d91f7409668a12d"
"persona/curation/existing_data/manifests/moral_foundations_theory.json","IGNORE","Phase 0~2의 제품 계약에 필요하지 않음","MIT","none","077e1ffb9426d2df2b68a0f85930a48736fe746aa5c904b7c096959f398d80d3"
"persona/curation/existing_data/manifests/need_for_closure.json","IGNORE","Phase 0~2의 제품 계약에 필요하지 않음","MIT","none","90774dec97ca928f49ef3e3299c9ed9f50b43c376beaa8070aac8c03c7e979c4"
"persona/curation/existing_data/manifests/need_for_cognition.json","IGNORE","Phase 0~2의 제품 계약에 필요하지 않음","MIT","none","10b0c4618f6ea3672e4bfa5492e3aab0285f2486efcf7d0ba6fd85c244bfbe54"
"persona/curation/existing_data/manifests/nemotron_personas_usa.json","IGNORE","Phase 0~2의 제품 계약에 필요하지 않음","MIT","none","88414139446f3d8743987c83389e3548a37df0887c84e368e993f27950dd3187"
"persona/curation/existing_data/manifests/oasis_reddit_36d.json","IGNORE","Phase 0~2의 제품 계약에 필요하지 않음","MIT","none","006bf55ece26c551a3304f7d0cf4766c7aad63bb90f3652f59636aeb69d73fd6"
"persona/curation/existing_data/manifests/pandora_big5.json","IGNORE","Phase 0~2의 제품 계약에 필요하지 않음","MIT","none","f132f7d0906fdd7a87313cb10aa8e5841e0e38efb5acfc945220a4cbe4aae672"
"persona/curation/existing_data/manifests/personachat_facebook.json","IGNORE","Phase 0~2의 제품 계약에 필요하지 않음","MIT","none","4d7faa338a6f94bdda78fdefbed29fb28424a1bec10d767a5ae79de3a5161b48"
"persona/curation/existing_data/manifests/primal_world_beliefs.json","IGNORE","Phase 0~2의 제품 계약에 필요하지 않음","MIT","none","f1f1f21c3e884b7639eb4562816d6909231c3ce0e26a3dbd949d31fa02c81cf7"
"persona/curation/existing_data/manifests/prism_alignment.json","IGNORE","Phase 0~2의 제품 계약에 필요하지 않음","MIT","none","dde1c3e65f4bafc3316a7b12f0723967b40bd8fdcd43e5d5b3bdca845c247f8a"
"persona/curation/existing_data/manifests/schwartz_basic_values.json","IGNORE","Phase 0~2의 제품 계약에 필요하지 않음","MIT","none","0cd090407864184d84b8fb4eb577a0194e797b123ba2bc683a71cd7d6b0ea5a6"
"persona/curation/existing_data/manifests/scope_persona_salesforce.json","IGNORE","Phase 0~2의 제품 계약에 필요하지 않음","MIT","none","132680f48c2b68525efd856f485372014c0b7d256adda22b5d90fea1fd51a104"
"persona/curation/existing_data/manifests/self_determination_theory.json","IGNORE","Phase 0~2의 제품 계약에 필요하지 않음","MIT","none","fe5a6f7b31d4ecde0b2021bc1426cc66c757e10bded1e7d9a8704cb75e9f9171"
"persona/curation/existing_data/manifests/synthlabs_persona.json","IGNORE","Phase 0~2의 제품 계약에 필요하지 않음","MIT","none","f430eb96ce4133647d6805014abe912430f4cb534cee24f7d047a2c4916bfd15"
"persona/curation/existing_data/manifests/tencent_personahub.json","IGNORE","Phase 0~2의 제품 계약에 필요하지 않음","MIT","none","2884a72f64e7bec4e53e36a09c9a0dc18cac587e8afc5d8a753c27de55ac2786"
"persona/curation/existing_data/manifests/wikipedia_biographical_data.json","IGNORE","Phase 0~2의 제품 계약에 필요하지 않음","MIT","none","af1533c5c7311079cb019d2be134a8dcbaf333db95ffbe47dee400ab793b913e"
"persona/curation/existing_data/manifests/wildchat_allenai.json","IGNORE","Phase 0~2의 제품 계약에 필요하지 않음","MIT","none","39d410dfba316516c4683d20442a58064c7080b81dfe92bce9a2ca7b22f70ce4"
"persona/curation/existing_data/manifests/world_values_survey_wave7.json","IGNORE","Phase 0~2의 제품 계약에 필요하지 않음","MIT","none","80e95823d6a7e41552bd593f1ae85c8ee24728d13984679e0f0f5d84bbaae459"
"persona/curation/existing_data/modal_amazon_user_index.py","IGNORE","Phase 0~2의 제품 계약에 필요하지 않음","MIT","none","f0b06db9c95bd44145b3e7b165ddae8df9695d4ee41909b925bebca42d5f9792"
"persona/curation/existing_data/protocols/amazon_review_persona_inference_v1/input.schema.json","IGNORE","Phase 0~2의 제품 계약에 필요하지 않음","MIT","none","9f2d09ae709d5b6b9be3bd70f63ba5cece19afdb514cca7cca4fefc1cc90b0af"
"persona/curation/existing_data/protocols/amazon_review_persona_inference_v1/output.schema.json","IGNORE","Phase 0~2의 제품 계약에 필요하지 않음","MIT","none","843a0a6e5d05909e8299767e9bc5c00ce8fa181a7a1466da3dd5e5679a6b4c3d"
"persona/curation/existing_data/protocols/amazon_review_persona_inference_v1/prompt.md","IGNORE","Phase 0~2의 제품 계약에 필요하지 않음","MIT","none","fab672a0d8d34525b6ef8ab876bcd5175f1e7936e4a69d034c2debc65c957917"
"persona/curation/existing_data/protocols/amazon_review_persona_inference_v1/protocol_manifest.json","IGNORE","Phase 0~2의 제품 계약에 필요하지 않음","MIT","none","e47a7f499ba88f608a40feea3b93b43b5f9646d73ec56292670b6dbdf5ca5747"
"persona/curation/existing_data/samples/amazon_reviews_2023/candidate_users_top100.jsonl","IGNORE","Phase 0~2의 제품 계약에 필요하지 않음","MIT","none","dffbebba171bcc23f6c8740f752f1daf6ad0449e51aedfd4f2b4627f787a75f7"
"persona/curation/existing_data/samples/amazon_reviews_2023/persona_dimension_inference/pilot_2users_dpc100_readable.md","IGNORE","Phase 0~2의 제품 계약에 필요하지 않음","MIT","none","bb91e1556b725b9de4e6cd895b891db2f14c8d3f34fcf170999abc362fb4da57"
"persona/curation/existing_data/samples/amazon_reviews_2023/top_reviewers/amazon_top_10000_rich_persona_reviewer_ids_2018_2023.md","IGNORE","Phase 0~2의 제품 계약에 필요하지 않음","MIT","none","3f188e5de945087c450c403b5aa6a898018245f69e01f4993e8f5c27814e0999"
"persona/curation/existing_data/samples/amazon_reviews_2023/top_reviewers/README.md","IGNORE","Phase 0~2의 제품 계약에 필요하지 않음","MIT","none","500a54bbae0e5862f0cf51e4c27ef188185c4715d8d2d299c14541e3131e3556"
"persona/curation/existing_data/samples/amazon_reviews_2023/user_histories_sample.jsonl","IGNORE","Phase 0~2의 제품 계약에 필요하지 않음","MIT","none","f1bad593b368d8bbbaac838e32d6616e80c75c2a13dbb6367971b534aefda9aa"
"persona/curation/existing_data/samples/nemotron_domain_selection/nemotron_domain_selection_summary.md","IGNORE","Phase 0~2의 제품 계약에 필요하지 않음","MIT","none","b84d93941906384566fc85c81fd9d659faf7491ec6496564c0fbbb1805d77fbe"
"persona/curation/existing_data/samples/nemotron_domain_selection/nemotron_domain_user_characteristics.md","IGNORE","Phase 0~2의 제품 계약에 필요하지 않음","MIT","none","3355f33fb2bd9b90c6da6a449ec2d8d1da8b294f67704fce27d60843f1e62427"
"persona/curation/existing_data/samples/nemotron_domain_selection/nemotron_overall_diversity_metrics.csv","IGNORE","Phase 0~2의 제품 계약에 필요하지 않음","MIT","none","7f732e0974fea3f31287dbed6ac61b8bb45dad5a48af24012304b412f5a10495"
"persona/curation/existing_data/samples/nemotron_domain_selection/nemotron_within_domain_cluster_summary.csv","IGNORE","Phase 0~2의 제품 계약에 필요하지 않음","MIT","none","7d4c109a594cc99f0f0d6a65850f747af30ac3a056800e8c25cd5dd1f8fb28d4"
"persona/curation/existing_data/samples/nemotron_domain_selection/nemotron_within_domain_diversity_metrics.csv","IGNORE","Phase 0~2의 제품 계약에 필요하지 않음","MIT","none","d3ed8d5a98739745589ba439c2b1e32f7b1ac29fcbaa853ee1622e32a95806c5"
"persona/curation/existing_data/samples/nemotron_domain_selection/nemotron_within_domain_user_clusters.csv","IGNORE","Phase 0~2의 제품 계약에 필요하지 않음","MIT","none","902b68f22803e1cc2df053faf14bffa55f859be6f17fc1205b615eb31bdc0f15"
"persona/curation/existing_data/samples/nemotron_domain_selection/README.md","IGNORE","Phase 0~2의 제품 계약에 필요하지 않음","MIT","none","f19d869a3c1e8739e48d04d9ca1ddc41bbdf4276ee5f12cf119c928b64f0afb6"
"persona/curation/existing_data/samples/nemotron_survey_selection/nemotron_survey_user_ids_50.txt","IGNORE","Phase 0~2의 제품 계약에 필요하지 않음","MIT","none","972cb97ca0ddf5ab00fb6fc271a61cb4ec640533dbdb15a090d2af8ecdedfb2a"
"persona/curation/existing_data/samples/nemotron_survey_selection/nemotron_survey_users_50.csv","IGNORE","Phase 0~2의 제품 계약에 필요하지 않음","MIT","none","f93568abdb6699b1af313fabd2021c4225772fdcb3a00da8dee51418219fa058"
"persona/curation/existing_data/samples/nemotron_survey_selection/nemotron_survey_users_50.json","IGNORE","Phase 0~2의 제품 계약에 필요하지 않음","MIT","none","99b0ffda8827c275c88a6c883a55492c61651036066be0efd7830b332c895949"
"persona/curation/existing_data/samples/nemotron_survey_selection/nemotron_survey_users_50.md","IGNORE","Phase 0~2의 제품 계약에 필요하지 않음","MIT","none","da13d0de064ef1646fe8658fccca331295814bc3be3229001e1e293592b8e42e"
"persona/curation/existing_data/scripts/__init__.py","IGNORE","Phase 0~2의 제품 계약에 필요하지 않음","MIT","none","e3b0c44298fc1c149afbf4c8996fb92427ae41e4649b934ca495991b7852b855"
"persona/curation/existing_data/scripts/analyze_amazon_reviews_2023.py","IGNORE","Phase 0~2의 제품 계약에 필요하지 않음","MIT","none","1ad75284d68138144d06eaa8d419e9227558f89cbe1f0a944cfb1609127523ca"
"persona/curation/existing_data/scripts/audit_wiki_results.py","IGNORE","Phase 0~2의 제품 계약에 필요하지 않음","MIT","none","140b336578abc86ac0a6e394a79ae68fe1b73c8cade5f4eed09baf6867ba326f"
"persona/curation/existing_data/scripts/build_amazon_collab_db.py","IGNORE","Phase 0~2의 제품 계약에 필요하지 않음","MIT","none","e903068da70de6f289d91e76fba7b0e7d567dd5b63f7b47b9796f7d774d5cf17"
"persona/curation/existing_data/scripts/build_enwiki_person_dataset.py","IGNORE","Phase 0~2의 제품 계약에 필요하지 않음","MIT","none","f5366da099213ac96795e15030c66e50f3f0fc91bdde8f207f04d4715183c8dc"
"persona/curation/existing_data/scripts/build_enwiki_qid_labels.py","IGNORE","Phase 0~2의 제품 계약에 필요하지 않음","MIT","none","32acd8666c60efd5c0366919711b943eaf98d4db039c2a04b4ee4662598b0fee"
"persona/curation/existing_data/scripts/build_wiki_profile_db.py","IGNORE","Phase 0~2의 제품 계약에 필요하지 않음","MIT","none","5c5bb55ca2020b907f53df9bccc56ffbf9c820a6115e98b11547f3d8a95cbb76"
"persona/curation/existing_data/scripts/build_wikidata_person_attributes.py","IGNORE","Phase 0~2의 제품 계약에 필요하지 않음","MIT","none","52e6b463ef66a953c50478d3283f6fe87623798e83f8e036005ee6168fc58aa9"
"persona/curation/existing_data/scripts/coverage_report.py","IGNORE","Phase 0~2의 제품 계약에 필요하지 않음","MIT","none","5fd5354f14fbf93380b847842d2d89779fbd0a7e25795451e299ba54a983835a"
"persona/curation/existing_data/scripts/crosswalk_engine.py","IGNORE","Phase 0~2의 제품 계약에 필요하지 않음","MIT","none","580b58c3cbdd96f1664bc7307f1cf1a4f068f552bc132fc804daed30b7edb5cc"
"persona/curation/existing_data/scripts/crosswalks/__init__.py","IGNORE","Phase 0~2의 제품 계약에 필요하지 않음","MIT","none","e3b0c44298fc1c149afbf4c8996fb92427ae41e4649b934ca495991b7852b855"
"persona/curation/existing_data/scripts/crosswalks/afrobarometer.py","IGNORE","Phase 0~2의 제품 계약에 필요하지 않음","MIT","none","dccfadd81db079f2df0f3b5416c4e6ac57d3627bd0843069381e1b5c14f8347f"
"persona/curation/existing_data/scripts/crosswalks/convai2.py","IGNORE","Phase 0~2의 제품 계약에 필요하지 않음","MIT","none","3d3bff9949e6d63d840dccbd461204972ab9b19ec74b2e00fe070b31667bc184"
"persona/curation/existing_data/scripts/crosswalks/gss.py","IGNORE","Phase 0~2의 제품 계약에 필요하지 않음","MIT","none","341887975bb9432ab6bf6eab5671a72c97d3378f45d881a3ac6178d8539796ab"
"persona/curation/existing_data/scripts/crosswalks/prism.py","IGNORE","Phase 0~2의 제품 계약에 필요하지 않음","MIT","none","29301e962a2f50a9737946e3f531da4ef938deb0e9ed6904c88f874c024e83e3"
"persona/curation/existing_data/scripts/derive_wikipedia_person_text.py","IGNORE","Phase 0~2의 제품 계약에 필요하지 않음","MIT","none","d193f0e980023b7c0bd1475362784db277e510eefa0d783c4cc6b713776727d7"
"persona/curation/existing_data/scripts/enrich_prepared_amazon_product_info.py","IGNORE","Phase 0~2의 제품 계약에 필요하지 않음","MIT","none","228a4342be4cfd7316c6342155ad6b3d13793d4486c9eb15d67a03f9233e2231"
"persona/curation/existing_data/scripts/evaluate_amazon_persona_rating_holdout.py","IGNORE","Phase 0~2의 제품 계약에 필요하지 않음","MIT","none","4f4e61110977110fe3391e64621232039207bf2f043c35cae4cefff4395c6f4a"
"persona/curation/existing_data/scripts/export_hf_amazon_user_histories.py","IGNORE","Phase 0~2의 제품 계약에 필요하지 않음","MIT","none","67b3d07e581fb583d55a1a91a4a6e16e4cf70d27cee7df12094aeb48d6eb19d4"
"persona/curation/existing_data/scripts/extract_enwiki_pages.py","IGNORE","Phase 0~2의 제품 계약에 필요하지 않음","MIT","none","4e42be5fb17186e9e0e1d24902945b0f69d49eccc1e7ea9e50808d8b15b3d114"
"persona/curation/existing_data/scripts/fetch_amazon_reviews_2023.py","IGNORE","Phase 0~2의 제품 계약에 필요하지 않음","MIT","none","64219231ed95053cc62145d9a4118e7207bb0b1afd473c8f0b96dcb17dbfaf37"
"persona/curation/existing_data/scripts/fetch_sources.py","IGNORE","Phase 0~2의 제품 계약에 필요하지 않음","MIT","none","ec62791525ef1c2386c7e6e253a19a17122c802c1cb90953e28c56f44be4a848"
"persona/curation/existing_data/scripts/fetch_wikipedia_persona_seeds.py","IGNORE","Phase 0~2의 제품 계약에 필요하지 않음","MIT","none","a9db3d26cc5e9e69e0acf166942a4cc9a6d242f380f2469e1ee25c65d0ffc58b"
"persona/curation/existing_data/scripts/HOW_TO_ADD_A_DATASET.md","IGNORE","Phase 0~2의 제품 계약에 필요하지 않음","MIT","none","bf9e4b9ddbb596468b676005290a2dfba65995d960e3802f5967415c7241dfa1"
"persona/curation/existing_data/scripts/infer_amazon_review_dimensions.py","IGNORE","Phase 0~2의 제품 계약에 필요하지 않음","MIT","none","1bd31429b3a328a93be77621addb76941997fa276d2d065f1a9ede61c74ac424"
"persona/curation/existing_data/scripts/make_amazon_collab_package.py","IGNORE","Phase 0~2의 제품 계약에 필요하지 않음","MIT","none","5d2e0b18a47f918931e5ef6668a40f885c28f2b84c7c3503c5da0a5e570aa364"
"persona/curation/existing_data/scripts/make_amazon_top_reviewer_batch_packages.sh","IGNORE","Phase 0~2의 제품 계약에 필요하지 않음","MIT","none","a033a23126ddc898d58e1a38e4d78ee7bad74486992c38a323035cafdac7f629"
"persona/curation/existing_data/scripts/make_amazon_top_reviewer_package_manifest.py","IGNORE","Phase 0~2의 제품 계약에 필요하지 않음","MIT","none","9d8020a67e1bdffbfd42cc22fa6db08f8ccad2bff8b1af10527ce6777c896a20"
"persona/curation/existing_data/scripts/make_amazon_top_reviewer_package.sh","IGNORE","Phase 0~2의 제품 계약에 필요하지 않음","MIT","none","576c6a21a5b5c0718346e68fd26ecf031fc25882b88fe6d5c2e265c52802582c"
"persona/curation/existing_data/scripts/make_collab_package.py","IGNORE","Phase 0~2의 제품 계약에 필요하지 않음","MIT","none","743263da03e2345c15ce8ae23b58833573d2fa27ce76b28b7ef09bd5c7a665d0"
"persona/curation/existing_data/scripts/make_package.py","IGNORE","Phase 0~2의 제품 계약에 필요하지 않음","MIT","none","28ad3c1b420ab8020b2b3b58c32f3e9e26d3c05fdcdd50376323756bdff1148d"
"persona/curation/existing_data/scripts/make_package.sh","IGNORE","Phase 0~2의 제품 계약에 필요하지 않음","MIT","none","ffa7c202edd95471a1a1bad3ffcda5da0088b902770d37e7fde7a525fa723ba9"
"persona/curation/existing_data/scripts/make_wiki_assignments.py","IGNORE","Phase 0~2의 제품 계약에 필요하지 않음","MIT","none","566a4d1848d47df8581111662580bc47c5f5e595e45ee7f8196d029ea8ba7582"
"persona/curation/existing_data/scripts/merge_collab_results.py","IGNORE","Phase 0~2의 제품 계약에 필요하지 않음","MIT","none","27e96363e72730cdb06c8b15bbd862304f08a79c2629bcc26d66946007f144f9"
"persona/curation/existing_data/scripts/merge_wiki_results.py","IGNORE","Phase 0~2의 제품 계약에 필요하지 않음","MIT","none","8f21578357710e1030c6e2e7bc31f4e75f86a9bedb241fd9eff6e3a1c823764c"
"persona/curation/existing_data/scripts/postfilter_amazon_candidates.py","IGNORE","Phase 0~2의 제품 계약에 필요하지 않음","MIT","none","528d2841f7a8695126ce388de7b41dd8d24f44a6a67ec469d36e7ca93b89fb36"
"persona/curation/existing_data/scripts/postprocess_engine.py","IGNORE","Phase 0~2의 제품 계약에 필요하지 않음","MIT","none","bc4124183065a3659196952bde58b81025b10f3da3073e2244bd2a7aeb3972d4"
"persona/curation/existing_data/scripts/predict_amazon_persona_holdout_ratings.py","IGNORE","Phase 0~2의 제품 계약에 필요하지 않음","MIT","none","dc49c7be4931ee611f556655fde29f0a4ae679aedd3ea4d43049ecf83aa9924e"
"persona/curation/existing_data/scripts/prepare_hf_amazon_user_histories.py","IGNORE","Phase 0~2의 제품 계약에 필요하지 않음","MIT","none","0e1873d8acfd5d9c85d20c2bc9fc4a933eae587395f9096649a297243b129413"
"persona/curation/existing_data/scripts/render_amazon_inference_report.py","IGNORE","Phase 0~2의 제품 계약에 필요하지 않음","MIT","none","8a51feb07edba8834f426eec5d0986c003e3fc545335e6a1ae1bfe8d91f4c938"
"persona/curation/existing_data/scripts/render_nemotron_domain_selection_plots.py","IGNORE","Phase 0~2의 제품 계약에 필요하지 않음","MIT","none","9d1146f780b83eb91a17cd9bc76f329bb18d7df236a1d2f698925360b85f2f5f"
"persona/curation/existing_data/scripts/retrieve_amazon_user_histories.py","IGNORE","Phase 0~2의 제품 계약에 필요하지 않음","MIT","none","011178f2f7e825bd79136a714970cfe50f25a516eef91563515fb724631453d3"
"persona/curation/existing_data/scripts/run_pipeline.py","IGNORE","Phase 0~2의 제품 계약에 필요하지 않음","MIT","none","101c2537aeaef5a5972d5b72dc1ca87940957d115634bb02c437757cfffa1531"
"persona/curation/existing_data/scripts/select_amazon_top_reviewers.py","IGNORE","Phase 0~2의 제품 계약에 필요하지 않음","MIT","none","cdb2088f57c631ec4c9206127f0818c22ca172197d62550406e5f2d613435c31"
"persona/curation/existing_data/scripts/select_nemotron_survey_users.py","IGNORE","Phase 0~2의 제품 계약에 필요하지 않음","MIT","none","111d095aab93450b658add35b5889e549d1438bde0ca6bd3b1af40bab3b71244"
"persona/curation/existing_data/scripts/track_amazon_top_reviewer_packages.py","IGNORE","Phase 0~2의 제품 계약에 필요하지 않음","MIT","none","e9ce6922c4c89fe77a2057bee171f37964231603e4705d58c041d61afa428c08"
"persona/curation/existing_data/scripts/validate_amazon_results.py","IGNORE","Phase 0~2의 제품 계약에 필요하지 않음","MIT","none","dd50f32b609d2fcbf67eae92bbfa16fb21e5e798c86bb1ca52758648911fb6ef"
"persona/curation/existing_data/scripts/validate_wiki_results.py","IGNORE","Phase 0~2의 제품 계약에 필요하지 않음","MIT","none","87f0f1003b5d474aa55d575b56b179e00ee6592f2e7251dfebd36575d7b96017"
"persona/curation/existing_data/wiki_collab/__init__.py","IGNORE","Phase 0~2의 제품 계약에 필요하지 않음","MIT","none","e3b0c44298fc1c149afbf4c8996fb92427ae41e4649b934ca495991b7852b855"
"persona/curation/existing_data/wiki_collab/amazon_collab.py","IGNORE","Phase 0~2의 제품 계약에 필요하지 않음","MIT","none","34da1cf233b3b38479d7d17ca870ab5dddad1bcfee5d49ee460afc41170d0ee5"
"persona/curation/existing_data/wiki_collab/collab_kit/.gitignore","IGNORE","Phase 0~2의 제품 계약에 필요하지 않음","MIT","none","40e16b9d06df23e99762935c8606e697b86c71f3539bbf9b78b196e6fb07abcf"
"persona/curation/existing_data/wiki_collab/collab_kit/assignment_runner.py","IGNORE","Phase 0~2의 제품 계약에 필요하지 않음","MIT","none","073319dc38007c0167eeff0c3661c20ed925bf375cf56724e0a2e4e2cd61cfff"
"persona/curation/existing_data/wiki_collab/collab_kit/backends.py","IGNORE","Phase 0~2의 제품 계약에 필요하지 않음","MIT","none","2656081a5a0dc58d2cd3f25d6f959db7d92809555be53537e0f35955d0778077"
"persona/curation/existing_data/wiki_collab/collab_kit/claude_json_backend.py","IGNORE","Phase 0~2의 제품 계약에 필요하지 않음","MIT","none","52e6be98b07f75b48ac9a8b3662ed2d115406fd25dfbc6e23ec5af576d3af777"
"persona/curation/existing_data/wiki_collab/collab_kit/codex_json_backend.py","IGNORE","Phase 0~2의 제품 계약에 필요하지 않음","MIT","none","065e66ea33307215163de057f2145c5237e6a1d6e74ff0001e487e6ed334d98c"
"persona/curation/existing_data/wiki_collab/collab_kit/conformance.py","IGNORE","Phase 0~2의 제품 계약에 필요하지 않음","MIT","none","4c0703f3728e3ccac25ce4e9efd2686282822df855cab59ac0e9325614f8e4de"
"persona/curation/existing_data/wiki_collab/collab_kit/harness.py","IGNORE","Phase 0~2의 제품 계약에 필요하지 않음","MIT","none","8e18bb691bb982da3c3b419c65c4daf2099260d16d5b167b6803e57ef581f600"
"persona/curation/existing_data/wiki_collab/collab_kit/README.md","IGNORE","Phase 0~2의 제품 계약에 필요하지 않음","MIT","none","7cb49ab3bacf6b0944f673f1ce24897b42dfcaf10700fcfcdc39ae7d74b39acc"
"persona/curation/existing_data/wiki_collab/collab_kit/RESULTS_JSONL_README.md","IGNORE","Phase 0~2의 제품 계약에 필요하지 않음","MIT","none","a3fd16102aea7b0f3a89ab0cd4c3e50bb97d7e6538e1dd7808db5d59eef66d5f"
"persona/curation/existing_data/wiki_collab/collab_kit/run.sh","IGNORE","Phase 0~2의 제품 계약에 필요하지 않음","MIT","none","ae2e64f9d04c7fa834e66d39363e980ce104b44d64dab4599648e0f258afff2a"
"persona/curation/existing_data/wiki_collab/collab_kit/sample/dimensions.json","IGNORE","Phase 0~2의 제품 계약에 필요하지 않음","MIT","none","e99f5ae5f66a9adabf214514d9fe962c9db66eaa4614073cb184dfd9aa8d3b02"
"persona/curation/existing_data/wiki_collab/collab_kit/sample/results.jsonl","IGNORE","Phase 0~2의 제품 계약에 필요하지 않음","MIT","none","127130676e5b2408e98f1bc5bbf63a041b44e1e0d032432678ea98e8541cfc96"
"persona/curation/existing_data/wiki_collab/collab_kit/sample/tasks.jsonl","IGNORE","Phase 0~2의 제품 계약에 필요하지 않음","MIT","none","60b86647399f55b838a1ff586d8c0970e65c87eeff8c80fa85ad466c1142d529"
"persona/curation/existing_data/wiki_collab/collab_kit/schemas/dimensions.schema.json","IGNORE","Phase 0~2의 제품 계약에 필요하지 않음","MIT","none","7867455b8916b3ea845017d15d542a10b1bf3a8995cc950a2e42f0fdf3a90b15"
"persona/curation/existing_data/wiki_collab/collab_kit/schemas/result.output.schema.json","IGNORE","Phase 0~2의 제품 계약에 필요하지 않음","MIT","none","98cadc491ad503eb5fab980813e0fe63efb3d971d3942310645209251a0835db"
"persona/curation/existing_data/wiki_collab/collab_kit/schemas/task.input.schema.json","IGNORE","Phase 0~2의 제품 계약에 필요하지 않음","MIT","none","38159dbff913a67ef0b8121c6aa84d778a912ad724b12b16d234a65a8aadd5a4"
"persona/curation/existing_data/wiki_collab/collab_kit/solver.py","IGNORE","Phase 0~2의 제품 계약에 필요하지 않음","MIT","none","7eb8fb24f0b30ab922d6778e18ee150e462c9acfea6fa6b7bbbe517cd887d665"
"persona/curation/existing_data/wiki_collab/core.py","IGNORE","Phase 0~2의 제품 계약에 필요하지 않음","MIT","none","75683d0b1ee2945c06a505f580e2fde1beb81700bf15839807c2c1e30e0dad8a"
"persona/curation/existing_data/wiki_collab/EMAIL_TEMPLATES.md","IGNORE","Phase 0~2의 제품 계약에 필요하지 않음","MIT","none","f0b34a52cdda6d7a4cc8b5be320be9221b42168a29e21bf55e144c3936c94338"
"persona/curation/existing_data/wiki_collab/results.py","IGNORE","Phase 0~2의 제품 계약에 필요하지 않음","MIT","none","08b7e83846b152ac6533d18cc60e38504e87881f0c920271c00c4022a8cbd86d"
"persona/curation/existing_data/wiki_collab/run_assignment.sh","IGNORE","Phase 0~2의 제품 계약에 필요하지 않음","MIT","none","ad841d1d5d36ddc88903e78f964f1788e93290bde3a851e328fbceebf12be4d4"
"persona/curation/existing_data/worker_kit/__init__.py","IGNORE","Phase 0~2의 제품 계약에 필요하지 않음","MIT","none","6a7b2b317ccfa0b41e6d00faf7f92780dc06e8fde7a672d2bef48edf73fb2ec8"
"persona/curation/existing_data/worker_kit/backends.py","IGNORE","Phase 0~2의 제품 계약에 필요하지 않음","MIT","none","1a409757fd648b854c140bc708705fd7ab2cc909f701d650e7a403c234ad2945"
"persona/curation/existing_data/worker_kit/run_amazon_range.py","IGNORE","Phase 0~2의 제품 계약에 필요하지 않음","MIT","none","9b3d0e8a6071d9fa5ff3d1ed153ff6df308279d3a99a0e605ec5751555c0e61c"
"persona/curation/existing_data/worker_kit/run_range.py","IGNORE","Phase 0~2의 제품 계약에 필요하지 않음","MIT","none","38b7dbd170affc3d9f48cfa831830e75c7e58b57f616859f6ca45c04dc71024d"
"persona/curation/scripts/add_bench_display_names.py","IGNORE","Phase 0~2의 제품 계약에 필요하지 않음","MIT","none","1fd940d89cc2d9695a097f074116bde9eca348bb2f3b6fd9feb1aaf0f1798e3d"
"persona/datasets/matraix-persona-dev-sample/manifest.json","REUSE","선별 가능한 200개 개발 Persona sample","MIT","persona-source-record","b634064b2334ae66abd2ab5e4404f8145e674340ea733676922719eb099bb8c5"
"persona/datasets/matraix-persona-dev-sample/persona_0001.yaml","REUSE","선별 가능한 200개 개발 Persona sample","MIT","persona-source-record","5a5fa70c46f6feb3aa6c63ca50fd7d81e6444c190b9921a08ecbb0791a0f11d3"
"persona/datasets/matraix-persona-dev-sample/persona_0002.yaml","REUSE","선별 가능한 200개 개발 Persona sample","MIT","persona-source-record","e4a1ec02be726611bbcc7312f3cc8a79fb3f3595236c07124b1e3dec67274813"
"persona/datasets/matraix-persona-dev-sample/persona_0003.yaml","REUSE","선별 가능한 200개 개발 Persona sample","MIT","persona-source-record","8f6307d914744f805524e994938a8a709b3079c6bae00e3e1661966f3c4a30fb"
"persona/datasets/matraix-persona-dev-sample/persona_0004.yaml","REUSE","선별 가능한 200개 개발 Persona sample","MIT","persona-source-record","1497b56f0b8f8cdd45a505d6616b3025947f0fb2e98d41fa0171527f08273ebb"
"persona/datasets/matraix-persona-dev-sample/persona_0005.yaml","REUSE","선별 가능한 200개 개발 Persona sample","MIT","persona-source-record","9fb2a1441aeaec99184910665e8823df6f58df71ac0ae0d4aafeb0b7a479dc71"
"persona/datasets/matraix-persona-dev-sample/persona_0006.yaml","REUSE","선별 가능한 200개 개발 Persona sample","MIT","persona-source-record","8913cfeb5331a5c02d5146ff7231c9301c3e31abe5619f4ffd37e214e13c30ee"
"persona/datasets/matraix-persona-dev-sample/persona_0007.yaml","REUSE","선별 가능한 200개 개발 Persona sample","MIT","persona-source-record","c01c20527555867b314d568de8c91c02e77d787c862f65a65057e3314eb685ec"
"persona/datasets/matraix-persona-dev-sample/persona_0008.yaml","REUSE","선별 가능한 200개 개발 Persona sample","MIT","persona-source-record","3890b0796dc83160e7d57bfa5d4257a3251423e4ce14f95663bd41b171a73a7f"
"persona/datasets/matraix-persona-dev-sample/persona_0009.yaml","REUSE","선별 가능한 200개 개발 Persona sample","MIT","persona-source-record","732e8a0388a53e970d4da2ffb5ebaf08c9ab2b5503f623ca87e53d6cf696286f"
"persona/datasets/matraix-persona-dev-sample/persona_0010.yaml","REUSE","선별 가능한 200개 개발 Persona sample","MIT","persona-source-record","6bdd37808b421d31c5d423e477b0748fd81b989d898387a229649efe4f09b61c"
"persona/datasets/matraix-persona-dev-sample/persona_0011.yaml","REUSE","선별 가능한 200개 개발 Persona sample","MIT","persona-source-record","38451973e0c74a0f4970ef5d9f847a0a43f024e7f4afafe0178407ed65260eba"
"persona/datasets/matraix-persona-dev-sample/persona_0012.yaml","REUSE","선별 가능한 200개 개발 Persona sample","MIT","persona-source-record","0ae0735a6553350f6cd1541fe09dd15986e61960850fb0a90178f7369a27d56b"
"persona/datasets/matraix-persona-dev-sample/persona_0013.yaml","REUSE","선별 가능한 200개 개발 Persona sample","MIT","persona-source-record","a70523e14b9d89478347dd445ead0d3fe2a0dcb0e00dda2a983c64767f9dfd69"
"persona/datasets/matraix-persona-dev-sample/persona_0014.yaml","REUSE","선별 가능한 200개 개발 Persona sample","MIT","persona-source-record","0368896ecf1217ffd3b67b3aa584787b0a7d008ab306967e8934ed3c06655ba9"
"persona/datasets/matraix-persona-dev-sample/persona_0015.yaml","REUSE","선별 가능한 200개 개발 Persona sample","MIT","persona-source-record","3d23b56b73878649590926e47da081f743ce40be3b7f1423c26914d0bf193be6"
"persona/datasets/matraix-persona-dev-sample/persona_0016.yaml","REUSE","선별 가능한 200개 개발 Persona sample","MIT","persona-source-record","ee31e5b3367fa41300c081f5ceb6d501b2f3cae38262da17ff5c7f0a625b714f"
"persona/datasets/matraix-persona-dev-sample/persona_0017.yaml","REUSE","선별 가능한 200개 개발 Persona sample","MIT","persona-source-record","699c625eb6f56b4efeec0220e2d1706207a84230bc484c50bcc03cafadf9545f"
"persona/datasets/matraix-persona-dev-sample/persona_0018.yaml","REUSE","선별 가능한 200개 개발 Persona sample","MIT","persona-source-record","15588ffc19e3dfc3a3ada5902fe91806d5b620f4a2d05b17480805054774f55a"
"persona/datasets/matraix-persona-dev-sample/persona_0019.yaml","REUSE","선별 가능한 200개 개발 Persona sample","MIT","persona-source-record","07ff99a031e7fd835be9f46f1b9830146f649cfa87da49ef9caab8cc8d47d602"
"persona/datasets/matraix-persona-dev-sample/persona_0020.yaml","REUSE","선별 가능한 200개 개발 Persona sample","MIT","persona-source-record","0176e215e29a7b567ec1f10378320acfa2162aabf083ce58f960167d14127f57"
"persona/datasets/matraix-persona-dev-sample/persona_0021.yaml","REUSE","선별 가능한 200개 개발 Persona sample","MIT","persona-source-record","b63780170ec8a7b6fb8b378b1386a33e1faa6ed928005b52330320c35cf19b24"
"persona/datasets/matraix-persona-dev-sample/persona_0022.yaml","REUSE","선별 가능한 200개 개발 Persona sample","MIT","persona-source-record","4258733fbcc6921522c1f343192c8b3eca3c2037f67dc4c320564dea60a8f720"
"persona/datasets/matraix-persona-dev-sample/persona_0023.yaml","REUSE","선별 가능한 200개 개발 Persona sample","MIT","persona-source-record","9c6ebc15b539a7df54d20f0c79b9ecab1fd4f3f344155f0d6294fc8ec6662249"
"persona/datasets/matraix-persona-dev-sample/persona_0024.yaml","REUSE","선별 가능한 200개 개발 Persona sample","MIT","persona-source-record","a4f82fabb398e79b27cbeae09c3867067474715ba898b7a86ba16220966623a5"
"persona/datasets/matraix-persona-dev-sample/persona_0025.yaml","REUSE","선별 가능한 200개 개발 Persona sample","MIT","persona-source-record","0225fcf828fb490bbb42075b52848d3e81b356b99350081dd74786acf671dfae"
"persona/datasets/matraix-persona-dev-sample/persona_0026.yaml","REUSE","선별 가능한 200개 개발 Persona sample","MIT","persona-source-record","2b06aea25a73ad2ec25822e0f9fea21da746b587c96dab9c349846ffe3f8939f"
"persona/datasets/matraix-persona-dev-sample/persona_0027.yaml","REUSE","선별 가능한 200개 개발 Persona sample","MIT","persona-source-record","67640e0648361605a8baf24d5b4d8d3462ee5fe38c2a6c413b0ef617d5272541"
"persona/datasets/matraix-persona-dev-sample/persona_0028.yaml","REUSE","선별 가능한 200개 개발 Persona sample","MIT","persona-source-record","98c1f0b1006288df904aa6027d1ae99f1a09853fe2c88f63ded998063e9d8747"
"persona/datasets/matraix-persona-dev-sample/persona_0029.yaml","REUSE","선별 가능한 200개 개발 Persona sample","MIT","persona-source-record","b592c556a519de99539bb4bf408e9cd86185c4421d5572e8c883e7028f6690ce"
"persona/datasets/matraix-persona-dev-sample/persona_0030.yaml","REUSE","선별 가능한 200개 개발 Persona sample","MIT","persona-source-record","42b7a76b2bcabfb59ef201d90633e20c20a1eae8039b147a66f60107e37d7213"
"persona/datasets/matraix-persona-dev-sample/persona_0031.yaml","REUSE","선별 가능한 200개 개발 Persona sample","MIT","persona-source-record","11af374bd139fd4d0b2f70ce3af959ac9c452d32fb3a4405706976c3493c4dda"
"persona/datasets/matraix-persona-dev-sample/persona_0032.yaml","REUSE","선별 가능한 200개 개발 Persona sample","MIT","persona-source-record","5efccf88487464e4d95ae11d2c57641a05c9a3ae6c0a64e186e049d883bf147d"
"persona/datasets/matraix-persona-dev-sample/persona_0033.yaml","REUSE","선별 가능한 200개 개발 Persona sample","MIT","persona-source-record","2914db0b6a5f9b08ba14a1b896fc8400e5dc495c9783c06d0a368bb1c377cc62"
"persona/datasets/matraix-persona-dev-sample/persona_0034.yaml","REUSE","선별 가능한 200개 개발 Persona sample","MIT","persona-source-record","4a9fe0b60cf470660881abf4f7020ffc81302bcef6ae0098a18c374b519ff605"
"persona/datasets/matraix-persona-dev-sample/persona_0035.yaml","REUSE","선별 가능한 200개 개발 Persona sample","MIT","persona-source-record","527b47d09f09376237604865993f0e4db82c7b7c005f709231b70c9d12fe6332"
"persona/datasets/matraix-persona-dev-sample/persona_0036.yaml","REUSE","선별 가능한 200개 개발 Persona sample","MIT","persona-source-record","4334bf826b3a3544aa263ee4fe2c794dbedb2728621f7f7d5b0f08dd0f2978b9"
"persona/datasets/matraix-persona-dev-sample/persona_0037.yaml","REUSE","선별 가능한 200개 개발 Persona sample","MIT","persona-source-record","f8ae478ead83fbdf3631ef8ceaf89fddea1d0f6788e88f2bdb9954b14ad2631f"
"persona/datasets/matraix-persona-dev-sample/persona_0038.yaml","REUSE","선별 가능한 200개 개발 Persona sample","MIT","persona-source-record","9a7d4fb356bfab16bf9b2020bbd771d6ae4fa2410bee79ef3fba4d0c87e1ae8e"
"persona/datasets/matraix-persona-dev-sample/persona_0039.yaml","REUSE","선별 가능한 200개 개발 Persona sample","MIT","persona-source-record","f89a989e85e25bd978b3a2229489dc89e6f8ae692f9de7c6eddcdd3dde6214c7"
"persona/datasets/matraix-persona-dev-sample/persona_0040.yaml","REUSE","선별 가능한 200개 개발 Persona sample","MIT","persona-source-record","6595a393df324286577bc835b7c89efb5a00e2657bef12202f49061a9b1b6b42"
"persona/datasets/matraix-persona-dev-sample/persona_0041.yaml","REUSE","선별 가능한 200개 개발 Persona sample","MIT","persona-source-record","b3fe98cb12d386353e0d2f48801f39ef8b92da8cde4c4558f0322bdafc82380f"
"persona/datasets/matraix-persona-dev-sample/persona_0042.yaml","REUSE","선별 가능한 200개 개발 Persona sample","MIT","persona-source-record","5764591e2c2a19952fb53ba2e885c6e391ed245ef5ffd435474c3950b5ade504"
"persona/datasets/matraix-persona-dev-sample/persona_0043.yaml","REUSE","선별 가능한 200개 개발 Persona sample","MIT","persona-source-record","c1767e2f65926504536e1a46afe615b4891c95e89a99d77f7a516758cc95eabe"
"persona/datasets/matraix-persona-dev-sample/persona_0044.yaml","REUSE","선별 가능한 200개 개발 Persona sample","MIT","persona-source-record","9d6014ca0dee4854b3493e40a8341ede83f3649e7671808b47b3a1e008fc8a7b"
"persona/datasets/matraix-persona-dev-sample/persona_0045.yaml","REUSE","선별 가능한 200개 개발 Persona sample","MIT","persona-source-record","697328c77717fa609973d9b6df7c40d56226f64630515749a3f08d379a0e8084"
"persona/datasets/matraix-persona-dev-sample/persona_0046.yaml","REUSE","선별 가능한 200개 개발 Persona sample","MIT","persona-source-record","43ad2c111eefbbb646c590665451397c09d0f5eda0a88378fc6750b3267bd39d"
"persona/datasets/matraix-persona-dev-sample/persona_0047.yaml","REUSE","선별 가능한 200개 개발 Persona sample","MIT","persona-source-record","564cabbd2c08c6168a595ed30d9a5382de455a8d251dc025c7b47e42ac912805"
"persona/datasets/matraix-persona-dev-sample/persona_0048.yaml","REUSE","선별 가능한 200개 개발 Persona sample","MIT","persona-source-record","b5bb3b1e12675e3ee858b3be2ca596f7f61e8bb71e902a54570c5099b7cacdd5"
"persona/datasets/matraix-persona-dev-sample/persona_0049.yaml","REUSE","선별 가능한 200개 개발 Persona sample","MIT","persona-source-record","6fb002ba344eba62a781f300ba53c58e8ae5c568a416e7ab8df8ffcb467a8159"
"persona/datasets/matraix-persona-dev-sample/persona_0050.yaml","REUSE","선별 가능한 200개 개발 Persona sample","MIT","persona-source-record","62fbaf64d02bedc8a42cfb4e60d9b9e297da22e620a0a4a77dfaafbbd3ae2695"
"persona/datasets/matraix-persona-dev-sample/persona_0051.yaml","REUSE","선별 가능한 200개 개발 Persona sample","MIT","persona-source-record","58e1b2f02b6f8b64ffe834523ed544978fca6313cc785d1f1753af26450bd992"
"persona/datasets/matraix-persona-dev-sample/persona_0052.yaml","REUSE","선별 가능한 200개 개발 Persona sample","MIT","persona-source-record","4fc6de1690c486977f230f141198258c35a8421c79c4ef6734b320c60c21dd21"
"persona/datasets/matraix-persona-dev-sample/persona_0053.yaml","REUSE","선별 가능한 200개 개발 Persona sample","MIT","persona-source-record","62becfe6ddb0b9317c67c34f437e61978b546b355b437078de87a8368e1ebb17"
"persona/datasets/matraix-persona-dev-sample/persona_0054.yaml","REUSE","선별 가능한 200개 개발 Persona sample","MIT","persona-source-record","7d64b99e18ea33b31d629aa4d60c7a274ec6c5b2d78ce3035057701fa2119cad"
"persona/datasets/matraix-persona-dev-sample/persona_0055.yaml","REUSE","선별 가능한 200개 개발 Persona sample","MIT","persona-source-record","d71b52f346ad5aec8e431f86b59d82db4d1404f422e59d82a648fd02bc97a2a0"
"persona/datasets/matraix-persona-dev-sample/persona_0056.yaml","REUSE","선별 가능한 200개 개발 Persona sample","MIT","persona-source-record","27259927a48c2287c89b5016c60132fd48d48faec9f259f714e228a29fe8092e"
"persona/datasets/matraix-persona-dev-sample/persona_0057.yaml","REUSE","선별 가능한 200개 개발 Persona sample","MIT","persona-source-record","ba4dcee0fa9e2a3323aefac830bcf8aff3af77a1613a8e18ca384554f6f4321d"
"persona/datasets/matraix-persona-dev-sample/persona_0058.yaml","REUSE","선별 가능한 200개 개발 Persona sample","MIT","persona-source-record","7036bcacb9b61e03008710e2f4d620435796df2788e7f53c28b163ba3d58d801"
"persona/datasets/matraix-persona-dev-sample/persona_0059.yaml","REUSE","선별 가능한 200개 개발 Persona sample","MIT","persona-source-record","bfc311dce66094e5d84a0749b8d1ab6bac9e16298061c3b8531e26e8571ba696"
"persona/datasets/matraix-persona-dev-sample/persona_0060.yaml","REUSE","선별 가능한 200개 개발 Persona sample","MIT","persona-source-record","31b950dd6e3d3d1b0e48f6db54661fea21f0b54fc33e97a8214e1370d0ebe63a"
"persona/datasets/matraix-persona-dev-sample/persona_0061.yaml","REUSE","선별 가능한 200개 개발 Persona sample","MIT","persona-source-record","be71b67190f1e384fbe202d4e5abc290875863d188b237ef102d784d0629c7b5"
"persona/datasets/matraix-persona-dev-sample/persona_0062.yaml","REUSE","선별 가능한 200개 개발 Persona sample","MIT","persona-source-record","446beb6a1e1500002f7316258c31756a3d85503272c3335ebe8ce8507b8ab30f"
"persona/datasets/matraix-persona-dev-sample/persona_0063.yaml","REUSE","선별 가능한 200개 개발 Persona sample","MIT","persona-source-record","3e3aad700abace490e053db40a986ca49ec9efd5b7bc23ee671bd10814363e21"
"persona/datasets/matraix-persona-dev-sample/persona_0064.yaml","REUSE","선별 가능한 200개 개발 Persona sample","MIT","persona-source-record","80b1d26d5468c107e8df7ab0d6dc3aec59590aa481b6dc61144add2363bb497e"
"persona/datasets/matraix-persona-dev-sample/persona_0065.yaml","REUSE","선별 가능한 200개 개발 Persona sample","MIT","persona-source-record","8c6ffa0a7ad9a4e89f48e2eec73ecf2c52062c91837bdcab83e2ff24c74ac744"
"persona/datasets/matraix-persona-dev-sample/persona_0066.yaml","REUSE","선별 가능한 200개 개발 Persona sample","MIT","persona-source-record","c15c454a9f375e1b2812d7b693fdc9c9b836ddd092dbae73e98049285469d983"
"persona/datasets/matraix-persona-dev-sample/persona_0067.yaml","REUSE","선별 가능한 200개 개발 Persona sample","MIT","persona-source-record","f6301c20536799d2d185787be8a01a48292a4cf8a5471ab2f29061d611205c69"
"persona/datasets/matraix-persona-dev-sample/persona_0068.yaml","REUSE","선별 가능한 200개 개발 Persona sample","MIT","persona-source-record","577f5219db053aa7cc994cf4bf55cb07827d783eada7d6dae61a32b36e6ab1ee"
"persona/datasets/matraix-persona-dev-sample/persona_0069.yaml","REUSE","선별 가능한 200개 개발 Persona sample","MIT","persona-source-record","39230421041a60c7e468136e7bb5251c86f7875ea308d1700343019c3366f30f"
"persona/datasets/matraix-persona-dev-sample/persona_0070.yaml","REUSE","선별 가능한 200개 개발 Persona sample","MIT","persona-source-record","83fd591037455924fa06c4bac72a843eb2c280b00218afbcb4665e372323abf7"
"persona/datasets/matraix-persona-dev-sample/persona_0071.yaml","REUSE","선별 가능한 200개 개발 Persona sample","MIT","persona-source-record","6ecafb1d5fa60e5064c8287d001c1c842c057cc65929428a91d2ea4164e21df9"
"persona/datasets/matraix-persona-dev-sample/persona_0072.yaml","REUSE","선별 가능한 200개 개발 Persona sample","MIT","persona-source-record","4095e54e8f6a0f0c90b2e2fa4922968fb73553c85a989482423468de86adc120"
"persona/datasets/matraix-persona-dev-sample/persona_0073.yaml","REUSE","선별 가능한 200개 개발 Persona sample","MIT","persona-source-record","45000e86cd58d0ba3f4dd027ededca7001a9bb7f68766be023606f1cbf37fc68"
"persona/datasets/matraix-persona-dev-sample/persona_0074.yaml","REUSE","선별 가능한 200개 개발 Persona sample","MIT","persona-source-record","f5c30f729b19824b17dc64bbf76b44f44c97450a535c772da2ffed87d3b4e470"
"persona/datasets/matraix-persona-dev-sample/persona_0075.yaml","REUSE","선별 가능한 200개 개발 Persona sample","MIT","persona-source-record","dcdbea831bea9344f8701402f437dee4b5ac2baa7ba634c8995d56af907c88bf"
"persona/datasets/matraix-persona-dev-sample/persona_0076.yaml","REUSE","선별 가능한 200개 개발 Persona sample","MIT","persona-source-record","d80a4f4866d61960f72c4bf81c77479ebced3cde3d95f6453567d5019f6064e9"
"persona/datasets/matraix-persona-dev-sample/persona_0077.yaml","REUSE","선별 가능한 200개 개발 Persona sample","MIT","persona-source-record","cd790b3c794aa0d1ec78de78cee8c697a4907707c5311bcc85553c8817fc1a85"
"persona/datasets/matraix-persona-dev-sample/persona_0078.yaml","REUSE","선별 가능한 200개 개발 Persona sample","MIT","persona-source-record","9f6024b43bd52d9bda0fb2c83c1276fcf6e553ccf352932e4f529366a745cfa5"
"persona/datasets/matraix-persona-dev-sample/persona_0079.yaml","REUSE","선별 가능한 200개 개발 Persona sample","MIT","persona-source-record","ebea9aa169a35ffcae248dfbf64d3dc4968a4b91d74fad29af9e0ae710e5cd04"
"persona/datasets/matraix-persona-dev-sample/persona_0080.yaml","REUSE","선별 가능한 200개 개발 Persona sample","MIT","persona-source-record","92f7a4c0fd740dce5e6cd7f7f7bc0cc606d91cfa5c9a0b5153dc16ecf7cf1698"
"persona/datasets/matraix-persona-dev-sample/persona_0081.yaml","REUSE","선별 가능한 200개 개발 Persona sample","MIT","persona-source-record","9137933e31c5d2d5d3090ed7c8b05195005fda7579de5409ceb209b2a84db739"
"persona/datasets/matraix-persona-dev-sample/persona_0082.yaml","REUSE","선별 가능한 200개 개발 Persona sample","MIT","persona-source-record","e54101fdd075600be9404797e2e92b19e4a296b2126ceed37a729e73d56a65e8"
"persona/datasets/matraix-persona-dev-sample/persona_0083.yaml","REUSE","선별 가능한 200개 개발 Persona sample","MIT","persona-source-record","bfe8a6569616e9348907c30fba9fdcf1dffada5e99648976d5ecec2d93bc9785"
"persona/datasets/matraix-persona-dev-sample/persona_0084.yaml","REUSE","선별 가능한 200개 개발 Persona sample","MIT","persona-source-record","d8398f025a41c1be019a37fb0e1d9eb5ec93b9754accbcceb6fcec1c3e3a2c75"
"persona/datasets/matraix-persona-dev-sample/persona_0085.yaml","REUSE","선별 가능한 200개 개발 Persona sample","MIT","persona-source-record","cf8fdd48f589f6897ef78a452a53571dd4767b38f10fa87c1a01796920201c38"
"persona/datasets/matraix-persona-dev-sample/persona_0086.yaml","REUSE","선별 가능한 200개 개발 Persona sample","MIT","persona-source-record","7b548fe6e9d63608dd43902a23fb7c821a8919581547c6b624b327e351b55fba"
"persona/datasets/matraix-persona-dev-sample/persona_0087.yaml","REUSE","선별 가능한 200개 개발 Persona sample","MIT","persona-source-record","7c77a8920749546ddee7906dcdf3cfb1731a0befdec3fff1e772b166eaf84339"
"persona/datasets/matraix-persona-dev-sample/persona_0088.yaml","REUSE","선별 가능한 200개 개발 Persona sample","MIT","persona-source-record","54f0dc12fb4230c1371cfe93d541ea75bdb6afac535d97bf79f8b490a9517adf"
"persona/datasets/matraix-persona-dev-sample/persona_0089.yaml","REUSE","선별 가능한 200개 개발 Persona sample","MIT","persona-source-record","b373a6c72b683c93a28c9673fba2b88e2247ea0f1e343cae2458ce7ea2717f6b"
"persona/datasets/matraix-persona-dev-sample/persona_0090.yaml","REUSE","선별 가능한 200개 개발 Persona sample","MIT","persona-source-record","d8063c2ff554f52f654faea06c167582089966c9b3784ba1063fee204fa07fae"
"persona/datasets/matraix-persona-dev-sample/persona_0091.yaml","REUSE","선별 가능한 200개 개발 Persona sample","MIT","persona-source-record","9845d89917b268837cd53dc3e5dc1f5d9218c51af828f200bfebc8c151cc8d13"
"persona/datasets/matraix-persona-dev-sample/persona_0092.yaml","REUSE","선별 가능한 200개 개발 Persona sample","MIT","persona-source-record","eadbb96eab6b33882fd77426203c9b1a3ad9369e887e0ea61417e534b020d3d3"
"persona/datasets/matraix-persona-dev-sample/persona_0093.yaml","REUSE","선별 가능한 200개 개발 Persona sample","MIT","persona-source-record","a8c3be72715a6703c653e2452cdb2fbc86299cb3bccea4a1e870aedfaef13d53"
"persona/datasets/matraix-persona-dev-sample/persona_0094.yaml","REUSE","선별 가능한 200개 개발 Persona sample","MIT","persona-source-record","ca8253939b5b6dcaa26af24986a0a47c0ca3c8341534ed6a1a4d036ec9ce32ae"
"persona/datasets/matraix-persona-dev-sample/persona_0095.yaml","REUSE","선별 가능한 200개 개발 Persona sample","MIT","persona-source-record","ad66b8ac1e97d8b52e127389531bf03cb54ed427fa488dc9fe63472a7748d660"
"persona/datasets/matraix-persona-dev-sample/persona_0096.yaml","REUSE","선별 가능한 200개 개발 Persona sample","MIT","persona-source-record","9075cd7293445a890ec1823277a2b51d762c6e4f005ce220d38fc8dd7f1d19c9"
"persona/datasets/matraix-persona-dev-sample/persona_0097.yaml","REUSE","선별 가능한 200개 개발 Persona sample","MIT","persona-source-record","569d5ff1bd75541043abd6210b481b5bdc5e87adf650450ca6824820613cf15d"
"persona/datasets/matraix-persona-dev-sample/persona_0098.yaml","REUSE","선별 가능한 200개 개발 Persona sample","MIT","persona-source-record","46b450ea7a3052463aed61cd25037002ffd357a2598a3f1c7ba3e940b7fb5f90"
"persona/datasets/matraix-persona-dev-sample/persona_0099.yaml","REUSE","선별 가능한 200개 개발 Persona sample","MIT","persona-source-record","b39d6ff88f13b0f4f5da94c90b6be1d1f601c24292e9fcefe9a07a07ac628d06"
"persona/datasets/matraix-persona-dev-sample/persona_0100.yaml","REUSE","선별 가능한 200개 개발 Persona sample","MIT","persona-source-record","fbb277a93d1606021d246d2d99d861e9cfdfe12001a8d03a16e70808c2708392"
"persona/datasets/matraix-persona-dev-sample/persona_0101.yaml","REUSE","선별 가능한 200개 개발 Persona sample","MIT","persona-source-record","f868f16700ef13d1983e9eb2bc811c2a0c5d6c5d5c206f8207a397a7f2a5a8a4"
"persona/datasets/matraix-persona-dev-sample/persona_0102.yaml","REUSE","선별 가능한 200개 개발 Persona sample","MIT","persona-source-record","029e56803076a6625a843935d3078d343efe21362ddaea22eddd9e6082ea4038"
"persona/datasets/matraix-persona-dev-sample/persona_0103.yaml","REUSE","선별 가능한 200개 개발 Persona sample","MIT","persona-source-record","1795e9d66700644d02d7723581a4d89a572ddd4a732629aa60e5f2b630ab95f2"
"persona/datasets/matraix-persona-dev-sample/persona_0104.yaml","REUSE","선별 가능한 200개 개발 Persona sample","MIT","persona-source-record","6a82902fc638b88dc3aa034680eb75b433a8f65a157f90e7adbcea07646e2e2d"
"persona/datasets/matraix-persona-dev-sample/persona_0105.yaml","REUSE","선별 가능한 200개 개발 Persona sample","MIT","persona-source-record","9ebfe253c4b1c01702ff6bae2985230e861437227b50c13de6f7d0eb5770c490"
"persona/datasets/matraix-persona-dev-sample/persona_0106.yaml","REUSE","선별 가능한 200개 개발 Persona sample","MIT","persona-source-record","b11dd7f8f0bf16ed44063004ca4dfc7f99e210d53b7b8564f8625e0777c732de"
"persona/datasets/matraix-persona-dev-sample/persona_0107.yaml","REUSE","선별 가능한 200개 개발 Persona sample","MIT","persona-source-record","e1e6ff13ca7443a7d82bce77a327ad90f5427735fd24dbb91219491c99a1c4ea"
"persona/datasets/matraix-persona-dev-sample/persona_0108.yaml","REUSE","선별 가능한 200개 개발 Persona sample","MIT","persona-source-record","9219eaabc312539318a9eae7bb30832f128449de3efc2eac2dc2e8a076ad19df"
"persona/datasets/matraix-persona-dev-sample/persona_0109.yaml","REUSE","선별 가능한 200개 개발 Persona sample","MIT","persona-source-record","d3f5fc69ba65be517480e836324b23e8324265d3ea496e145fecb4eff6b6239c"
"persona/datasets/matraix-persona-dev-sample/persona_0110.yaml","REUSE","선별 가능한 200개 개발 Persona sample","MIT","persona-source-record","f3a2c5ba1fbc947f1847af27a2817e1c3d982ac5d33e1fe9273676f3feca00cf"
"persona/datasets/matraix-persona-dev-sample/persona_0111.yaml","REUSE","선별 가능한 200개 개발 Persona sample","MIT","persona-source-record","4a037c31c9de99eb910b9891f602b0aa91b73cd7c3e8db2b9ea64ceeb291ec23"
"persona/datasets/matraix-persona-dev-sample/persona_0112.yaml","REUSE","선별 가능한 200개 개발 Persona sample","MIT","persona-source-record","fe0070ad18c9228ddd45c8fe93e9f8e253da05268febb7e6d12caf07fcb0b7e7"
"persona/datasets/matraix-persona-dev-sample/persona_0113.yaml","REUSE","선별 가능한 200개 개발 Persona sample","MIT","persona-source-record","53ff8ffa33a66813e19965e1774e2f02898f3ac18cff80edb74ed02f2634b7c5"
"persona/datasets/matraix-persona-dev-sample/persona_0114.yaml","REUSE","선별 가능한 200개 개발 Persona sample","MIT","persona-source-record","5b166f16f9c3c9156a5ec91be93fe0b7274c63ee6e362ac3787b3596ceb3e610"
"persona/datasets/matraix-persona-dev-sample/persona_0115.yaml","REUSE","선별 가능한 200개 개발 Persona sample","MIT","persona-source-record","89a50130ddb37bb12acb1f752e7febc7ee6a858e9103446865e40245033c8bb5"
"persona/datasets/matraix-persona-dev-sample/persona_0116.yaml","REUSE","선별 가능한 200개 개발 Persona sample","MIT","persona-source-record","5d60bd1309517b177ef77864c07892cad1d2aeadf8364b1fc9d02db83a712c09"
"persona/datasets/matraix-persona-dev-sample/persona_0117.yaml","REUSE","선별 가능한 200개 개발 Persona sample","MIT","persona-source-record","39136dbc9ee08039a60ee8cb19034e9b964372646896439f1d572fc2de699642"
"persona/datasets/matraix-persona-dev-sample/persona_0118.yaml","REUSE","선별 가능한 200개 개발 Persona sample","MIT","persona-source-record","420377b117c13ccf7577985901b86b5548db58ad2956d145119b487b44c6f3d8"
"persona/datasets/matraix-persona-dev-sample/persona_0119.yaml","REUSE","선별 가능한 200개 개발 Persona sample","MIT","persona-source-record","38d9a91b2361ffeebc5a1f27346c2fe7d5f27ddf7bc7dd7aa35b4b48027ab32f"
"persona/datasets/matraix-persona-dev-sample/persona_0120.yaml","REUSE","선별 가능한 200개 개발 Persona sample","MIT","persona-source-record","1b0232c9db38bc79aead174370e82e230aca869e02b07cb67bdd7c90b26c6e70"
"persona/datasets/matraix-persona-dev-sample/persona_0121.yaml","REUSE","선별 가능한 200개 개발 Persona sample","MIT","persona-source-record","f439b8b1b33ef75109f877c31e65209b94f42674cefb7d9eb3b59fb39fdb1334"
"persona/datasets/matraix-persona-dev-sample/persona_0122.yaml","REUSE","선별 가능한 200개 개발 Persona sample","MIT","persona-source-record","1bd34c03dbe561a2447657d133390c29525158be87aa3f53345a7b96036b545e"
"persona/datasets/matraix-persona-dev-sample/persona_0123.yaml","REUSE","선별 가능한 200개 개발 Persona sample","MIT","persona-source-record","6759a2dd0bf9bef8958745e2815478aeb8d5c8e46a2ce8066994795670b4e4d9"
"persona/datasets/matraix-persona-dev-sample/persona_0124.yaml","REUSE","선별 가능한 200개 개발 Persona sample","MIT","persona-source-record","d7e50b1b1bf623275906bd9104aeac62f7368bc3209196848a5ebad4974131db"
"persona/datasets/matraix-persona-dev-sample/persona_0125.yaml","REUSE","선별 가능한 200개 개발 Persona sample","MIT","persona-source-record","045242f1407d8ef85435d8ae8051d9cc4ebf62046d563050ec0aebc8ca1ac4a0"
"persona/datasets/matraix-persona-dev-sample/persona_0126.yaml","REUSE","선별 가능한 200개 개발 Persona sample","MIT","persona-source-record","769d8b7e1a15e6b2e3fc6c6b82d9197fc98b41c21264b89f4cfba8e60b32abcb"
"persona/datasets/matraix-persona-dev-sample/persona_0127.yaml","REUSE","선별 가능한 200개 개발 Persona sample","MIT","persona-source-record","5f913f6e5bd6f680555f469af48a2da603ff23818a8827e8c65e3e86a07853fd"
"persona/datasets/matraix-persona-dev-sample/persona_0128.yaml","REUSE","선별 가능한 200개 개발 Persona sample","MIT","persona-source-record","2d0d7b4981dcb8bf406141e1d86f8dc4148cdd5d70e0b45e81934ffa001cec8d"
"persona/datasets/matraix-persona-dev-sample/persona_0129.yaml","REUSE","선별 가능한 200개 개발 Persona sample","MIT","persona-source-record","0d992b827560853230a420b72dbd28bed9f626f16ae65bd8d04fdc64258b3cb3"
"persona/datasets/matraix-persona-dev-sample/persona_0130.yaml","REUSE","선별 가능한 200개 개발 Persona sample","MIT","persona-source-record","0161d310b52953b8eb3f1702652bda149cbee13d1c2cde2def5cbd7f4b7f82a5"
"persona/datasets/matraix-persona-dev-sample/persona_0131.yaml","REUSE","선별 가능한 200개 개발 Persona sample","MIT","persona-source-record","12f557b74e13d4f13fac5ba6c9b76f161090d11f0c7a204f744956de7a063a2f"
"persona/datasets/matraix-persona-dev-sample/persona_0132.yaml","REUSE","선별 가능한 200개 개발 Persona sample","MIT","persona-source-record","50b47bf4486f830dc9fcd9327246fe2fa6219698ec6329aa9f326f7584754477"
"persona/datasets/matraix-persona-dev-sample/persona_0133.yaml","REUSE","선별 가능한 200개 개발 Persona sample","MIT","persona-source-record","1134dcb555ac32cd426cc7d8fe90536ee01b2b7b803b5784e50f1065a8b25996"
"persona/datasets/matraix-persona-dev-sample/persona_0134.yaml","REUSE","선별 가능한 200개 개발 Persona sample","MIT","persona-source-record","bf13986b6981e6841230049f1fa6277d49b3540bc6c77ecf0747b06a69745936"
"persona/datasets/matraix-persona-dev-sample/persona_0135.yaml","REUSE","선별 가능한 200개 개발 Persona sample","MIT","persona-source-record","ad34ff0ff526eb79ec8a00b2ac4e7e55248d1210ae8e87f76aa400175ce22583"
"persona/datasets/matraix-persona-dev-sample/persona_0136.yaml","REUSE","선별 가능한 200개 개발 Persona sample","MIT","persona-source-record","83aa6e8a17d82e128466027555e093cd305bc60e94f9374c5cfc02f59ca4b242"
"persona/datasets/matraix-persona-dev-sample/persona_0137.yaml","REUSE","선별 가능한 200개 개발 Persona sample","MIT","persona-source-record","84e5d144cdebe7c03082fc23ec769f7bea87180703e4daab04df5e32532f211b"
"persona/datasets/matraix-persona-dev-sample/persona_0138.yaml","REUSE","선별 가능한 200개 개발 Persona sample","MIT","persona-source-record","8b6af0006d43c7d295a93aeb3620a88e47edb39ef31631ed8ad9e29888e19806"
"persona/datasets/matraix-persona-dev-sample/persona_0139.yaml","REUSE","선별 가능한 200개 개발 Persona sample","MIT","persona-source-record","dd60c4ee78ba7ca72bb365ff0149ee4d8d68b642483ab214ece063c3154c4e87"
"persona/datasets/matraix-persona-dev-sample/persona_0140.yaml","REUSE","선별 가능한 200개 개발 Persona sample","MIT","persona-source-record","5d5f2ae7989da4be6124f726f690a5a8a40b8eae7c82e059d01b5d0d924d3ab6"
"persona/datasets/matraix-persona-dev-sample/persona_0141.yaml","REUSE","선별 가능한 200개 개발 Persona sample","MIT","persona-source-record","a52ad63338b368919dfd7e3a3356a9fb54a0fdd192b58070df7199ccfc0ba65c"
"persona/datasets/matraix-persona-dev-sample/persona_0142.yaml","REUSE","선별 가능한 200개 개발 Persona sample","MIT","persona-source-record","8e2198c9b2b46583f86d924012bb004ec1448aaa91e18bdc5d002fa633f2c322"
"persona/datasets/matraix-persona-dev-sample/persona_0143.yaml","REUSE","선별 가능한 200개 개발 Persona sample","MIT","persona-source-record","6617fd278363575a93a7d328b8e14af3886de79aca1a968d20d73f4c9de98cdf"
"persona/datasets/matraix-persona-dev-sample/persona_0144.yaml","REUSE","선별 가능한 200개 개발 Persona sample","MIT","persona-source-record","11d87d5e2cf51bde79aed54b75462c9ab6f098569357d181ecb64938e24b6d8d"
"persona/datasets/matraix-persona-dev-sample/persona_0145.yaml","REUSE","선별 가능한 200개 개발 Persona sample","MIT","persona-source-record","a39f1b61506061c40ba94344ade647409f9e7bcf3a04858b4104a88e0765bc9c"
"persona/datasets/matraix-persona-dev-sample/persona_0146.yaml","REUSE","선별 가능한 200개 개발 Persona sample","MIT","persona-source-record","e2e2c8ddde8ff3a67084f2f9376356d23c0db7564bbf35ffe88cc49ac2190c96"
"persona/datasets/matraix-persona-dev-sample/persona_0147.yaml","REUSE","선별 가능한 200개 개발 Persona sample","MIT","persona-source-record","fbc59fb8eedd7e932c8d5d351b644b57ec074b9f52eff12b4737d97dcf419109"
"persona/datasets/matraix-persona-dev-sample/persona_0148.yaml","REUSE","선별 가능한 200개 개발 Persona sample","MIT","persona-source-record","41da5ff6d16f84016478fa0db2c402a878022ceee2bbdbf59863bac331473d13"
"persona/datasets/matraix-persona-dev-sample/persona_0149.yaml","REUSE","선별 가능한 200개 개발 Persona sample","MIT","persona-source-record","d862489db55a70d6e194a1994f766050fef793e5458b9f46e1c4b9fdc8d0e25e"
"persona/datasets/matraix-persona-dev-sample/persona_0150.yaml","REUSE","선별 가능한 200개 개발 Persona sample","MIT","persona-source-record","de3f733729aa45885d868776d9e0d87b6e47e10b33a0538550c926cea0260beb"
"persona/datasets/matraix-persona-dev-sample/persona_0151.yaml","REUSE","선별 가능한 200개 개발 Persona sample","MIT","persona-source-record","8411a108a1e4d886f0cfacf118f6f87f6ff391b14b0c301865c12d185ed444df"
"persona/datasets/matraix-persona-dev-sample/persona_0152.yaml","REUSE","선별 가능한 200개 개발 Persona sample","MIT","persona-source-record","1c08ae1d590ab99e52ee771a389a94c26920e716745225d9cb858784807701d4"
"persona/datasets/matraix-persona-dev-sample/persona_0153.yaml","REUSE","선별 가능한 200개 개발 Persona sample","MIT","persona-source-record","e2d4e3aa6db2e624c40a970aa848306352f4a7ec027e254251567cc0810184c8"
"persona/datasets/matraix-persona-dev-sample/persona_0154.yaml","REUSE","선별 가능한 200개 개발 Persona sample","MIT","persona-source-record","63801172c750cfe7671d7d453811efb22bf3c94d4a28ebfece727f3317ce1a84"
"persona/datasets/matraix-persona-dev-sample/persona_0155.yaml","REUSE","선별 가능한 200개 개발 Persona sample","MIT","persona-source-record","75804c931d1219849eaa90bf0663412da8a8420d358b61880851e2588310e4ff"
"persona/datasets/matraix-persona-dev-sample/persona_0156.yaml","REUSE","선별 가능한 200개 개발 Persona sample","MIT","persona-source-record","3a99c0323e6a92ed54abf010f885dd081bf1ae2558a4489bf9c4fe7ac17a7f99"
"persona/datasets/matraix-persona-dev-sample/persona_0157.yaml","REUSE","선별 가능한 200개 개발 Persona sample","MIT","persona-source-record","d1db5d05d309bf378c2d6f69e93525dff311b632f7ac599f8bdc2e0e88d984a5"
"persona/datasets/matraix-persona-dev-sample/persona_0158.yaml","REUSE","선별 가능한 200개 개발 Persona sample","MIT","persona-source-record","d157d6245671a4ab390032cac86ed684c2a5be9512c972b368da31ce260ba54c"
"persona/datasets/matraix-persona-dev-sample/persona_0159.yaml","REUSE","선별 가능한 200개 개발 Persona sample","MIT","persona-source-record","e002807ddf8333351270951f3a8f30ec9026a98550bf518f4dcd4f5b50a8d08a"
"persona/datasets/matraix-persona-dev-sample/persona_0160.yaml","REUSE","선별 가능한 200개 개발 Persona sample","MIT","persona-source-record","d233414bd5f0987bfffb93f52bda6f7e20d6cdca297a1ea967c807d4446d1817"
"persona/datasets/matraix-persona-dev-sample/persona_0161.yaml","REUSE","선별 가능한 200개 개발 Persona sample","MIT","persona-source-record","463f64f0295f2a4f9dc75e534cf7f55fb010254fbcddf5e70cd53b373987c394"
"persona/datasets/matraix-persona-dev-sample/persona_0162.yaml","REUSE","선별 가능한 200개 개발 Persona sample","MIT","persona-source-record","b0fe41c35355091592b13ed3228b480b39e66bff15424bd1d4d4ba8fb88137d0"
"persona/datasets/matraix-persona-dev-sample/persona_0163.yaml","REUSE","선별 가능한 200개 개발 Persona sample","MIT","persona-source-record","bac86a27c50b7233995606d870bcca085f3353c4ad548648e4078728eee78a82"
"persona/datasets/matraix-persona-dev-sample/persona_0164.yaml","REUSE","선별 가능한 200개 개발 Persona sample","MIT","persona-source-record","3778f6afe3db013f0b963fa1d1ccc4d772b99294cc662d0e7a7761d58f0daa17"
"persona/datasets/matraix-persona-dev-sample/persona_0165.yaml","REUSE","선별 가능한 200개 개발 Persona sample","MIT","persona-source-record","781ae0085cc923add3e02a7a8f86a8eb4c643d7bfc5248c3d18dd8a05b212a09"
"persona/datasets/matraix-persona-dev-sample/persona_0166.yaml","REUSE","선별 가능한 200개 개발 Persona sample","MIT","persona-source-record","49a62066475345348af3c3df90bd3dbb63b3432f4b1519344fb37784c88c6a0c"
"persona/datasets/matraix-persona-dev-sample/persona_0167.yaml","REUSE","선별 가능한 200개 개발 Persona sample","MIT","persona-source-record","93c704057009444bd7760934470ab037cc73d10460804313cda0b358b901153e"
"persona/datasets/matraix-persona-dev-sample/persona_0168.yaml","REUSE","선별 가능한 200개 개발 Persona sample","MIT","persona-source-record","7efcdd86ded5b6d547745d4142d86dd19b774ac1baeb13311e44efe0736a58d8"
"persona/datasets/matraix-persona-dev-sample/persona_0169.yaml","REUSE","선별 가능한 200개 개발 Persona sample","MIT","persona-source-record","568c9107db1e6474edaca0a03c4779e3548da831d53410711dc2656969abaf82"
"persona/datasets/matraix-persona-dev-sample/persona_0170.yaml","REUSE","선별 가능한 200개 개발 Persona sample","MIT","persona-source-record","50814ab1dec89d03b9c397aa83769d49cce7f8e4707581ea743324a94278e6e5"
"persona/datasets/matraix-persona-dev-sample/persona_0171.yaml","REUSE","선별 가능한 200개 개발 Persona sample","MIT","persona-source-record","f43ee602d7f1279c78041f68d69f4f9487e74858a2e0733d37bae977cc1bb73b"
"persona/datasets/matraix-persona-dev-sample/persona_0172.yaml","REUSE","선별 가능한 200개 개발 Persona sample","MIT","persona-source-record","fbedfbf13ec1d7051ee95142bc7dd10d0f77fc925e9711bd572337a4b3385ff5"
"persona/datasets/matraix-persona-dev-sample/persona_0173.yaml","REUSE","선별 가능한 200개 개발 Persona sample","MIT","persona-source-record","c106c0406a195b8ea53fb9240c807cd22642df7e424a6b94c17b63db10ddae36"
"persona/datasets/matraix-persona-dev-sample/persona_0174.yaml","REUSE","선별 가능한 200개 개발 Persona sample","MIT","persona-source-record","d9d013ae541b7624fa0cbbcaf9b3b5f499f3602980652bfe45ddc557bc8964ea"
"persona/datasets/matraix-persona-dev-sample/persona_0175.yaml","REUSE","선별 가능한 200개 개발 Persona sample","MIT","persona-source-record","f644ed579bb9bd2a8c55a5338cc8a6747cd8b5892004f652e57a7fea62a219df"
"persona/datasets/matraix-persona-dev-sample/persona_0176.yaml","REUSE","선별 가능한 200개 개발 Persona sample","MIT","persona-source-record","4602b247069a5d7c66b2870ab66237fa6f1b0083a18c75a2c381cc123187aafc"
"persona/datasets/matraix-persona-dev-sample/persona_0177.yaml","REUSE","선별 가능한 200개 개발 Persona sample","MIT","persona-source-record","1591feea9a3c16e0ba1d4e27d8dd0f48c5b40580bcaf33dfd3c2e1df70e06503"
"persona/datasets/matraix-persona-dev-sample/persona_0178.yaml","REUSE","선별 가능한 200개 개발 Persona sample","MIT","persona-source-record","a5c02f04743ed0ed2570872fe9b82a333c0163da16a8bb0f6598790d28e5255a"
"persona/datasets/matraix-persona-dev-sample/persona_0179.yaml","REUSE","선별 가능한 200개 개발 Persona sample","MIT","persona-source-record","08ab84177ebcd001321068b438f977fe5a7ee74b462a484b1ace7ea98218dae2"
"persona/datasets/matraix-persona-dev-sample/persona_0180.yaml","REUSE","선별 가능한 200개 개발 Persona sample","MIT","persona-source-record","b356df1945a9a8649f3f26af7a3f109bd9cbb7ede06b52967cd5d840dfc2fa2e"
"persona/datasets/matraix-persona-dev-sample/persona_0181.yaml","REUSE","선별 가능한 200개 개발 Persona sample","MIT","persona-source-record","124022de6913dde68f8e0ad956b6a693f1f1257e1b558bdd407f0b2a53b8080a"
"persona/datasets/matraix-persona-dev-sample/persona_0182.yaml","REUSE","선별 가능한 200개 개발 Persona sample","MIT","persona-source-record","028d550054e9266b205c7bc4f3c46e3c99b0389930f9975ca6edf43e3c2887d8"
"persona/datasets/matraix-persona-dev-sample/persona_0183.yaml","REUSE","선별 가능한 200개 개발 Persona sample","MIT","persona-source-record","fce6eaa9496a8bfcca6e949e7174f10c2af7a8b7bc9eecdfc912c9595a4a1d3b"
"persona/datasets/matraix-persona-dev-sample/persona_0184.yaml","REUSE","선별 가능한 200개 개발 Persona sample","MIT","persona-source-record","047eb61149653ade52ec908f2c49d5c81856475d481826197869768e55e56504"
"persona/datasets/matraix-persona-dev-sample/persona_0185.yaml","REUSE","선별 가능한 200개 개발 Persona sample","MIT","persona-source-record","24c1c3c9119a66d76753257a74f781ee24d260ec3cae79c746766f64b31c865a"
"persona/datasets/matraix-persona-dev-sample/persona_0186.yaml","REUSE","선별 가능한 200개 개발 Persona sample","MIT","persona-source-record","31bdbb2631bff529479128a7ccf9e3ba0253bdcae7674b72903a62d5a42c4a05"
"persona/datasets/matraix-persona-dev-sample/persona_0187.yaml","REUSE","선별 가능한 200개 개발 Persona sample","MIT","persona-source-record","a0a798f736d591a8be7ded23bd4eb88a1f2314b3b1892064ee89ae162999f8f9"
"persona/datasets/matraix-persona-dev-sample/persona_0188.yaml","REUSE","선별 가능한 200개 개발 Persona sample","MIT","persona-source-record","ca073516bdc46a7f4e2861cb4816dd294a486d807607526e89080fbc60a2bc02"
"persona/datasets/matraix-persona-dev-sample/persona_0189.yaml","REUSE","선별 가능한 200개 개발 Persona sample","MIT","persona-source-record","ef5e86cc05a530941e769bc704476a74fcad6722a213ec2fa5e4f6429412470b"
"persona/datasets/matraix-persona-dev-sample/persona_0190.yaml","REUSE","선별 가능한 200개 개발 Persona sample","MIT","persona-source-record","1f287ef8b37527a4e518f55553dc40073232149d12a4d6b34ddd004a5b102fea"
"persona/datasets/matraix-persona-dev-sample/persona_0191.yaml","REUSE","선별 가능한 200개 개발 Persona sample","MIT","persona-source-record","086e46b06b223db1b8bf5f1e96c6b10df6d70c0e9333f4f077878cf8c04f403c"
"persona/datasets/matraix-persona-dev-sample/persona_0192.yaml","REUSE","선별 가능한 200개 개발 Persona sample","MIT","persona-source-record","604db60f127d05bc4bda50940de08a99aac7b3eb6e34f8c9f8b73dcbd21137ea"
"persona/datasets/matraix-persona-dev-sample/persona_0193.yaml","REUSE","선별 가능한 200개 개발 Persona sample","MIT","persona-source-record","facacdb670f092291e86e3089b0e4ab3c69883f7e4bdcc346339a8f2d6e97e61"
"persona/datasets/matraix-persona-dev-sample/persona_0194.yaml","REUSE","선별 가능한 200개 개발 Persona sample","MIT","persona-source-record","f1fdf3cb095dc728844ef8d831bb21c74d8a56eb363618ede44c27eb3d35b4f1"
"persona/datasets/matraix-persona-dev-sample/persona_0195.yaml","REUSE","선별 가능한 200개 개발 Persona sample","MIT","persona-source-record","26f9cb435b0c3811587d96c609f7a0f669784aaafe053c9e753a6de7cfdac968"
"persona/datasets/matraix-persona-dev-sample/persona_0196.yaml","REUSE","선별 가능한 200개 개발 Persona sample","MIT","persona-source-record","89ff49f944f71f7fde3cd02009c0edcadbec07fe2ba0346b7573b1c5d34d1687"
"persona/datasets/matraix-persona-dev-sample/persona_0197.yaml","REUSE","선별 가능한 200개 개발 Persona sample","MIT","persona-source-record","6093b4435b0039c6c727497d2e1e7dba57993f24be06b56fe946a3f54c0a161b"
"persona/datasets/matraix-persona-dev-sample/persona_0198.yaml","REUSE","선별 가능한 200개 개발 Persona sample","MIT","persona-source-record","30a381d64fd35ee445aeb35f36cd20ed8523e283fc7ec072ac3fde5436ba2376"
"persona/datasets/matraix-persona-dev-sample/persona_0199.yaml","REUSE","선별 가능한 200개 개발 Persona sample","MIT","persona-source-record","ccef83173ba7c513d2ec6b3888d7c3ffcb11d7dbfb6f496678ff03a8f8551801"
"persona/datasets/matraix-persona-dev-sample/persona_0200.yaml","REUSE","선별 가능한 200개 개발 Persona sample","MIT","persona-source-record","7945d0231735dcff47d5cfe94779c1d0ed51ae88d3a155cbde7d468fe38138a0"
"persona/datasets/validation-subset/manifest.json","IGNORE","Phase 0~2의 제품 계약에 필요하지 않음","MIT","none","ba30dda2303870af04f24b3e8256919bfd31bb775cc6adcda69cba82ae986895"
"persona/datasets/validation-subset/persona_0001.yaml","IGNORE","Phase 0~2의 제품 계약에 필요하지 않음","MIT","none","f9aab641efbd8b13f6f99ca8e1df39f5633db2a5542fca59080c64e1cade0892"
"persona/datasets/validation-subset/persona_0004.yaml","IGNORE","Phase 0~2의 제품 계약에 필요하지 않음","MIT","none","bab3fc50ded16731a24e189f7088e31d833ac2697d783dfb53582d6c66f319a5"
"persona/datasets/validation-subset/persona_0006.yaml","IGNORE","Phase 0~2의 제품 계약에 필요하지 않음","MIT","none","e01244325b10e2f027e0149a6a023c7eddeb913df15034df6611d78c450b0b79"
"persona/datasets/validation-subset/persona_0007.yaml","IGNORE","Phase 0~2의 제품 계약에 필요하지 않음","MIT","none","c075025fa04820a83573604a97c3126d6c6588dd047d1b63f6367e2fd41a4a9a"
"persona/datasets/validation-subset/persona_0008.yaml","IGNORE","Phase 0~2의 제품 계약에 필요하지 않음","MIT","none","919e726dcf109cb85b31f974643ca3fc507308d0c7ae9cf1151c6ddbc0dfdde3"
"persona/datasets/validation-subset/persona_0009.yaml","IGNORE","Phase 0~2의 제품 계약에 필요하지 않음","MIT","none","d83cb7e7c5d369ababce9d41e066cde1b66399e1b8015eb354192dc598b8ca32"
"persona/datasets/validation-subset/persona_0010.yaml","IGNORE","Phase 0~2의 제품 계약에 필요하지 않음","MIT","none","baf382059d139d0c50f1cfbc72873d3cf974bde40e1133fc61ebef8db477d15d"
"persona/datasets/validation-subset/persona_0011.yaml","IGNORE","Phase 0~2의 제품 계약에 필요하지 않음","MIT","none","85701ab67b34d3482e2cc1dbbde2d1d6f28fcbb1a35c98bfe12aaefd61bab756"
"persona/datasets/validation-subset/persona_0012.yaml","IGNORE","Phase 0~2의 제품 계약에 필요하지 않음","MIT","none","e045ccb43c39e74130f564a77f93c6decdfe13e6d90c1ef93dbde53b86a2add5"
"persona/datasets/validation-subset/persona_0013.yaml","IGNORE","Phase 0~2의 제품 계약에 필요하지 않음","MIT","none","f85d523c1b20fcc5f73e74d829865253e903875fce7f7ff3ca093e80c2d307e9"
"persona/datasets/validation-subset/persona_0014.yaml","IGNORE","Phase 0~2의 제품 계약에 필요하지 않음","MIT","none","2db26e1329c6bf4fb3bce1b13a2748483a513b474f8e8a075643b2bb18a789f3"
"persona/datasets/validation-subset/persona_0015.yaml","IGNORE","Phase 0~2의 제품 계약에 필요하지 않음","MIT","none","5a2f5cfba1ea01f031606785e889de23d631b77512429ffff7d65ca303acc032"
"persona/datasets/validation-subset/persona_0016.yaml","IGNORE","Phase 0~2의 제품 계약에 필요하지 않음","MIT","none","a3b423132c83a05d58cee2a897469ba7be6f0244dce40917e8d5afbb2581a917"
"persona/datasets/validation-subset/persona_0017.yaml","IGNORE","Phase 0~2의 제품 계약에 필요하지 않음","MIT","none","5624e4166af186e1f17ca73701bab480da3840b8ebe70d65bcff2ec401dab5b2"
"persona/datasets/validation-subset/persona_0018.yaml","IGNORE","Phase 0~2의 제품 계약에 필요하지 않음","MIT","none","d6632281008cb776f37b32b6bdeebcb0697a21594b1ec95e70485388b84a4579"
"persona/datasets/validation-subset/persona_0019.yaml","IGNORE","Phase 0~2의 제품 계약에 필요하지 않음","MIT","none","47c0e329a719d73a872c76690b8ecd3004a30a6dffacf8ccdafc2cdb2d8a6454"
"persona/datasets/validation-subset/persona_0020.yaml","IGNORE","Phase 0~2의 제품 계약에 필요하지 않음","MIT","none","c4a186df6ecf87c5654dbd10cb7bd061c8779ba9a7de5faa5f2313edce95023d"
"persona/datasets/validation-subset/persona_0021.yaml","IGNORE","Phase 0~2의 제품 계약에 필요하지 않음","MIT","none","27dd9fa6d28ab714ec4aa54d0e712d060307eeb96ee78069e51c236ae4dfb97c"
"persona/datasets/validation-subset/persona_0022.yaml","IGNORE","Phase 0~2의 제품 계약에 필요하지 않음","MIT","none","d448261f78063e8041e0674788f548666928d9b6153fb3453dd96f70a2f1dbaf"
"persona/datasets/validation-subset/persona_0023.yaml","IGNORE","Phase 0~2의 제품 계약에 필요하지 않음","MIT","none","4f986e439db9e77a3a323a24e56037d9bee453796bf8f8696d4179a98137fb2c"
"persona/datasets/validation-subset/persona_0024.yaml","IGNORE","Phase 0~2의 제품 계약에 필요하지 않음","MIT","none","22b98bb87b462b57f2c1e39cbc32bf80e1383345faa6d26a008b9caaa6617f87"
"persona/datasets/validation-subset/persona_0025.yaml","IGNORE","Phase 0~2의 제품 계약에 필요하지 않음","MIT","none","4459a2a201625c34508b5da8933c326233eb358ec6cb4628a0e28efad173f75d"
"persona/datasets/validation-subset/persona_0026.yaml","IGNORE","Phase 0~2의 제품 계약에 필요하지 않음","MIT","none","55a04ea8131b0f23458f782443d6f7ad82fb2544a0a32bd04b41913432765066"
"persona/datasets/validation-subset/persona_0027.yaml","IGNORE","Phase 0~2의 제품 계약에 필요하지 않음","MIT","none","52262e7d1ed9f1964887263cd596056c2e5d16c25ad6cd3bf38cc4600eeeb401"
"persona/datasets/validation-subset/persona_0029.yaml","IGNORE","Phase 0~2의 제품 계약에 필요하지 않음","MIT","none","47b4c70fa8449b77648f53739ccc89b71aa5c81fbe72c93c83105d8afff99d94"
"persona/datasets/validation-subset/persona_0030.yaml","IGNORE","Phase 0~2의 제품 계약에 필요하지 않음","MIT","none","c541e72b5b91b99e68d2c3de2349feefdf7b5d6aafba5364f5be6832577793e7"
"persona/datasets/validation-subset/persona_0031.yaml","IGNORE","Phase 0~2의 제품 계약에 필요하지 않음","MIT","none","43146785748a6cb979e45a3fb3cbd2f55da2640526fc11d973f469416e5d2ede"
"persona/datasets/validation-subset/persona_0032.yaml","IGNORE","Phase 0~2의 제품 계약에 필요하지 않음","MIT","none","1a09c1357d0408c1ba155cd386aea2a21b9049a10355551d9e84eade447d073f"
"persona/datasets/validation-subset/persona_0033.yaml","IGNORE","Phase 0~2의 제품 계약에 필요하지 않음","MIT","none","53e752f7d8545f2567401294a8e453f1be7fbc54536baefdb23524ee35d79a28"
"persona/datasets/validation-subset/persona_0034.yaml","IGNORE","Phase 0~2의 제품 계약에 필요하지 않음","MIT","none","305d09ead8623d19ab4ad4b562742fc633286e2ee7668ee3b2ba01c4c5124b5a"
"persona/datasets/validation-subset/persona_0035.yaml","IGNORE","Phase 0~2의 제품 계약에 필요하지 않음","MIT","none","aa344d66e1096c35cbe7b6c88d56e7c16b7c69d4c51b45bd970c02205ce7c79c"
"persona/datasets/validation-subset/persona_0036.yaml","IGNORE","Phase 0~2의 제품 계약에 필요하지 않음","MIT","none","9509e904e079510cd9ef24cb2ccfb106576d01258ad830c17e82355bc4c37dbe"
"persona/datasets/validation-subset/persona_0037.yaml","IGNORE","Phase 0~2의 제품 계약에 필요하지 않음","MIT","none","4b923d8577cfabef90f13d0e132e2318d5f60f4e8bf808812962915dbcc67ec6"
"persona/datasets/validation-subset/persona_0040.yaml","IGNORE","Phase 0~2의 제품 계약에 필요하지 않음","MIT","none","c67302baa07bed85f8390146dd9ff499b808247ab9d5efdba60c6584735607be"
"persona/datasets/validation-subset/persona_0041.yaml","IGNORE","Phase 0~2의 제품 계약에 필요하지 않음","MIT","none","484670599f0977b0f98febcb9878344fe3cf57706c9c4a92139cc153ecbf4abd"
"persona/datasets/validation-subset/persona_0042.yaml","IGNORE","Phase 0~2의 제품 계약에 필요하지 않음","MIT","none","19d229b3039f47517f01740329f772ebc14af737542817931cfe2e67af7a626e"
"persona/datasets/validation-subset/persona_0043.yaml","IGNORE","Phase 0~2의 제품 계약에 필요하지 않음","MIT","none","161650c1cc97d241d407c072b2723ef1469b0b0207ad3adce5756bee3d580534"
"persona/datasets/validation-subset/persona_0044.yaml","IGNORE","Phase 0~2의 제품 계약에 필요하지 않음","MIT","none","fe6c72ec87e558195210a8deefbc604c683701b8ed3710e66cccc5870b41ea22"
"persona/datasets/validation-subset/persona_0045.yaml","IGNORE","Phase 0~2의 제품 계약에 필요하지 않음","MIT","none","d9fbc751c256222ce3bd289a8579816f24fae9395ab388b4b27a2eb099122599"
"persona/datasets/validation-subset/persona_0046.yaml","IGNORE","Phase 0~2의 제품 계약에 필요하지 않음","MIT","none","d30d28a6e989605ecc78dbf7a41aec33f8794dac6760cc34dbdc326a2069fd39"
"persona/datasets/validation-subset/persona_0047.yaml","IGNORE","Phase 0~2의 제품 계약에 필요하지 않음","MIT","none","16a782ff07df59d0c16502405c6c42b48581f3770f9fa5968754ac88164f72e8"
"persona/datasets/validation-subset/persona_0049.yaml","IGNORE","Phase 0~2의 제품 계약에 필요하지 않음","MIT","none","198640b3fa410afc9ab0e7b86e3e7eecb1ca76a7caa07387354358842ccd8342"
"persona/datasets/validation-subset/persona_0050.yaml","IGNORE","Phase 0~2의 제품 계약에 필요하지 않음","MIT","none","796ae787bb6138e171c229602eeaf6c9f784d407e493c8608006ff5a81306310"
"persona/datasets/validation-subset/persona_0051.yaml","IGNORE","Phase 0~2의 제품 계약에 필요하지 않음","MIT","none","cafb1d2df313b6a1e92ee9b23c2c099b8689b4f80145c651fe316e5ae962be91"
"persona/datasets/validation-subset/persona_0053.yaml","IGNORE","Phase 0~2의 제품 계약에 필요하지 않음","MIT","none","6cc3d94feeae99d9a78d575ada4f6682645068236d710924093dd7810f356df0"
"persona/datasets/validation-subset/persona_0054.yaml","IGNORE","Phase 0~2의 제품 계약에 필요하지 않음","MIT","none","0098f950dfc689c367580ac5bb399f6d1fafb6079d2e1120a268e9fe380ea113"
"persona/datasets/validation-subset/persona_0055.yaml","IGNORE","Phase 0~2의 제품 계약에 필요하지 않음","MIT","none","0a5c0cc8431c7cd437c3fba839628329351abcb2b5157fa27fda226aabf6abea"
"persona/datasets/validation-subset/persona_0056.yaml","IGNORE","Phase 0~2의 제품 계약에 필요하지 않음","MIT","none","0eead342a4b15564cdd4f3f6dc5c984ef1aa20e63b9727a9319d04701a7f6ce9"
"persona/datasets/validation-subset/persona_0057.yaml","IGNORE","Phase 0~2의 제품 계약에 필요하지 않음","MIT","none","a7ce48d9edd06994b06b35db7a13b13af74cfd967aafc71eed83062268a92e20"
"persona/datasets/validation-subset/persona_0058.yaml","IGNORE","Phase 0~2의 제품 계약에 필요하지 않음","MIT","none","baf7f0c99e2581893b5deda68e2c42f6d9b28896b2e31c53cd7510b33888b915"
"persona/datasets/validation-subset/persona_0059.yaml","IGNORE","Phase 0~2의 제품 계약에 필요하지 않음","MIT","none","2ca740d1e80443d7e2c9252217a95cc4309a612c20b0e27105acaaa6fd9d3edb"
"persona/datasets/validation-subset/persona_0060.yaml","IGNORE","Phase 0~2의 제품 계약에 필요하지 않음","MIT","none","f7dc313384ab2951c99b15b8c9775b22853fbf8c87b645f3a7bdf895dd41f0b9"
"persona/datasets/validation-subset/persona_0061.yaml","IGNORE","Phase 0~2의 제품 계약에 필요하지 않음","MIT","none","74602072658d3b6fd54b604bb39165aaa42186fbb800536c6052d792c2fdd46f"
"persona/datasets/validation-subset/persona_0062.yaml","IGNORE","Phase 0~2의 제품 계약에 필요하지 않음","MIT","none","972d9752647df55e26c761ef047a42c95ec228534b71a59f78ab3c49b9423d00"
"persona/datasets/validation-subset/persona_0063.yaml","IGNORE","Phase 0~2의 제품 계약에 필요하지 않음","MIT","none","d4a88c53f1ddd6cde7af6a8031ffbd43a9008cdc90ea8ca5409e17b72a2a959e"
"persona/datasets/validation-subset/persona_0064.yaml","IGNORE","Phase 0~2의 제품 계약에 필요하지 않음","MIT","none","47bd02910b01add850d5b7719fba6d612205dcd9ad66c8b56326756074500bff"
"persona/datasets/validation-subset/persona_0065.yaml","IGNORE","Phase 0~2의 제품 계약에 필요하지 않음","MIT","none","b3c2e85b7f79c2ff49e15a0c280e9d80ce6c62186258bdfeeb277043be5cf875"
"persona/datasets/validation-subset/persona_0066.yaml","IGNORE","Phase 0~2의 제품 계약에 필요하지 않음","MIT","none","e2331c9ff82e65ee600be03252071a247eb235af544637cf2d1a41bbc0171a83"
"persona/datasets/validation-subset/persona_0067.yaml","IGNORE","Phase 0~2의 제품 계약에 필요하지 않음","MIT","none","3f9e29b28e9cee6bfeb2509aa8ca99893a73c80b5635150f73c3efe109112524"
"persona/datasets/validation-subset/persona_0068.yaml","IGNORE","Phase 0~2의 제품 계약에 필요하지 않음","MIT","none","32eecb9cfa42f7208a628e9ae6d21694f266ceff8c6ef1b197da45004c95f81b"
"persona/datasets/validation-subset/persona_0069.yaml","IGNORE","Phase 0~2의 제품 계약에 필요하지 않음","MIT","none","7ce39d369535b7e9799985af134ee7476f1a6e2e2113e866d0975f30c2e79416"
"persona/datasets/validation-subset/persona_0070.yaml","IGNORE","Phase 0~2의 제품 계약에 필요하지 않음","MIT","none","2ba7c0756e7361fd6984c9d3039326b5e4060b3db2792b29cda6cd296fa3937f"
"persona/datasets/validation-subset/persona_0071.yaml","IGNORE","Phase 0~2의 제품 계약에 필요하지 않음","MIT","none","7cf888bef008009f87cf61760002081c909ab72f26eef711f8c28086ecc92961"
"persona/datasets/validation-subset/persona_0072.yaml","IGNORE","Phase 0~2의 제품 계약에 필요하지 않음","MIT","none","48f13c56587e21f2f81adbd0b19e7e46012ec03aea3bb4d3eab1efa51ed627ac"
"persona/datasets/validation-subset/persona_0073.yaml","IGNORE","Phase 0~2의 제품 계약에 필요하지 않음","MIT","none","33cffbbec20da5e75c8b509a10e0e7498acee23451c24c601ddf3bd6177fd2b0"
"persona/datasets/validation-subset/persona_0074.yaml","IGNORE","Phase 0~2의 제품 계약에 필요하지 않음","MIT","none","719ccccb8425508bcecacbf7b75ccf2cb1e1d49af1425f82f5741a15961b0564"
"persona/datasets/validation-subset/persona_0076.yaml","IGNORE","Phase 0~2의 제품 계약에 필요하지 않음","MIT","none","c998795df32b0355d81bc588983743d18adf1d73ef57794f96424b23cb62b5a8"
"persona/datasets/validation-subset/persona_0077.yaml","IGNORE","Phase 0~2의 제품 계약에 필요하지 않음","MIT","none","5ce5b6e4f6834700406a6da3637cd16459cb008905040e8340336764a2e347a6"
"persona/datasets/validation-subset/persona_0078.yaml","IGNORE","Phase 0~2의 제품 계약에 필요하지 않음","MIT","none","84582af78628d843d61a17354679e1de49467085bbb79a85c0b8d9463e265bf0"
"persona/datasets/validation-subset/persona_0079.yaml","IGNORE","Phase 0~2의 제품 계약에 필요하지 않음","MIT","none","34d7d20ce687445a52b3d29b2076cefecd7954e021e78cdc47f6eab294bd308c"
"persona/datasets/validation-subset/persona_0080.yaml","IGNORE","Phase 0~2의 제품 계약에 필요하지 않음","MIT","none","932ee0bdfff19b0a44d1f16f5f938dd4473e536bd6c073abed74dbeda65c954d"
"persona/datasets/validation-subset/persona_0081.yaml","IGNORE","Phase 0~2의 제품 계약에 필요하지 않음","MIT","none","b1e8cecb1979fbe062a01391fc5825e5a44abc1a937d9b8060ca96d26c3a64ff"
"persona/datasets/validation-subset/persona_0082.yaml","IGNORE","Phase 0~2의 제품 계약에 필요하지 않음","MIT","none","30ed7ced2dfcf32baa7651ea856f2e4fffefac6fbe8d29281a581f0c97c1e95b"
"persona/datasets/validation-subset/persona_0083.yaml","IGNORE","Phase 0~2의 제품 계약에 필요하지 않음","MIT","none","4b479fab05d2aac68a92801420e8c5098bf2bbcc67485b73a895b9f2215ce9ca"
"persona/datasets/validation-subset/persona_0084.yaml","IGNORE","Phase 0~2의 제품 계약에 필요하지 않음","MIT","none","6ca716cb4542208b2616095d4a05a3071dfa59392a85cd4f1e73426fc9e2f2ed"
"persona/datasets/validation-subset/persona_0085.yaml","IGNORE","Phase 0~2의 제품 계약에 필요하지 않음","MIT","none","069f6979ab68e580f0597037d729f9617bc3240e95da1eaad0392c5e5a598684"
"persona/datasets/validation-subset/persona_0086.yaml","IGNORE","Phase 0~2의 제품 계약에 필요하지 않음","MIT","none","e06196a48259bb3bdeb80133d14b74b438703b0853063f242b14ec727184f91f"
"persona/datasets/validation-subset/persona_0087.yaml","IGNORE","Phase 0~2의 제품 계약에 필요하지 않음","MIT","none","a2ad567f54970c41fb65200d9ca56f614ed0d8c740aa181e902cbb890e3a1938"
"persona/datasets/validation-subset/persona_0088.yaml","IGNORE","Phase 0~2의 제품 계약에 필요하지 않음","MIT","none","f2baafa94cc19eef38c3687b1c16d72d1a6b9f53478e2c6a3d5f27d833c7b002"
"persona/datasets/validation-subset/persona_0089.yaml","IGNORE","Phase 0~2의 제품 계약에 필요하지 않음","MIT","none","ddf543c95d447b5e2886a6a9af4f1b2149c56fc27462f7df51f255d1e6282601"
"persona/datasets/validation-subset/persona_0090.yaml","IGNORE","Phase 0~2의 제품 계약에 필요하지 않음","MIT","none","b6b7e52262b921f51a965a453e05c997c9bfafca26fa3d739e642a3b104cf393"
"persona/datasets/validation-subset/persona_0091.yaml","IGNORE","Phase 0~2의 제품 계약에 필요하지 않음","MIT","none","48ed76383c0f5e5dba4f1aa2ff91a5c57cd5c84d227bda4224ed00fe842b6c77"
"persona/datasets/validation-subset/persona_0092.yaml","IGNORE","Phase 0~2의 제품 계약에 필요하지 않음","MIT","none","067d007d8dc6265089655469a2cf4a4049ff89314cd8302333c8cfcf251bd7fb"
"persona/datasets/validation-subset/persona_0093.yaml","IGNORE","Phase 0~2의 제품 계약에 필요하지 않음","MIT","none","8b12c14130a00b75300d32d673af55449d858083254d9bc0970ea3fb7d4ed7fa"
"persona/datasets/validation-subset/persona_0094.yaml","IGNORE","Phase 0~2의 제품 계약에 필요하지 않음","MIT","none","fce038fef4e3028cdd1c4522f4ac386013a9a66856da6f73fabaaff738abf9df"
"persona/datasets/validation-subset/persona_0095.yaml","IGNORE","Phase 0~2의 제품 계약에 필요하지 않음","MIT","none","80bc0b172997e33ede8c57a7492bf164acb4f44f4439945bd22a510f2ac22d29"
"persona/existing_data_curation/__init__.py","IGNORE","Phase 0~2의 제품 계약에 필요하지 않음","MIT","none","e3b0c44298fc1c149afbf4c8996fb92427ae41e4649b934ca495991b7852b855"
"persona/existing_data_curation/amazon/__init__.py","IGNORE","Phase 0~2의 제품 계약에 필요하지 않음","MIT","none","e3b0c44298fc1c149afbf4c8996fb92427ae41e4649b934ca495991b7852b855"
"persona/existing_data_curation/amazon/configs/amazon_review_evidence_mapping.json","IGNORE","Phase 0~2의 제품 계약에 필요하지 않음","MIT","none","13fe8e6916b3b52800814571a2d38eb4cba68d9f836b29675f4df850babc5437"
"persona/existing_data_curation/amazon/evaluation/evaluate_amazon_persona_rating_holdout.py","IGNORE","Phase 0~2의 제품 계약에 필요하지 않음","MIT","none","9f68d9156e7b3caa65f298df2eefeb20838871e41cf283b88ac35b057c7bef90"
"persona/existing_data_curation/amazon/evaluation/predict_amazon_persona_holdout_ratings.py","IGNORE","Phase 0~2의 제품 계약에 필요하지 않음","MIT","none","49d82e42a903cfc390ad437ec67b223dbd0608a6f9edf0c7cf2c2157b91a2863"
"persona/existing_data_curation/amazon/extraction/infer_amazon_review_dimensions.py","IGNORE","Phase 0~2의 제품 계약에 필요하지 않음","MIT","none","4888a9d390eda41ec523306ee1c0b2ecb2db1ebc82a36f5c5490117baace6b17"
"persona/existing_data_curation/amazon/extraction/render_amazon_inference_report.py","IGNORE","Phase 0~2의 제품 계약에 필요하지 않음","MIT","none","60bbbf232893a0a0e83406664f609e391295472dce1e702ee138d33f60afbe40"
"persona/existing_data_curation/amazon/README.md","IGNORE","Phase 0~2의 제품 계약에 필요하지 않음","MIT","none","fe87fbfc7fc5670aa8debe80283832f93ce36c08870155e5108514b250d26fab"
"persona/existing_data_curation/amazon/subscription_json_backend.py","IGNORE","Phase 0~2의 제품 계약에 필요하지 않음","MIT","none","bab4ab65b19633c7ba4c9312599329861af26f0baf28bad97124f55fadd5b6ad"
"persona/existing_data_curation/amazon_review_evidence_mapping.json","IGNORE","Phase 0~2의 제품 계약에 필요하지 않음","MIT","none","7aeb19c9f9b25fe04e44a8cc7c7263f5e3a6f1d746ede8d43b11cb2b809c332c"
"persona/existing_data_curation/configs/amazon_reviews_2023.json","IGNORE","Phase 0~2의 제품 계약에 필요하지 않음","MIT","none","6d8a3945c844159da95003292286727ff6e84d255901001fc38c6d686be7a678"
"persona/existing_data_curation/configs/stackexchange_persona.json","IGNORE","Phase 0~2의 제품 계약에 필요하지 않음","MIT","none","ef7f6f2fdd83e153274d889cfc90fb36fd758aeb247a7fc327f2e855f935c7c7"
"persona/existing_data_curation/configs/stackoverflow_evidence_mapping.json","IGNORE","Phase 0~2의 제품 계약에 필요하지 않음","MIT","none","59a85df79c74a04eee2940001fd0c24bdaaf5bd07c25e21d3b6bb0fcf103df11"
"persona/existing_data_curation/README.md","IGNORE","Phase 0~2의 제품 계약에 필요하지 않음","MIT","none","52c2a30d6d776d122bb7fd6012b535f16eda9d5ce4e3345dc481b7be4647920d"
"persona/existing_data_curation/scripts/__init__.py","IGNORE","Phase 0~2의 제품 계약에 필요하지 않음","MIT","none","e3b0c44298fc1c149afbf4c8996fb92427ae41e4649b934ca495991b7852b855"
"persona/existing_data_curation/scripts/build_amazon_collab_db.py","IGNORE","Phase 0~2의 제품 계약에 필요하지 않음","MIT","none","c987b9bf46be27df061702b3abbbf31e13795df076228ac0bc55fe9886874ea1"
"persona/existing_data_curation/scripts/build_stackoverflow_collab_db.py","IGNORE","Phase 0~2의 제품 계약에 필요하지 않음","MIT","none","eb2180d9cc97fe67884d8353080a5f0e76ea4613f08899b58545fa1dbfd03da7"
"persona/existing_data_curation/scripts/build_wiki_profile_db.py","IGNORE","Phase 0~2의 제품 계약에 필요하지 않음","MIT","none","8229d5e4e9883e646c308112c06568ade24447ad9aba2929a863aa1ba32309ca"
"persona/existing_data_curation/scripts/export_hf_amazon_user_histories.py","IGNORE","Phase 0~2의 제품 계약에 필요하지 않음","MIT","none","de05fe743137286305494e33ba6ff47c0203b38b87e618e9f8b932f793384275"
"persona/existing_data_curation/scripts/export_hf_stackoverflow_user_histories.py","IGNORE","Phase 0~2의 제품 계약에 필요하지 않음","MIT","none","7fdf01af3fec1d093aa3000a49c02db08aee46bef48a54e9d813d4430ade1936"
"persona/existing_data_curation/scripts/history_package_common.py","IGNORE","Phase 0~2의 제품 계약에 필요하지 않음","MIT","none","90b2e53b3d9947e160ef97a4043a94f14fd2f767b6d2671ad9366575d5db12b8"
"persona/existing_data_curation/scripts/infer_amazon_review_dimensions.py","IGNORE","Phase 0~2의 제품 계약에 필요하지 않음","MIT","none","9a3bbb572aa162014474e1ec70c58f4902a4756490edb2dfdd8611164f8c5cde"
"persona/existing_data_curation/scripts/make_amazon_collab_package.py","IGNORE","Phase 0~2의 제품 계약에 필요하지 않음","MIT","none","b199502d139466e386e14eba359bffb8b7c2927fca6ab8ad057e2a87d16b3f13"
"persona/existing_data_curation/scripts/make_amazon_package.sh","IGNORE","Phase 0~2의 제품 계약에 필요하지 않음","MIT","none","5ba1246b8d1b948e28b201afa788d89c58e665040b94d879a1bb69233ad28f10"
"persona/existing_data_curation/scripts/make_collab_package.py","IGNORE","Phase 0~2의 제품 계약에 필요하지 않음","MIT","none","0bc3f22b797d30b68e47efecee732566223d1027b246994690df6dc07d01d474"
"persona/existing_data_curation/scripts/make_package.sh","IGNORE","Phase 0~2의 제품 계약에 필요하지 않음","MIT","none","5b405608ab28aa3ed62ac6f5965298ffbbb5873507ac06110d9c4b58743f142d"
"persona/existing_data_curation/scripts/make_stackoverflow_collab_package.py","IGNORE","Phase 0~2의 제품 계약에 필요하지 않음","MIT","none","4f3c4e5b3fe93227b906033433418e97d268baa028d893715299f4d3b1811575"
"persona/existing_data_curation/scripts/make_stackoverflow_package.sh","IGNORE","Phase 0~2의 제품 계약에 필요하지 않음","MIT","none","e0d4aa110afa04058c235bbad2b5b3cb1530f7814f14106455c3033223a1ecc2"
"persona/existing_data_curation/scripts/merge_collab_results.py","IGNORE","Phase 0~2의 제품 계약에 필요하지 않음","MIT","none","ca180db343455d983eeb749dc2a3ec48b3432bbb992025e5e7ea2cb62c21f7f0"
"persona/existing_data_curation/wiki_collab/__init__.py","IGNORE","Phase 0~2의 제품 계약에 필요하지 않음","MIT","none","e3b0c44298fc1c149afbf4c8996fb92427ae41e4649b934ca495991b7852b855"
"persona/existing_data_curation/wiki_collab/amazon_collab.py","IGNORE","Phase 0~2의 제품 계약에 필요하지 않음","MIT","none","79ccc693c54b228d98b9598542a07d6c0e2af7652499a9dd5c3ae46a5da45136"
"persona/existing_data_curation/wiki_collab/collab_kit/.gitignore","IGNORE","Phase 0~2의 제품 계약에 필요하지 않음","MIT","none","40e16b9d06df23e99762935c8606e697b86c71f3539bbf9b78b196e6fb07abcf"
"persona/existing_data_curation/wiki_collab/collab_kit/assignment_runner.py","IGNORE","Phase 0~2의 제품 계약에 필요하지 않음","MIT","none","b414cf8438fd04783c421da7ae12481425bdae2aa441f57f4919e416580a198d"
"persona/existing_data_curation/wiki_collab/collab_kit/backends.py","IGNORE","Phase 0~2의 제품 계약에 필요하지 않음","MIT","none","2656081a5a0dc58d2cd3f25d6f959db7d92809555be53537e0f35955d0778077"
"persona/existing_data_curation/wiki_collab/collab_kit/claude_json_backend.py","IGNORE","Phase 0~2의 제품 계약에 필요하지 않음","MIT","none","52e6be98b07f75b48ac9a8b3662ed2d115406fd25dfbc6e23ec5af576d3af777"
"persona/existing_data_curation/wiki_collab/collab_kit/codex_json_backend.py","IGNORE","Phase 0~2의 제품 계약에 필요하지 않음","MIT","none","065e66ea33307215163de057f2145c5237e6a1d6e74ff0001e487e6ed334d98c"
"persona/existing_data_curation/wiki_collab/collab_kit/conformance.py","IGNORE","Phase 0~2의 제품 계약에 필요하지 않음","MIT","none","4c0703f3728e3ccac25ce4e9efd2686282822df855cab59ac0e9325614f8e4de"
"persona/existing_data_curation/wiki_collab/collab_kit/harness.py","IGNORE","Phase 0~2의 제품 계약에 필요하지 않음","MIT","none","8e18bb691bb982da3c3b419c65c4daf2099260d16d5b167b6803e57ef581f600"
"persona/existing_data_curation/wiki_collab/collab_kit/README.md","IGNORE","Phase 0~2의 제품 계약에 필요하지 않음","MIT","none","9b3a3869517f36f78b13b6b7c39c3a203ff389803fcd0a5796a7c29c0d8b8e7e"
"persona/existing_data_curation/wiki_collab/collab_kit/RESULTS_JSONL_README.md","IGNORE","Phase 0~2의 제품 계약에 필요하지 않음","MIT","none","996dea071f31b2084ece1ad04eb82707e468a6af64aaabc39b1fabe2a37068f1"
"persona/existing_data_curation/wiki_collab/collab_kit/run.sh","IGNORE","Phase 0~2의 제품 계약에 필요하지 않음","MIT","none","ae2e64f9d04c7fa834e66d39363e980ce104b44d64dab4599648e0f258afff2a"
"persona/existing_data_curation/wiki_collab/collab_kit/sample/dimensions.json","IGNORE","Phase 0~2의 제품 계약에 필요하지 않음","MIT","none","e99f5ae5f66a9adabf214514d9fe962c9db66eaa4614073cb184dfd9aa8d3b02"
"persona/existing_data_curation/wiki_collab/collab_kit/sample/results.jsonl","IGNORE","Phase 0~2의 제품 계약에 필요하지 않음","MIT","none","127130676e5b2408e98f1bc5bbf63a041b44e1e0d032432678ea98e8541cfc96"
"persona/existing_data_curation/wiki_collab/collab_kit/sample/tasks.jsonl","IGNORE","Phase 0~2의 제품 계약에 필요하지 않음","MIT","none","60b86647399f55b838a1ff586d8c0970e65c87eeff8c80fa85ad466c1142d529"
"persona/existing_data_curation/wiki_collab/collab_kit/schemas/dimensions.schema.json","IGNORE","Phase 0~2의 제품 계약에 필요하지 않음","MIT","none","7867455b8916b3ea845017d15d542a10b1bf3a8995cc950a2e42f0fdf3a90b15"
"persona/existing_data_curation/wiki_collab/collab_kit/schemas/result.output.schema.json","IGNORE","Phase 0~2의 제품 계약에 필요하지 않음","MIT","none","98cadc491ad503eb5fab980813e0fe63efb3d971d3942310645209251a0835db"
"persona/existing_data_curation/wiki_collab/collab_kit/schemas/task.input.schema.json","IGNORE","Phase 0~2의 제품 계약에 필요하지 않음","MIT","none","38159dbff913a67ef0b8121c6aa84d778a912ad724b12b16d234a65a8aadd5a4"
"persona/existing_data_curation/wiki_collab/collab_kit/solver.py","IGNORE","Phase 0~2의 제품 계약에 필요하지 않음","MIT","none","0fdbff96b2d67bbb9d1aad5a03864f19bb22fc794ae9a56997b2b5e7aec85940"
"persona/existing_data_curation/wiki_collab/core.py","IGNORE","Phase 0~2의 제품 계약에 필요하지 않음","MIT","none","75683d0b1ee2945c06a505f580e2fde1beb81700bf15839807c2c1e30e0dad8a"
"persona/existing_data_curation/wiki_collab/run_assignment.sh","IGNORE","Phase 0~2의 제품 계약에 필요하지 않음","MIT","none","ad841d1d5d36ddc88903e78f964f1788e93290bde3a851e328fbceebf12be4d4"
"persona/existing_data_curation/wiki_collab/stackoverflow_collab.py","IGNORE","Phase 0~2의 제품 계약에 필요하지 않음","MIT","none","b8c8987e88459fc1f51891602bae7845fdc2013e92ff82700cb5737069fe16f3"
"persona/extraction/__init__.py","IGNORE","Phase 0~2의 제품 계약에 필요하지 않음","MIT","none","b83b651eee77b337bbebc2d7eb92e626d1b9b718a215e4363aae0e93d9d8f826"
"persona/extraction/__main__.py","IGNORE","Phase 0~2의 제품 계약에 필요하지 않음","MIT","none","3c2fb150758c851ba9e6113711567377d1d9357ca65802d076b2975aaa3258dd"
"persona/extraction/.gitignore","IGNORE","Phase 0~2의 제품 계약에 필요하지 않음","MIT","none","4f60d8771480d0ea7c3e90dc457e41b0178bac413c4432b207540388ef2ed3c0"
"persona/extraction/embed_retriever.py","IGNORE","Phase 0~2의 제품 계약에 필요하지 않음","MIT","none","c981477ab03857b4c6c562435f7c680775b203f6c7bb65c31842b074f48dc10a"
"persona/extraction/llm_judge.py","IGNORE","Phase 0~2의 제품 계약에 필요하지 않음","MIT","none","e516c57acd613f4ef84ab35ae7a347b3b91e3657a1c44305214fdf9054a13aff"
"persona/extraction/regex_matcher.py","IGNORE","Phase 0~2의 제품 계약에 필요하지 않음","MIT","none","7ff6727352a2e3c87eda1ea31381abca0e6fac3fad7b0e28efcfa6a81248d492"
"persona/extraction/schema.py","IGNORE","Phase 0~2의 제품 계약에 필요하지 않음","MIT","none","38529291e10f37c56dd012f9178b64551a9568ba889da93a11e6ee09448a3786"
"persona/extraction/tests/__init__.py","IGNORE","Phase 0~2의 제품 계약에 필요하지 않음","MIT","none","e3b0c44298fc1c149afbf4c8996fb92427ae41e4649b934ca495991b7852b855"
"persona/extraction/tests/test_treiver.py","IGNORE","Phase 0~2의 제품 계약에 필요하지 않음","MIT","none","3374d227e324ce3e88988202c6ddfbdd71a38c6e8cb747c3dcdf8d32c7708804"
"persona/extraction/treiver.py","IGNORE","Phase 0~2의 제품 계약에 필요하지 않음","MIT","none","ca2c632bdb66b127fe6a39a3c2ef5191b2968032ec5b5712c0eb07dbb8a2781d"
"persona/human_extraction/__init__.py","IGNORE","Phase 0~2의 제품 계약에 필요하지 않음","MIT","none","e3b0c44298fc1c149afbf4c8996fb92427ae41e4649b934ca495991b7852b855"
"persona/human_extraction/AFROBAROMETER_EXTRACTION.md","IGNORE","Phase 0~2의 제품 계약에 필요하지 않음","MIT","none","50e3fb20b3adf0a83758e646de0fb6700280bc81bbb8fd3144c1149b8bd94365"
"persona/human_extraction/CONVAI2_EXTRACTION.md","IGNORE","Phase 0~2의 제품 계약에 필요하지 않음","MIT","none","9f4affbea5e8c6f3b496de835e2d3f0001c30d49d8fe023a1f6252fe7cc1854c"
"persona/human_extraction/data/.gitignore","IGNORE","Phase 0~2의 제품 계약에 필요하지 않음","MIT","none","58ee4743ad4e3a272c5a4e13c803d842c3fdaca39c7f816dc74e0cd245edca01"
"persona/human_extraction/data/README.md","IGNORE","Phase 0~2의 제품 계약에 필요하지 않음","MIT","none","e1ba063b89e5ff47beec7ca4040e12b4238cff0b24a078e35f06b074b666af7b"
"persona/human_extraction/docs/amazon_100k_reference_gpu_usage.md","IGNORE","Phase 0~2의 제품 계약에 필요하지 않음","MIT","none","25342df308f1d8e0ab26e743b1be423778251d6faaf47e6594ebf347d8a74910"
"persona/human_extraction/docs/BENCHMARK.md","IGNORE","Phase 0~2의 제품 계약에 필요하지 않음","MIT","none","e96f33dffa39efd174caa27df8c29c573e27a6b499c097950a86e09de2321225"
"persona/human_extraction/docs/EXTRACTION_QUALITY_RUBRIC.md","IGNORE","Phase 0~2의 제품 계약에 필요하지 않음","MIT","none","134a5928e88da2b08aaca809d3091ca5a41d26b2791a56bf1433a9ec36a7bf46"
"persona/human_extraction/GSS_EXTRACTION.md","IGNORE","Phase 0~2의 제품 계약에 필요하지 않음","MIT","none","c6ea3879136d21b0dc5530badc9b9d5127c0dd4ff26a74d1e68dc85081a4fe1c"
"persona/human_extraction/jobs/extract_shard_amazon.job","IGNORE","Phase 0~2의 제품 계약에 필요하지 않음","MIT","none","a90e182ba943f234895b416dce99c3a6308ceea42e1f729c4e90520a00ca0aca"
"persona/human_extraction/jobs/extract_shard.job","IGNORE","Phase 0~2의 제품 계약에 필요하지 않음","MIT","none","4aa1895088508236ba576ddb861c4cd803b867b32816e8208a28c642254196ef"
"persona/human_extraction/jobs/monitor_amazon.sh","IGNORE","Phase 0~2의 제품 계약에 필요하지 않음","MIT","none","55619ccd45b16fd199be450717f93866dd500b1590f3ad741f7a8418541fd262"
"persona/human_extraction/jobs/sbatch_logs/.gitignore","IGNORE","Phase 0~2의 제품 계약에 필요하지 않음","MIT","none","a9c898fd557b866c7fb311d844af24b5ea71a4f39897e5c2ec7a8d9839c87c35"
"persona/human_extraction/prism_sample_3.jsonl","IGNORE","Phase 0~2의 제품 계약에 필요하지 않음","MIT","none","8afe4d6b4e745da824049be57b10a37f0c4680c90633b3b61500272b9cec98a4"
"persona/human_extraction/scripts/analyze_profile_lengths.py","IGNORE","Phase 0~2의 제품 계약에 필요하지 않음","MIT","none","415393d946ac8ca4cf2a7c14787da681d3cd55ebd94de654363e848b835ae257"
"persona/human_extraction/scripts/compare_amazon_prompts_openrouter.py","IGNORE","Phase 0~2의 제품 계약에 필요하지 않음","MIT","none","10c2e1e7caeb769c6bbda5880b88086457cdef9ecc11cfa5eeb5f0ebf62976ba"
"persona/human_extraction/scripts/postprocess_afrobarometer.py","IGNORE","Phase 0~2의 제품 계약에 필요하지 않음","MIT","none","5ec149c597f8912a2116643d6e7df9d5ac990ed717f0af0e5cd9e8c33f4aa1eb"
"persona/human_extraction/scripts/postprocess_convai2.py","IGNORE","Phase 0~2의 제품 계약에 필요하지 않음","MIT","none","7a9018e3c81741658496ef3c024be2becb55ab3a79f46a5c26f10421fd76cf69"
"persona/human_extraction/scripts/postprocess.py","IGNORE","Phase 0~2의 제품 계약에 필요하지 않음","MIT","none","69ac5e3d1b9e6f77c60d61046b01255bf4c63c70ec856de87e3572fce8e24892"
"persona/human_extraction/scripts/prepare_afrobarometer.py","IGNORE","Phase 0~2의 제품 계약에 필요하지 않음","MIT","none","889cf9040a4eaeed56abb21a26ddc917791386aabc1b3d404e51fc8fd753005f"
"persona/human_extraction/scripts/prepare_convai2.py","IGNORE","Phase 0~2의 제품 계약에 필요하지 않음","MIT","none","68138c4d7f347ce0a9bfd3c08b7c64e16a1832c942bcec66b819ae5b5b57a0ac"
"persona/human_extraction/scripts/render_prism_profiles.py","IGNORE","Phase 0~2의 제품 계약에 필요하지 않음","MIT","none","c226c8f7fd65d8fa0e7dcb4bb2cd17d772b9588cbe9ae80450f343b5c80aaefa"
"persona/human_extraction/scripts/replace_wiki_subscription_rows.py","IGNORE","Phase 0~2의 제품 계약에 필요하지 않음","MIT","none","7a2ca0d8426cdcc3cf5d050744d9b702a39906e3b23cf02907ecdf0b3f602423"
"persona/human_extraction/scripts/run_bench_extraction.py","IGNORE","Phase 0~2의 제품 계약에 필요하지 않음","MIT","none","a7c49c319d2ceed4cef296e71319706b5358ee0f829459e2aff9aa0cb9f40084"
"persona/human_extraction/scripts/run_extraction_amazon.py","IGNORE","Phase 0~2의 제품 계약에 필요하지 않음","MIT","none","0c9a382423a1a5188be72c42cfd1b3f68328995d96269d93394725413052f0ea"
"persona/human_extraction/scripts/run_extraction_api.py","IGNORE","Phase 0~2의 제품 계약에 필요하지 않음","MIT","none","4e5fbe39597299b7e3cc34ced33f90b4b4c983ccfc2157d55ed3f2e969893575"
"persona/human_extraction/scripts/run_extraction.py","IGNORE","Phase 0~2의 제품 계약에 필요하지 않음","MIT","none","287d5732d3f21dec91e7b9ce7abd50d58483b41c0ebf9b853def183fdf249637"
"persona/human_extraction/scripts/run_one_amazon_openrouter.py","IGNORE","Phase 0~2의 제품 계약에 필요하지 않음","MIT","none","b9042abe8162e26dde92b8646c7a133f14a9213bedf49eaaaf313209d55e1e04"
"persona/human_extraction/scripts/score_personas.py","IGNORE","Phase 0~2의 제품 계약에 필요하지 않음","MIT","none","4464a375191f0798d4a6569f64092b668a257b1fde7e181884a611723304da14"
"persona/human_extraction/scripts/validate_extraction.py","IGNORE","Phase 0~2의 제품 계약에 필요하지 않음","MIT","none","d662045bb1da16aba9336d8a5d6172434238b9d49cb29a45ab1667f149f5a44d"
"persona/post_process/coreset_1m/__init__.py","IGNORE","Persona 생성·1M pipeline은 초기 범위 밖","MIT","none","fcffe3f4e56dcf4d40338e96de00e09f6aefb570448d0a67f9e8cb039231ea07"
"persona/post_process/coreset_1m/build_coreset.py","IGNORE","Persona 생성·1M pipeline은 초기 범위 밖","MIT","none","d3d35f38f3379d19129346fb5ce7d5d7fd173366032e3fbd2da5b62083c45632"
"persona/post_process/coreset_1m/calibration.py","IGNORE","Persona 생성·1M pipeline은 초기 범위 밖","MIT","none","761e191e8cc37164daac0cc88bc7c65e6c2613d06ecd841f2a07702c233d0f90"
"persona/post_process/coreset_1m/coreset_dataset_card.md","IGNORE","Persona 생성·1M pipeline은 초기 범위 밖","MIT","none","afc18c6103ff6061ff35e246838684f49110d1b67f0ee022151f21ea56c8bc5d"
"persona/post_process/coreset_1m/finalize.py","IGNORE","Persona 생성·1M pipeline은 초기 범위 밖","MIT","none","18f223916dd7cdba4ee94d859af60fded16b25f104e260e01e9c9e24ba1fd545"
"persona/post_process/coreset_1m/jobs/build.job","IGNORE","Persona 생성·1M pipeline은 초기 범위 밖","MIT","none","7a9cacb2544ddb25a7964311a4c7405e4ef04e1196f1e4a21c3f64ede28c5838"
"persona/post_process/coreset_1m/jobs/launch.sh","IGNORE","Persona 생성·1M pipeline은 초기 범위 밖","MIT","none","9f45b8aaa7669c2fc27a4ac847ab2cfabdab75fa514d4c17171077b5945ec2fd"
"persona/post_process/coreset_1m/jobs/submit_upload.sh","IGNORE","Persona 생성·1M pipeline은 초기 범위 밖","MIT","none","81de70e10b64a257a2328bdd2e69cb5308d70ddea4fe4371d612307b06695b4b"
"persona/post_process/coreset_1m/jobs/upload.job","IGNORE","Persona 생성·1M pipeline은 초기 범위 밖","MIT","none","f08645cbf10b9f9d8c28ad9073ae4a9aad2211197b91cff03c2c3a43286d5d51"
"persona/post_process/coreset_1m/targets.json","IGNORE","Persona 생성·1M pipeline은 초기 범위 밖","MIT","none","0e4cdf47dd99b6c371bd67232f182c2ba9f5cc846c86d7816679b2c4d395a63e"
"persona/post_process/dataset_statistics/dataset_statistics.ipynb","IGNORE","Persona 생성·1M pipeline은 초기 범위 밖","MIT","none","dd8fe4acf4576b1a151b7d8a8363468abf2e95362807c1b0fdfe253182b1bf8e"
"persona/post_process/dataset_statistics/profile_datasets.py","IGNORE","Persona 생성·1M pipeline은 초기 범위 밖","MIT","none","b07889822e718def90528c48bc99d8d6c5601b4812f6ce0170f20ab351ae55ac"
"persona/post_process/deduplication/__init__.py","IGNORE","Persona 생성·1M pipeline은 초기 범위 밖","MIT","none","a00adabcc9be08093114bb11809a557f17cddc860e71f045dae70f738fd60cd6"
"persona/post_process/deduplication/.gitignore","IGNORE","Persona 생성·1M pipeline은 초기 범위 밖","MIT","none","7c4a23ba7ed5a639d296836f7b8a62c9922f68f21b4f7389fff1d10a90a9a309"
"persona/post_process/deduplication/build_human_manifest.py","IGNORE","Persona 생성·1M pipeline은 초기 범위 밖","MIT","none","e0b768383ff3ecbc10b09d89e7717a4e076bdea57dd92b26d3bbffb94bf314c7"
"persona/post_process/deduplication/build_projection_config.py","IGNORE","Persona 생성·1M pipeline은 초기 범위 밖","MIT","none","cc53cc414061813934a8faa62b72161810c7286a5fad6a6a5f68c06fc7e2e2a9"
"persona/post_process/deduplication/build_synthetic_bitmap.py","IGNORE","Persona 생성·1M pipeline은 초기 범위 밖","MIT","none","3dd1c6cf1699f6de690533b2aeee7932e1668e275fb51939946610b90122e318"
"persona/post_process/deduplication/extract_synthetic_transfer.py","IGNORE","Persona 생성·1M pipeline은 초기 범위 밖","MIT","none","34d4fc2a88eb8f52ac29189064b3b4e8de8c869da9f70cf5adbde15287833698"
"persona/post_process/deduplication/hll.py","IGNORE","Persona 생성·1M pipeline은 초기 범위 밖","MIT","none","38e8a9d3851c9f7949a74fbac8711a9b37eb39a1984ad0e75f95ed60147ba48c"
"persona/post_process/deduplication/jobs/build_synthetic_bitmap.job","IGNORE","Persona 생성·1M pipeline은 초기 범위 밖","MIT","none","445a7a644f5f2592cb5c07dd41e7a3748ade94b4377268887e244a99d40485d9"
"persona/post_process/deduplication/jobs/launch_final_pipeline.job","IGNORE","Persona 생성·1M pipeline은 초기 범위 밖","MIT","none","45fc06db1df0b5f278f9b7a36491499759c54eed4c394ecda6fc7992e7148e37"
"persona/post_process/deduplication/jobs/launch_final_pipeline.sh","IGNORE","Persona 생성·1M pipeline은 초기 범위 밖","MIT","none","86969f3d7f899f75e69aab5de076f597626e83ea7ede4ce16d195202b69311e7"
"persona/post_process/deduplication/jobs/materialize_synthetic.job","IGNORE","Persona 생성·1M pipeline은 초기 범위 밖","MIT","none","8d87379bc43e8a4f660ae32aea130bd962e6cff6b12edd5666a69f0aec586c54"
"persona/post_process/deduplication/jobs/merge_human_minhash.job","IGNORE","Persona 생성·1M pipeline은 초기 범위 밖","MIT","none","a6d3828c0be7f134a6d629d4ee9c11954479a970431edac0e9336eaebd06494c"
"persona/post_process/deduplication/jobs/merge_projection_hll.job","IGNORE","Persona 생성·1M pipeline은 초기 범위 밖","MIT","none","c2a53ff17743b760c7015cd061e92fe7d776378388849b4bb85e362e52a63ebd"
"persona/post_process/deduplication/jobs/reduce_synthetic.job","IGNORE","Persona 생성·1M pipeline은 초기 범위 밖","MIT","none","d91e78b80761c7002819dc55a30dfb3e6ca262480523ca0ab77a2bc7d3a7bd1b"
"persona/post_process/deduplication/jobs/scan_human_minhash.job","IGNORE","Persona 생성·1M pipeline은 초기 범위 밖","MIT","none","e0bff6189b6d101edab907f565c678479ac3d28b11d5a50dd2207a1f44ac03c7"
"persona/post_process/deduplication/jobs/scan_projection_hll.job","IGNORE","Persona 생성·1M pipeline은 초기 범위 밖","MIT","none","6d404ea6ad29ddea556eb3643760333877bbedb06d41f3bbf6994677baa7a8fb"
"persona/post_process/deduplication/jobs/select_synthetic_cutoff.job","IGNORE","Persona 생성·1M pipeline은 초기 범위 밖","MIT","none","5103b075a314de12b7230cda5450c1ddb040c8e0d6ee093b6be2daf804098d64"
"persona/post_process/deduplication/jobs/submit_human_minhash.sh","IGNORE","Persona 생성·1M pipeline은 초기 범위 밖","MIT","none","8f086cbfd9183c8a27f06a64091bb6c21b48f60a28f67ee8f3bd742f428dae59"
"persona/post_process/deduplication/jobs/submit_projection_pilot.sh","IGNORE","Persona 생성·1M pipeline은 초기 범위 밖","MIT","none","3d728e67612fb7f8bfcae78ee8387e3c45f44fe7e9398bb7e1a16c0bec0bacb2"
"persona/post_process/deduplication/jobs/summarize_final.job","IGNORE","Persona 생성·1M pipeline은 초기 범위 밖","MIT","none","0d4246982b3ef81fd02898961a9942ab413f6f5ca11b9b24525193c1999eecc9"
"persona/post_process/deduplication/materialize_synthetic.py","IGNORE","Persona 생성·1M pipeline은 초기 범위 밖","MIT","none","d8c02bbd0a6e7d1531a0398a9f6f84adc2f2a7ce35f0ae1a660d680165049107"
"persona/post_process/deduplication/merge_human_minhash.py","IGNORE","Persona 생성·1M pipeline은 초기 범위 밖","MIT","none","fb22d1904aebef3c90d01987481a9609df4c8967d19bb66bda026152caf9ae78"
"persona/post_process/deduplication/merge_projection_hll.py","IGNORE","Persona 생성·1M pipeline은 초기 범위 밖","MIT","none","6d5a100f09e8072118cf69b05d5da9ac816819053f069542da278dbf7c962137"
"persona/post_process/deduplication/projection_config.json","IGNORE","Persona 생성·1M pipeline은 초기 범위 밖","MIT","none","568aaa3e8f5b79099c072c59501fd2d6a41ff1448bddc84a744d94140169dbdc"
"persona/post_process/deduplication/reduce_synthetic_partition.py","IGNORE","Persona 생성·1M pipeline은 초기 범위 밖","MIT","none","63aba5671a9882655dc0438c8adca5f5649961ab6339fb469b93dd6dca5cae3f"
"persona/post_process/deduplication/scan_human_minhash.py","IGNORE","Persona 생성·1M pipeline은 초기 범위 밖","MIT","none","8580f37aff63c8dc8709fe8a1892cc8c98cf62572cb87a185db9939e89a568d1"
"persona/post_process/deduplication/scan_projection_hll.py","IGNORE","Persona 생성·1M pipeline은 초기 범위 밖","MIT","none","8ab6bea7a170509e69a04260f1d6a3c2005a24b08f380177d6c8c46937d7bee8"
"persona/post_process/deduplication/select_synthetic_cutoff.py","IGNORE","Persona 생성·1M pipeline은 초기 범위 밖","MIT","none","cab7c33983e8d2628f6f2c6a8aecd27c9a668c20fdcefc071135cc8246387c68"
"persona/post_process/deduplication/summarize_final.py","IGNORE","Persona 생성·1M pipeline은 초기 범위 밖","MIT","none","d54f35f14864df54a6f30bc1eb710f4c08bb6ddfea777871eba7df5ba1191fcf"
"persona/post_process/quality_filter/.gitignore","IGNORE","Persona 생성·1M pipeline은 초기 범위 밖","MIT","none","7c4a23ba7ed5a639d296836f7b8a62c9922f68f21b4f7389fff1d10a90a9a309"
"persona/post_process/quality_filter/build_inventory.py","IGNORE","Persona 생성·1M pipeline은 초기 범위 밖","MIT","none","d0ce5d237889123179a77f3fe1c36e1d9f9a0b8bcf3137ed8e2062046266aadb"
"persona/post_process/quality_filter/conflicts.py","IGNORE","Persona 생성·1M pipeline은 초기 범위 밖","MIT","none","20694f967e89b9392fd188654031a7cb5d8b125ca4c02bb58dc77db7d88234be"
"persona/post_process/quality_filter/contradictions.json","IGNORE","Persona 생성·1M pipeline은 초기 범위 밖","MIT","none","b159e990f904a0eedce41b7106c0fc148ed69adf407bc59cd3cdda3c09f63965"
"persona/post_process/quality_filter/jobs/filter_shard.job","IGNORE","Persona 생성·1M pipeline은 초기 범위 밖","MIT","none","c9fb554e16d68e2b0ba4a0b1edbbcf2d727336e448b3e695a22ffa0a0fd46523"
"persona/post_process/quality_filter/jobs/submit_all.sh","IGNORE","Persona 생성·1M pipeline은 초기 범위 밖","MIT","none","9522da2faef696bbde84d37a71fc151d7ce5d25fc78aebf5d93a07e771598de4"
"persona/post_process/quality_filter/jobs/summarize.job","IGNORE","Persona 생성·1M pipeline은 초기 범위 밖","MIT","none","f107e5393fa1a20ffd38d37dbf0bd21fb6cf8e7e106e3c76c96266d493afac8d"
"persona/post_process/quality_filter/scan_shard.py","IGNORE","Persona 생성·1M pipeline은 초기 범위 밖","MIT","none","b56688bc781a64eee6a016d97533ae272b445aad7801181c14e8595b287d8683"
"persona/post_process/quality_filter/summarize_results.py","IGNORE","Persona 생성·1M pipeline은 초기 범위 밖","MIT","none","0b6c3a52b389a8718437a6e0c1e30276179ad1cd58ad197c3e513ee96e1b2e63"
"persona/post_process/unified_dataset/__init__.py","IGNORE","Persona 생성·1M pipeline은 초기 범위 밖","MIT","none","7974def885a0a01e6ddf4b2cfa488a71cbe27eea3d1c96af23044f3a3220c1a4"
"persona/post_process/unified_dataset/CODE_INDEX.md","IGNORE","Persona 생성·1M pipeline은 초기 범위 밖","MIT","none","a45b72c3101d61290f0681e33a15afa54e3c4c2039209ad21ee910ff3290a1a4"
"persona/post_process/unified_dataset/finalize.py","IGNORE","Persona 생성·1M pipeline은 초기 범위 밖","MIT","none","292e87f60106518462bdecb0c2fc4885a3bd4e1624732247c34a2d1622d818f0"
"persona/post_process/unified_dataset/jobs/finalize.job","IGNORE","Persona 생성·1M pipeline은 초기 범위 밖","MIT","none","9ce6d5c62c1af30bf497cf3ff550401d9c7c4a3cc56802b4463d6798ed692feb"
"persona/post_process/unified_dataset/jobs/launch.sh","IGNORE","Persona 생성·1M pipeline은 초기 범위 밖","MIT","none","247d808cd847099f261da91a2877efd4c44f32d0fc2b169cda99de8b133da52f"
"persona/post_process/unified_dataset/jobs/materialize_human.job","IGNORE","Persona 생성·1M pipeline은 초기 범위 밖","MIT","none","3f1f5d67dcc80d27b28af8cfab5b36371a38242279bda3a9fdafc9242c73e442"
"persona/post_process/unified_dataset/jobs/materialize_survey.job","IGNORE","Persona 생성·1M pipeline은 초기 범위 밖","MIT","none","df4915c15371734fd48236c0d18d00a72ddf4d0dd6aae26ea0291badf7e8ebab"
"persona/post_process/unified_dataset/jobs/materialize_synthetic.job","IGNORE","Persona 생성·1M pipeline은 초기 범위 밖","MIT","none","cac9fcb69faedbc9396516263e39af55958c70b8ee3249229182c1e47b795fca"
"persona/post_process/unified_dataset/jobs/upload.job","IGNORE","Persona 생성·1M pipeline은 초기 범위 밖","MIT","none","80e4ce39cea4b8fdd388726af1460282a1676054bb18a66672a6fc25bee66969"
"persona/post_process/unified_dataset/materialize.py","IGNORE","Persona 생성·1M pipeline은 초기 범위 밖","MIT","none","5ddff86451f31cc35434c4a4a8431a4281d96b9a54e27eab462b1a493117b782"
"persona/post_process/unified_dataset/monitor_events.py","IGNORE","Persona 생성·1M pipeline은 초기 범위 밖","MIT","none","bb1514f7bdcfaacc97f0461cc5b2d1ae31a5ec7100dbddd7b811cfa023d70c49"
"persona/post_process/unified_dataset/schema.py","IGNORE","Persona 생성·1M pipeline은 초기 범위 밖","MIT","none","234ad3cfcac5925672695e97aca90eeb2c204d543c7d4af3060a8c1bc8565957"
"persona/post_process/unified_dataset/status.py","IGNORE","Persona 생성·1M pipeline은 초기 범위 밖","MIT","none","e0bcc1b1ed25282868da65b4fe402b3e1d1311eaa679f48d1e0228f9bf8f12c4"
"persona/reporting/__init__.py","IGNORE","Phase 0~2의 제품 계약에 필요하지 않음","MIT","none","83b32f5c90be76aa6090843b9dc1b83bc58c262fd5b6dce138f7fdfed776de42"
"persona/reporting/eval_grounding_job.py","IGNORE","Phase 0~2의 제품 계약에 필요하지 않음","MIT","none","616fcd65320b94d305303252b1f0d2af7750309d164a4338cff4545fffb8423f"
"persona/schema/_fonts/Inter-Variable.ttf","REUSE","Persona taxonomy와 dimension 계약","MIT","persona-source-schema","29160a80ff49ddcab2c97711247e08b1fab27a484a329ce8b813d820dc559031"
"persona/schema/dimension_categories.json","REUSE","Persona taxonomy와 dimension 계약","MIT","persona-source-schema","a296ce7037eeef6d7285f5b7be94ad92bde550579c8d5b488c18cb25c5fc728e"
"persona/schema/dimensions.json","REUSE","Persona taxonomy와 dimension 계약","MIT","persona-source-schema","cbf4db9d887dec057431aff409e1d28d83f345e7a31e29a4275a607212ecfca5"
"persona/schema/generate_persona_taxonomy_mapping.ps1","REUSE","Persona taxonomy와 dimension 계약","MIT","persona-source-schema","bf5e19e8a8fb91b53e34134b00166ba7d0de9510ef5eeb2faa117158a4528441"
"persona/schema/persona_taxonomy_mapping.csv","REUSE","Persona taxonomy와 dimension 계약","MIT","persona-source-schema","4632fff1167615a64191694d5d4b86a1941de656e6a457ee3bcbae1cd6d56569"
"persona/schema/persona_taxonomy.json","REUSE","Persona taxonomy와 dimension 계약","MIT","persona-source-schema","c5a9874006b7d731421422a584907c042a875c1f49e471b879cd417647f7e3a4"
"persona/schema/render_persona_schema_taxonomy.py","REUSE","Persona taxonomy와 dimension 계약","MIT","persona-source-schema","e1d63a689d93ea3d5682a8c7b531df8e567afdc7041eee12871687801372e0e8"
"persona/scripts/augment_dev_personas_food_dims.py","IGNORE","Phase 0~2의 제품 계약에 필요하지 않음","MIT","none","cbdff39badea317d78a08969f073cad3b2d0420ec62bf80773fe2ce60c64051c"
"persona/scripts/augment_dev_personas_full_schema.py","IGNORE","Phase 0~2의 제품 계약에 필요하지 않음","MIT","none","7151db1871a258bb060d0268150cf2ccfb90f691e2ee75f1beadbf134bbe7d1f"
"persona/scripts/generate_dev_personas.py","IGNORE","Phase 0~2의 제품 계약에 필요하지 않음","MIT","none","22a53303aaa317fa7b88e664018d20920460204506847d3b1ebc1e6d267a7044"
"persona/scripts/generate_persona_job.py","IGNORE","Phase 0~2의 제품 계약에 필요하지 않음","MIT","none","744374e595dc6c99e774fc778425f0794ab8e0ccfa247e44c6b2270bbc70c499"
"persona/scripts/rebuild_bench_dev_from_1m.py","IGNORE","Phase 0~2의 제품 계약에 필요하지 않음","MIT","none","4ecfe9250e530bc8c9db51590d81b438eac4054b3c0a95c13aad1753911b8d05"
"persona/synthesis/__init__.py","IGNORE","Persona 생성·1M pipeline은 초기 범위 밖","MIT","none","25fbad955cfe3cea10a42b7c20c0178bcf7d2326d93af8699f3d6870c1bd3b8a"
"persona/synthesis/docs/quality-control.md","IGNORE","Persona 생성·1M pipeline은 초기 범위 밖","MIT","none","7adfb5af68f128c8c396fd2dc0ff8929fbd89a38dced8fba30630e7cbe0b8af8"
"persona/synthesis/docs/sampling-method.md","IGNORE","Persona 생성·1M pipeline은 초기 범위 밖","MIT","none","be1ed06c91fab5feceedf67432730fab9a8444173796236469a415b068809db7"
"persona/synthesis/graph/full_dag.json","IGNORE","Persona 생성·1M pipeline은 초기 범위 밖","MIT","none","849dc5e6f2289db87a4d363948f32d0e1db9e9205d3d8a1b52e4ac4e77fedbfd"
"persona/synthesis/jobs/graph_10b_generation/generate_graph_shard.job","IGNORE","Persona 생성·1M pipeline은 초기 범위 밖","MIT","none","6eea77f674fb766043a8297e8c787724b23e89c974430d199355ef3b327ec5f2"
"persona/synthesis/jobs/graph_10b_generation/monitor_generation.sh","IGNORE","Persona 생성·1M pipeline은 초기 범위 밖","MIT","none","72725d5fad77f694c97eafa1a34b687a4f15537ba6618aa465cbdf91e5f0f180"
"persona/synthesis/jobs/graph_10b_generation/submit_graph_10b.sh","IGNORE","Persona 생성·1M pipeline은 초기 범위 밖","MIT","none","31df31894d520971a60ab147650dabc5a740b8d54e7dcd395fdaee29f21e9178"
"persona/synthesis/reports/full_dag_quality_10000.json","IGNORE","Persona 생성·1M pipeline은 초기 범위 밖","MIT","none","873dda16e33ec4260a7ff0a8e0b9136b6515dd348de05d9b21617fe7653e0620"
"persona/synthesis/reports/full_dag_quality_10000.md","IGNORE","Persona 생성·1M pipeline은 초기 범위 밖","MIT","none","931a1f0e517988dfa5db361fa75c066689dbc5ba8a7cdacb7581fe7dd69c496b"
"persona/synthesis/sampler/__init__.py","IGNORE","Persona 생성·1M pipeline은 초기 범위 밖","MIT","none","b38614682925417f52f5ecd98a3cf432387d648e4b63d9e1fb5be6753c3f2e3e"
"persona/synthesis/sampler/audit.py","IGNORE","Persona 생성·1M pipeline은 초기 범위 밖","MIT","none","976b5518c5f22f687fe4f33282e040bcbaaaee2387f7142170b7f8724f7e5fc5"
"persona/synthesis/sampler/graph_io.py","IGNORE","Persona 생성·1M pipeline은 초기 범위 밖","MIT","none","ca54855c7eb221e346d610b275effc2905c23091a474cd2ef015e9076f734494"
"persona/synthesis/sampler/sampler.py","IGNORE","Persona 생성·1M pipeline은 초기 범위 밖","MIT","none","d62ac78274c98c941b468fb0d40d65f13c215fffdf96e7cd3c7b540b7d840bcd"
"persona/synthesis/sampler/validation.py","IGNORE","Persona 생성·1M pipeline은 초기 범위 밖","MIT","none","255f68555dc492d441304f9ff6aee586f948fa4ada58091d4f5ac9e7f580acd2"
"persona/synthesis/scripts/audit_consistency.py","IGNORE","Persona 생성·1M pipeline은 초기 범위 밖","MIT","none","703a5244c4e16709872878d128eccbeb15f167d9772be69af81682dc7b372695"
"persona/synthesis/scripts/audit_quality.py","IGNORE","Persona 생성·1M pipeline은 초기 범위 밖","MIT","none","950b14699d8e69e9264f1514cee915a03e6088a36f560403558a8faae2179935"
"persona/synthesis/scripts/decode_persona_codes.py","IGNORE","Persona 생성·1M pipeline은 초기 범위 밖","MIT","none","9872eae72e5c9b010b6ba5f0ea6979f7d14e0ce8b5cd34ab5cf1d06bc099a5fb"
"persona/synthesis/scripts/generate_quality_report.py","IGNORE","Persona 생성·1M pipeline은 초기 범위 밖","MIT","none","9d555e71ddfbd2adf1d009e0b00396231a7340317d79f289e7b860141d3bc5ec"
"persona/synthesis/scripts/render_dag_publication.py","IGNORE","Persona 생성·1M pipeline은 초기 범위 밖","MIT","none","cee4abbb90d06d261f3ff3d6943e8614f56273db8bd2ac643bcc74a44468b884"
"persona/synthesis/scripts/render_graph_visualization.py","IGNORE","Persona 생성·1M pipeline은 초기 범위 밖","MIT","none","e88fbc24494aa948d9602bb83bd36f9751cb07334d1326334f37cf867158b0c0"
"persona/synthesis/scripts/render_persona_schema_chord.py","IGNORE","Persona 생성·1M pipeline은 초기 범위 밖","MIT","none","efbb398fee0b92866fa1f5e1727de44bc2b03e9b634bb8b0c063c6ad7a3e6b2c"
"persona/synthesis/scripts/render_personas.py","IGNORE","Persona 생성·1M pipeline은 초기 범위 밖","MIT","none","396066346cce93d774d1279612cfe793e570473cbdb64191c7ae3989d30c8825"
"persona/synthesis/scripts/sample_personas.py","IGNORE","Persona 생성·1M pipeline은 초기 범위 밖","MIT","none","06bbfc1d9129a15de56450d99287cd78b1647df897173229b84c86fca43e095e"
"persona/synthesis/scripts/validate_graph.py","IGNORE","Persona 생성·1M pipeline은 초기 범위 밖","MIT","none","5924b56fa198729da8bb8989b9cc9945c43c8a95de58f920a8929a270cc592aa"
"persona/synthesis/visualization/full_dag_overview.html","IGNORE","Persona 생성·1M pipeline은 초기 범위 밖","MIT","none","d6dc4dcc57f12e109413a901803ff325c040b9f0ebe605f19767ea76d641b3ed"
"persona/synthesis/visualization/full_dag_publication.pdf","IGNORE","Persona 생성·1M pipeline은 초기 범위 밖","MIT","none","9b0160da016bc2ec320e337836bc82b4fb5616a80bf9d030f60d329888d9612a"
"persona/synthesis/visualization/full_dag_publication.png","IGNORE","Persona 생성·1M pipeline은 초기 범위 밖","MIT","none","a432d1207e5cd8c7638d182c72e9e6158096dc6306da02d4e77278c797e56aa8"
"persona/synthesis/visualization/persona_schema_chord.pdf","IGNORE","Persona 생성·1M pipeline은 초기 범위 밖","MIT","none","7740b0594dd0344dde6d5d87c9595a1e613d44e3f98518f8a3ea9903580e39b4"
"persona/synthesis/visualization/persona_schema_chord.png","IGNORE","Persona 생성·1M pipeline은 초기 범위 밖","MIT","none","2eba79ab53a4013cf226fdffe70b7e9e5cbeda6c13aaa9739984664e346bf6c8"
"persona/synthesis/visualization/README.md","IGNORE","Persona 생성·1M pipeline은 초기 범위 밖","MIT","none","d2f6479260f736d6b0f709653b3bfbe8c79507076fc4d9b775edbee5cca0af0d"
"persona/validation/.gitignore","IGNORE","Phase 0~2의 제품 계약에 필요하지 않음","MIT","none","a8617eba8cbde68d32b0386cb95e9b7c6f718b0f2e2791f88a2fb0d304031cab"
"persona/validation/README.md","IGNORE","Phase 0~2의 제품 계약에 필요하지 않음","MIT","none","cddd1d2e2f02d159a28ebd9a21795ed6acd206ab5abecea74d9e361a1fe406f6"
"persona/validation/scripts/build_report.py","IGNORE","Phase 0~2의 제품 계약에 필요하지 않음","MIT","none","c799ae018ea291cae5a667426a7bc96fe04d0c962ec53839c5ca1b94dfe48b8f"
"persona/validation/scripts/decode_persona_1m.py","IGNORE","Phase 0~2의 제품 계약에 필요하지 않음","MIT","none","bf0122e4421fc70bdae59d8679d5b900a690fa223cd6d67034d90c8b61c4e8c5"
"persona/validation/scripts/extract_subset.py","IGNORE","Phase 0~2의 제품 계약에 필요하지 않음","MIT","none","5d78201f60f1c475eeb6903ecbe841d44981f80f3c7f5eb4e917c1f86ed514c9"
"persona/validation/scripts/gen_all_tasks.py","IGNORE","Phase 0~2의 제품 계약에 필요하지 않음","MIT","none","0fff1cbc21ff5022b5c46ef5d215aea12953afc7f252bf088963e3604f990d90"
"persona/validation/scripts/gen_chat_tasks.py","IGNORE","Phase 0~2의 제품 계약에 필요하지 않음","MIT","none","25620424e4ceac1ae8d25fd63ea08cf2ffb477935ea6693af49ca84d6e6b4320"
"persona/validation/scripts/gen_survey_tasks.py","IGNORE","Phase 0~2의 제품 계약에 필요하지 않음","MIT","none","c9f094a4f1b5148134548228743526b9228ec28efb4737f43c9d5eba1ab2fa69"
"persona/validation/scripts/judge_adherence.py","IGNORE","Phase 0~2의 제품 계약에 필요하지 않음","MIT","none","8da0321ff5bdb9ddc712520f840c43d2ae5cc88b1c54bb197977925423727d32"
"persona/validation/scripts/run_matrix.py","IGNORE","Phase 0~2의 제품 계약에 필요하지 않음","MIT","none","43120d71501581b94de6b329cb0a5bc8d0e498e19609e9aaa0ba9d17a273ab18"
"persona/validation/scripts/run_probe.sh","IGNORE","Phase 0~2의 제품 계약에 필요하지 않음","MIT","none","d8e61ec0561dd0905050fe9ce975d34e9251286fe6dd399f15d3430476abd39d"
"persona/validation/scripts/summarize_matrix.py","IGNORE","Phase 0~2의 제품 계약에 필요하지 않음","MIT","none","75862c35199f4998a1db394abbe72625d255a4b0478a5e7d36ca76224989ae83"
"persona/validation/tasks/probe-chat_code-comment-style/input/chatbot.yaml","IGNORE","Phase 0~2의 제품 계약에 필요하지 않음","MIT","none","3f0607aad10c530051ee557a3f4bd478f1f9ee4fe71969bacf98d7d4b7aad9c1"
"persona/validation/tasks/probe-chat_code-comment-style/input/context.md","IGNORE","Phase 0~2의 제품 계약에 필요하지 않음","MIT","none","214f5f425e092f469386f9b49c9cc66ec21d857e8876742621390f54a87bb797"
"persona/validation/tasks/probe-chat_code-comment-style/input/protocol.md","IGNORE","Phase 0~2의 제품 계약에 필요하지 않음","MIT","none","6fb36d755f622dc23855dbe9f740071ef8ec98fb2dfed83ff0dcea4d09c53b6f"
"persona/validation/tasks/probe-chat_code-comment-style/input/self_report_schema.yaml","IGNORE","Phase 0~2의 제품 계약에 필요하지 않음","MIT","none","916f2d9c5a6606c96e1eaaf44984fa9a9a630157da52492f356536e92d6f8896"
"persona/validation/tasks/probe-chat_code-comment-style/instruction.md","IGNORE","Phase 0~2의 제품 계약에 필요하지 않음","MIT","none","06f2f84bfd9ee16859cbb72c26ed0648186b46eb2f55b57ced605b4ba00ac9ab"
"persona/validation/tasks/probe-chat_code-comment-style/persona_strategy.json","IGNORE","Phase 0~2의 제품 계약에 필요하지 않음","MIT","none","ac4ac60e4ddfdbd84522c665672e4954773d506d9047739daa06898f7cce41a0"
"persona/validation/tasks/probe-chat_code-comment-style/README.md","IGNORE","Phase 0~2의 제품 계약에 필요하지 않음","MIT","none","6f491e7370f00fabd843b99bbafde957592ff3940d20d94f30ae24fb4a52fdcd"
"persona/validation/tasks/probe-chat_code-comment-style/reporting.json","IGNORE","Phase 0~2의 제품 계약에 필요하지 않음","MIT","none","b0cb46062d4d8ed5c63b25b24e1721bcb4244e583fa3c8a5ad400865b14216e1"
"persona/validation/tasks/probe-chat_code-comment-style/task.toml","IGNORE","Phase 0~2의 제품 계약에 필요하지 않음","MIT","none","c9b8210abf5625aec784d60842eacec54d692ce3464c9a1b3655fc23c8c8119d"
"persona/validation/tasks/probe-chat_code-comment-style/tests/test_state.py","IGNORE","Phase 0~2의 제품 계약에 필요하지 않음","MIT","none","0a24bdac12c3c8cdccc2cb31c1898ce78ee50d4889c59558fb7a3743a11c186a"
"persona/validation/tasks/probe-chat_code-comment-style/tests/test.sh","IGNORE","Phase 0~2의 제품 계약에 필요하지 않음","MIT","none","038cafe57abc8dfb462adc2d973c3a9a71bf4dae98856f5cd42abb40520cef66"
"persona/validation/tasks/probe-chat_code-comment-style/tests/verifier_env.sh","IGNORE","Phase 0~2의 제품 계약에 필요하지 않음","MIT","none","cf416f6549fa597a704734fb414495ad751f8b222b765070d5f34e20ed0fcf5c"
"persona/validation/tasks/probe-chat_code-naming-verbosity/input/chatbot.yaml","IGNORE","Phase 0~2의 제품 계약에 필요하지 않음","MIT","none","3f0607aad10c530051ee557a3f4bd478f1f9ee4fe71969bacf98d7d4b7aad9c1"
"persona/validation/tasks/probe-chat_code-naming-verbosity/input/context.md","IGNORE","Phase 0~2의 제품 계약에 필요하지 않음","MIT","none","214f5f425e092f469386f9b49c9cc66ec21d857e8876742621390f54a87bb797"
"persona/validation/tasks/probe-chat_code-naming-verbosity/input/protocol.md","IGNORE","Phase 0~2의 제품 계약에 필요하지 않음","MIT","none","6fb36d755f622dc23855dbe9f740071ef8ec98fb2dfed83ff0dcea4d09c53b6f"
"persona/validation/tasks/probe-chat_code-naming-verbosity/input/self_report_schema.yaml","IGNORE","Phase 0~2의 제품 계약에 필요하지 않음","MIT","none","916f2d9c5a6606c96e1eaaf44984fa9a9a630157da52492f356536e92d6f8896"
"persona/validation/tasks/probe-chat_code-naming-verbosity/instruction.md","IGNORE","Phase 0~2의 제품 계약에 필요하지 않음","MIT","none","72a77ad0100474ff72c700261984b2af2d7be7fa8b86447514f84aa8294e3fb6"
"persona/validation/tasks/probe-chat_code-naming-verbosity/persona_strategy.json","IGNORE","Phase 0~2의 제품 계약에 필요하지 않음","MIT","none","e2c75e924fb3c1fbe4fc150bf03571f391187cfed99afe35d8bdee0813254108"
"persona/validation/tasks/probe-chat_code-naming-verbosity/README.md","IGNORE","Phase 0~2의 제품 계약에 필요하지 않음","MIT","none","c85e296483c4b7e009a2e33a6244470272bafe03ad490534955692ba97e0e566"
"persona/validation/tasks/probe-chat_code-naming-verbosity/reporting.json","IGNORE","Phase 0~2의 제품 계약에 필요하지 않음","MIT","none","b0cb46062d4d8ed5c63b25b24e1721bcb4244e583fa3c8a5ad400865b14216e1"
"persona/validation/tasks/probe-chat_code-naming-verbosity/task.toml","IGNORE","Phase 0~2의 제품 계약에 필요하지 않음","MIT","none","55ac1c66513281e9c9d164cc98d6699eda00942f94e5083e5aba7a5ff30c4304"
"persona/validation/tasks/probe-chat_code-naming-verbosity/tests/test_state.py","IGNORE","Phase 0~2의 제품 계약에 필요하지 않음","MIT","none","0a24bdac12c3c8cdccc2cb31c1898ce78ee50d4889c59558fb7a3743a11c186a"
"persona/validation/tasks/probe-chat_code-naming-verbosity/tests/test.sh","IGNORE","Phase 0~2의 제품 계약에 필요하지 않음","MIT","none","038cafe57abc8dfb462adc2d973c3a9a71bf4dae98856f5cd42abb40520cef66"
"persona/validation/tasks/probe-chat_code-naming-verbosity/tests/verifier_env.sh","IGNORE","Phase 0~2의 제품 계약에 필요하지 않음","MIT","none","cf416f6549fa597a704734fb414495ad751f8b222b765070d5f34e20ed0fcf5c"
"persona/validation/tasks/probe-chat_code-summary-documentation/input/chatbot.yaml","IGNORE","Phase 0~2의 제품 계약에 필요하지 않음","MIT","none","3f0607aad10c530051ee557a3f4bd478f1f9ee4fe71969bacf98d7d4b7aad9c1"
"persona/validation/tasks/probe-chat_code-summary-documentation/input/context.md","IGNORE","Phase 0~2의 제품 계약에 필요하지 않음","MIT","none","2070e024cda7b0d03bc52a0d9adc80d31dbbee184f5bd3b0c1328e77a503a820"
"persona/validation/tasks/probe-chat_code-summary-documentation/input/protocol.md","IGNORE","Phase 0~2의 제품 계약에 필요하지 않음","MIT","none","17967c9b91d4fa6660657e0bc124fde89add66161f3da89aae4c8fb4bf9e067b"
"persona/validation/tasks/probe-chat_code-summary-documentation/input/self_report_schema.yaml","IGNORE","Phase 0~2의 제품 계약에 필요하지 않음","MIT","none","3ea66883f2f27b798f4edb224d38603b414e7dca98ed25640813d7b9ddc13c63"
"persona/validation/tasks/probe-chat_code-summary-documentation/instruction.md","IGNORE","Phase 0~2의 제품 계약에 필요하지 않음","MIT","none","01468c089735a280d5699f435a5247c9ec33fccb8a1ac28f963d7e3980b578d9"
"persona/validation/tasks/probe-chat_code-summary-documentation/persona_strategy.json","IGNORE","Phase 0~2의 제품 계약에 필요하지 않음","MIT","none","0573f61dc50ede51e53d845a0541fe22ed49745810022e0d064a8a7fb9bf1d5a"
"persona/validation/tasks/probe-chat_code-summary-documentation/README.md","IGNORE","Phase 0~2의 제품 계약에 필요하지 않음","MIT","none","5bed218bc996720b7f72ee39d9ae3654ae7b5b3928e0d86b9bfe669ac7d93f4c"
"persona/validation/tasks/probe-chat_code-summary-documentation/reporting.json","IGNORE","Phase 0~2의 제품 계약에 필요하지 않음","MIT","none","b0cb46062d4d8ed5c63b25b24e1721bcb4244e583fa3c8a5ad400865b14216e1"
"persona/validation/tasks/probe-chat_code-summary-documentation/task.toml","IGNORE","Phase 0~2의 제품 계약에 필요하지 않음","MIT","none","19e21070ae49acc3e11cbc46621b61df506c0d554f300d421cfb69c40f81f9fb"
"persona/validation/tasks/probe-chat_code-summary-documentation/tests/test_state.py","IGNORE","Phase 0~2의 제품 계약에 필요하지 않음","MIT","none","0a24bdac12c3c8cdccc2cb31c1898ce78ee50d4889c59558fb7a3743a11c186a"
"persona/validation/tasks/probe-chat_code-summary-documentation/tests/test.sh","IGNORE","Phase 0~2의 제품 계약에 필요하지 않음","MIT","none","038cafe57abc8dfb462adc2d973c3a9a71bf4dae98856f5cd42abb40520cef66"
"persona/validation/tasks/probe-chat_code-summary-documentation/tests/verifier_env.sh","IGNORE","Phase 0~2의 제품 계약에 필요하지 않음","MIT","none","cf416f6549fa597a704734fb414495ad751f8b222b765070d5f34e20ed0fcf5c"
"persona/validation/tasks/probe-chat_cog-emoji-use/input/chatbot.yaml","IGNORE","Phase 0~2의 제품 계약에 필요하지 않음","MIT","none","3f0607aad10c530051ee557a3f4bd478f1f9ee4fe71969bacf98d7d4b7aad9c1"
"persona/validation/tasks/probe-chat_cog-emoji-use/input/context.md","IGNORE","Phase 0~2의 제품 계약에 필요하지 않음","MIT","none","0d995a1d3f6d11d017282d9da4bf80ac6323973e551f22ade60dcbcf20e6c373"
"persona/validation/tasks/probe-chat_cog-emoji-use/input/protocol.md","IGNORE","Phase 0~2의 제품 계약에 필요하지 않음","MIT","none","521a120d726d5abc79acb752f5eb3c897326d2b20e9e3f06b4816ca2d7fd4d74"
"persona/validation/tasks/probe-chat_cog-emoji-use/input/self_report_schema.yaml","IGNORE","Phase 0~2의 제품 계약에 필요하지 않음","MIT","none","916f2d9c5a6606c96e1eaaf44984fa9a9a630157da52492f356536e92d6f8896"
"persona/validation/tasks/probe-chat_cog-emoji-use/instruction.md","IGNORE","Phase 0~2의 제품 계약에 필요하지 않음","MIT","none","ccbc31ae51a9222be3fc0afc19196100d06f2b804fd56d21c979dd11b95ea45b"
"persona/validation/tasks/probe-chat_cog-emoji-use/persona_strategy.json","IGNORE","Phase 0~2의 제품 계약에 필요하지 않음","MIT","none","1f023f455a433ec2178b3ba2a389c89b6ffb81e33fc73a7e229b8d2a5cf102de"
"persona/validation/tasks/probe-chat_cog-emoji-use/README.md","IGNORE","Phase 0~2의 제품 계약에 필요하지 않음","MIT","none","6d9b38508a617dee1755dd619343c0eec90f1aa8d0ff725290e1def3f68743ff"
"persona/validation/tasks/probe-chat_cog-emoji-use/reporting.json","IGNORE","Phase 0~2의 제품 계약에 필요하지 않음","MIT","none","b0cb46062d4d8ed5c63b25b24e1721bcb4244e583fa3c8a5ad400865b14216e1"
"persona/validation/tasks/probe-chat_cog-emoji-use/task.toml","IGNORE","Phase 0~2의 제품 계약에 필요하지 않음","MIT","none","8cdc3ae0333ce1be8b632ff29f9f41d77a1371ba030715007efa89eabf08a3e4"
"persona/validation/tasks/probe-chat_cog-emoji-use/tests/test_state.py","IGNORE","Phase 0~2의 제품 계약에 필요하지 않음","MIT","none","0a24bdac12c3c8cdccc2cb31c1898ce78ee50d4889c59558fb7a3743a11c186a"
"persona/validation/tasks/probe-chat_cog-emoji-use/tests/test.sh","IGNORE","Phase 0~2의 제품 계약에 필요하지 않음","MIT","none","038cafe57abc8dfb462adc2d973c3a9a71bf4dae98856f5cd42abb40520cef66"
"persona/validation/tasks/probe-chat_cog-emoji-use/tests/verifier_env.sh","IGNORE","Phase 0~2의 제품 계약에 필요하지 않음","MIT","none","cf416f6549fa597a704734fb414495ad751f8b222b765070d5f34e20ed0fcf5c"
"persona/validation/tasks/probe-chat_cog-humor/input/chatbot.yaml","IGNORE","Phase 0~2의 제품 계약에 필요하지 않음","MIT","none","3f0607aad10c530051ee557a3f4bd478f1f9ee4fe71969bacf98d7d4b7aad9c1"
"persona/validation/tasks/probe-chat_cog-humor/input/context.md","IGNORE","Phase 0~2의 제품 계약에 필요하지 않음","MIT","none","af1883383e34f30ec40f08c7be130187e8d42f4f07194f5456b3551f267d96bd"
"persona/validation/tasks/probe-chat_cog-humor/input/protocol.md","IGNORE","Phase 0~2의 제품 계약에 필요하지 않음","MIT","none","d7ae848a1e1d14c01df037640c519eec525bd091a72c498be012a997ae08f67d"
"persona/validation/tasks/probe-chat_cog-humor/input/self_report_schema.yaml","IGNORE","Phase 0~2의 제품 계약에 필요하지 않음","MIT","none","916f2d9c5a6606c96e1eaaf44984fa9a9a630157da52492f356536e92d6f8896"
"persona/validation/tasks/probe-chat_cog-humor/instruction.md","IGNORE","Phase 0~2의 제품 계약에 필요하지 않음","MIT","none","6f5bc00bfe6b149ace5d65212b984df178f4c4304e446bc8632b6bc2f9520ecb"
"persona/validation/tasks/probe-chat_cog-humor/persona_strategy.json","IGNORE","Phase 0~2의 제품 계약에 필요하지 않음","MIT","none","7409422f0c6ef5048b5a68b1668951f3e01ec68026de259f433e8e78d409fb15"
"persona/validation/tasks/probe-chat_cog-humor/README.md","IGNORE","Phase 0~2의 제품 계약에 필요하지 않음","MIT","none","dd55c32d443b56cda1044c762cefdc01ca799cdce8e811ff67d15fc0db837cf4"
"persona/validation/tasks/probe-chat_cog-humor/reporting.json","IGNORE","Phase 0~2의 제품 계약에 필요하지 않음","MIT","none","b0cb46062d4d8ed5c63b25b24e1721bcb4244e583fa3c8a5ad400865b14216e1"
"persona/validation/tasks/probe-chat_cog-humor/task.toml","IGNORE","Phase 0~2의 제품 계약에 필요하지 않음","MIT","none","2e563589c6d8079d8a0ab48a4dbe1dac53b86f9fbaaf0d3877f8bd0688d58913"
"persona/validation/tasks/probe-chat_cog-humor/tests/test_state.py","IGNORE","Phase 0~2의 제품 계약에 필요하지 않음","MIT","none","0a24bdac12c3c8cdccc2cb31c1898ce78ee50d4889c59558fb7a3743a11c186a"
"persona/validation/tasks/probe-chat_cog-humor/tests/test.sh","IGNORE","Phase 0~2의 제품 계약에 필요하지 않음","MIT","none","038cafe57abc8dfb462adc2d973c3a9a71bf4dae98856f5cd42abb40520cef66"
"persona/validation/tasks/probe-chat_cog-humor/tests/verifier_env.sh","IGNORE","Phase 0~2의 제품 계약에 필요하지 않음","MIT","none","cf416f6549fa597a704734fb414495ad751f8b222b765070d5f34e20ed0fcf5c"
"persona/validation/tasks/probe-chat_cog-politeness/input/chatbot.yaml","IGNORE","Phase 0~2의 제품 계약에 필요하지 않음","MIT","none","3f0607aad10c530051ee557a3f4bd478f1f9ee4fe71969bacf98d7d4b7aad9c1"
"persona/validation/tasks/probe-chat_cog-politeness/input/context.md","IGNORE","Phase 0~2의 제품 계약에 필요하지 않음","MIT","none","78a01448fb138aa7643e90419cfd658f761270828664d8381f716c095574e0e6"
"persona/validation/tasks/probe-chat_cog-politeness/input/protocol.md","IGNORE","Phase 0~2의 제품 계약에 필요하지 않음","MIT","none","48f83cfb196bd5ffa96ad2409ecfa5c5dc63e6dd62461cd0d2e7330231ad36a3"
"persona/validation/tasks/probe-chat_cog-politeness/input/self_report_schema.yaml","IGNORE","Phase 0~2의 제품 계약에 필요하지 않음","MIT","none","916f2d9c5a6606c96e1eaaf44984fa9a9a630157da52492f356536e92d6f8896"
"persona/validation/tasks/probe-chat_cog-politeness/instruction.md","IGNORE","Phase 0~2의 제품 계약에 필요하지 않음","MIT","none","7d5348415853448e15c07e29044e38e4d3c2ae68a3e24454a608f41db280492e"
"persona/validation/tasks/probe-chat_cog-politeness/persona_strategy.json","IGNORE","Phase 0~2의 제품 계약에 필요하지 않음","MIT","none","b05a67f4ad137ee8d08a0fdc63d23bdedc76ee1103f96e99cb0e82e07669232a"
"persona/validation/tasks/probe-chat_cog-politeness/README.md","IGNORE","Phase 0~2의 제품 계약에 필요하지 않음","MIT","none","d25411f480cd23211db98ca1428b9246c8403cc26f7bfea9b1e2bebb4db000e0"
"persona/validation/tasks/probe-chat_cog-politeness/reporting.json","IGNORE","Phase 0~2의 제품 계약에 필요하지 않음","MIT","none","b0cb46062d4d8ed5c63b25b24e1721bcb4244e583fa3c8a5ad400865b14216e1"
"persona/validation/tasks/probe-chat_cog-politeness/task.toml","IGNORE","Phase 0~2의 제품 계약에 필요하지 않음","MIT","none","ae06dec79f9a50b86e724079b7c2d9cf86cb23bdce8f06400f907a857de494f8"
"persona/validation/tasks/probe-chat_cog-politeness/tests/test_state.py","IGNORE","Phase 0~2의 제품 계약에 필요하지 않음","MIT","none","0a24bdac12c3c8cdccc2cb31c1898ce78ee50d4889c59558fb7a3743a11c186a"
"persona/validation/tasks/probe-chat_cog-politeness/tests/test.sh","IGNORE","Phase 0~2의 제품 계약에 필요하지 않음","MIT","none","038cafe57abc8dfb462adc2d973c3a9a71bf4dae98856f5cd42abb40520cef66"
"persona/validation/tasks/probe-chat_cog-politeness/tests/verifier_env.sh","IGNORE","Phase 0~2의 제품 계약에 필요하지 않음","MIT","none","cf416f6549fa597a704734fb414495ad751f8b222b765070d5f34e20ed0fcf5c"
"persona/validation/tasks/probe-chat_cog-storytelling/input/chatbot.yaml","IGNORE","Phase 0~2의 제품 계약에 필요하지 않음","MIT","none","3f0607aad10c530051ee557a3f4bd478f1f9ee4fe71969bacf98d7d4b7aad9c1"
"persona/validation/tasks/probe-chat_cog-storytelling/input/context.md","IGNORE","Phase 0~2의 제품 계약에 필요하지 않음","MIT","none","3e997cb8788293c5da9b6c886005361cb3f25bfe0b9072abb9122dc1fd04eeb9"
"persona/validation/tasks/probe-chat_cog-storytelling/input/protocol.md","IGNORE","Phase 0~2의 제품 계약에 필요하지 않음","MIT","none","599d5c080f2a00e11269cd6acf0e57484f69f0a37ceec4e1b3ef0c6696ee41ec"
"persona/validation/tasks/probe-chat_cog-storytelling/input/self_report_schema.yaml","IGNORE","Phase 0~2의 제품 계약에 필요하지 않음","MIT","none","53d041b8574bb068335f561a26779f8b9477ca5aa75edd3212c247f5d0e47284"
"persona/validation/tasks/probe-chat_cog-storytelling/instruction.md","IGNORE","Phase 0~2의 제품 계약에 필요하지 않음","MIT","none","e4ee36c7494b8d8ff399f22c7359d4e02707aa47c540fb0017279270561d7f62"
"persona/validation/tasks/probe-chat_cog-storytelling/persona_strategy.json","IGNORE","Phase 0~2의 제품 계약에 필요하지 않음","MIT","none","bc65d3e986caeb31e719398eb69df077602008b2710ec9acfa96e0b99ddbf7fe"
"persona/validation/tasks/probe-chat_cog-storytelling/README.md","IGNORE","Phase 0~2의 제품 계약에 필요하지 않음","MIT","none","594e85792c3f5112dce963676ffdbf8675ee2693ed31776de3fcf259ba4d36dc"
"persona/validation/tasks/probe-chat_cog-storytelling/reporting.json","IGNORE","Phase 0~2의 제품 계약에 필요하지 않음","MIT","none","b0cb46062d4d8ed5c63b25b24e1721bcb4244e583fa3c8a5ad400865b14216e1"
"persona/validation/tasks/probe-chat_cog-storytelling/task.toml","IGNORE","Phase 0~2의 제품 계약에 필요하지 않음","MIT","none","992363afbede025eb1a5a74561d8c1823f2522f4e2874bdb0dc66a80e8c46f6f"
"persona/validation/tasks/probe-chat_cog-storytelling/tests/test_state.py","IGNORE","Phase 0~2의 제품 계약에 필요하지 않음","MIT","none","0a24bdac12c3c8cdccc2cb31c1898ce78ee50d4889c59558fb7a3743a11c186a"
"persona/validation/tasks/probe-chat_cog-storytelling/tests/test.sh","IGNORE","Phase 0~2의 제품 계약에 필요하지 않음","MIT","none","038cafe57abc8dfb462adc2d973c3a9a71bf4dae98856f5cd42abb40520cef66"
"persona/validation/tasks/probe-chat_cog-storytelling/tests/verifier_env.sh","IGNORE","Phase 0~2의 제품 계약에 필요하지 않음","MIT","none","cf416f6549fa597a704734fb414495ad751f8b222b765070d5f34e20ed0fcf5c"
"persona/validation/tasks/probe-chat_cog-use-of-jargon/input/chatbot.yaml","IGNORE","Phase 0~2의 제품 계약에 필요하지 않음","MIT","none","3f0607aad10c530051ee557a3f4bd478f1f9ee4fe71969bacf98d7d4b7aad9c1"
"persona/validation/tasks/probe-chat_cog-use-of-jargon/input/context.md","IGNORE","Phase 0~2의 제품 계약에 필요하지 않음","MIT","none","56210f9106f4101f7053a13071342539bac358391b086bc471db9f816d2afb9c"
"persona/validation/tasks/probe-chat_cog-use-of-jargon/input/protocol.md","IGNORE","Phase 0~2의 제품 계약에 필요하지 않음","MIT","none","c81deeb4e6c8821c5e397b13ff0ac289c273dcf504353a432746214bf84a21bf"
"persona/validation/tasks/probe-chat_cog-use-of-jargon/input/self_report_schema.yaml","IGNORE","Phase 0~2의 제품 계약에 필요하지 않음","MIT","none","51d6eb3c9874846a3a31bb344247e2c4be5e2b5a46b7f26516f8092cf83ec7b9"
"persona/validation/tasks/probe-chat_cog-use-of-jargon/instruction.md","IGNORE","Phase 0~2의 제품 계약에 필요하지 않음","MIT","none","fab0a705442c0d58d118af106648f58174d5fb916f23c4abd4001419379f3a77"
"persona/validation/tasks/probe-chat_cog-use-of-jargon/persona_strategy.json","IGNORE","Phase 0~2의 제품 계약에 필요하지 않음","MIT","none","6da108fd0cbf2945d8bf11598af24025b066a8cc6ed0a179b10f297f78e40d4c"
"persona/validation/tasks/probe-chat_cog-use-of-jargon/README.md","IGNORE","Phase 0~2의 제품 계약에 필요하지 않음","MIT","none","dfb939b7e03ee5f15b5838f6b7f2c16473531563860f4723356f0491742d94ae"
"persona/validation/tasks/probe-chat_cog-use-of-jargon/reporting.json","IGNORE","Phase 0~2의 제품 계약에 필요하지 않음","MIT","none","b0cb46062d4d8ed5c63b25b24e1721bcb4244e583fa3c8a5ad400865b14216e1"
"persona/validation/tasks/probe-chat_cog-use-of-jargon/task.toml","IGNORE","Phase 0~2의 제품 계약에 필요하지 않음","MIT","none","c785dba455171045a3701df1452f5c23e280353e23da431520cd6f113e8dc976"
"persona/validation/tasks/probe-chat_cog-use-of-jargon/tests/test_state.py","IGNORE","Phase 0~2의 제품 계약에 필요하지 않음","MIT","none","0a24bdac12c3c8cdccc2cb31c1898ce78ee50d4889c59558fb7a3743a11c186a"
"persona/validation/tasks/probe-chat_cog-use-of-jargon/tests/test.sh","IGNORE","Phase 0~2의 제품 계약에 필요하지 않음","MIT","none","038cafe57abc8dfb462adc2d973c3a9a71bf4dae98856f5cd42abb40520cef66"
"persona/validation/tasks/probe-chat_cog-use-of-jargon/tests/verifier_env.sh","IGNORE","Phase 0~2의 제품 계약에 필요하지 않음","MIT","none","cf416f6549fa597a704734fb414495ad751f8b222b765070d5f34e20ed0fcf5c"
"persona/validation/tasks/probe-chat_cog-verbosity/input/chatbot.yaml","IGNORE","Phase 0~2의 제품 계약에 필요하지 않음","MIT","none","3f0607aad10c530051ee557a3f4bd478f1f9ee4fe71969bacf98d7d4b7aad9c1"
"persona/validation/tasks/probe-chat_cog-verbosity/input/context.md","IGNORE","Phase 0~2의 제품 계약에 필요하지 않음","MIT","none","50eca8f4fb1f790dcb9e47ce285dee0764b19ceac4a5a25244604d0162aabccf"
"persona/validation/tasks/probe-chat_cog-verbosity/input/protocol.md","IGNORE","Phase 0~2의 제품 계약에 필요하지 않음","MIT","none","45e57f3806c8bb18990d57993a4f17c70825b3d18720d0f9b41622a4e32ef1a6"
"persona/validation/tasks/probe-chat_cog-verbosity/input/self_report_schema.yaml","IGNORE","Phase 0~2의 제품 계약에 필요하지 않음","MIT","none","ffb868c53449d098e7a6a6f530b7f7bca6ac8ba5c20e2fcaad4284edc3b2abb9"
"persona/validation/tasks/probe-chat_cog-verbosity/instruction.md","IGNORE","Phase 0~2의 제품 계약에 필요하지 않음","MIT","none","2b4ba4941dab76a09b37e8c524834c9f8003f8cec544922cae2534627bb45c94"
"persona/validation/tasks/probe-chat_cog-verbosity/persona_strategy.json","IGNORE","Phase 0~2의 제품 계약에 필요하지 않음","MIT","none","3469a9d6b4d59f26fe8cad52faf65607c3b0d7fa1019a041aff8704d90f1fcbc"
"persona/validation/tasks/probe-chat_cog-verbosity/README.md","IGNORE","Phase 0~2의 제품 계약에 필요하지 않음","MIT","none","61c2c23590603aaabceb23567ab15b3ae6fd469f1b27a005381529dfec99bcf3"
"persona/validation/tasks/probe-chat_cog-verbosity/reporting.json","IGNORE","Phase 0~2의 제품 계약에 필요하지 않음","MIT","none","b0cb46062d4d8ed5c63b25b24e1721bcb4244e583fa3c8a5ad400865b14216e1"
"persona/validation/tasks/probe-chat_cog-verbosity/task.toml","IGNORE","Phase 0~2의 제품 계약에 필요하지 않음","MIT","none","85c2e9c504391aec5f8e13548b5cb7f69648741d764d6ebd7c54f276a2a1cf55"
"persona/validation/tasks/probe-chat_cog-verbosity/tests/test_state.py","IGNORE","Phase 0~2의 제품 계약에 필요하지 않음","MIT","none","0a24bdac12c3c8cdccc2cb31c1898ce78ee50d4889c59558fb7a3743a11c186a"
"persona/validation/tasks/probe-chat_cog-verbosity/tests/test.sh","IGNORE","Phase 0~2의 제품 계약에 필요하지 않음","MIT","none","038cafe57abc8dfb462adc2d973c3a9a71bf4dae98856f5cd42abb40520cef66"
"persona/validation/tasks/probe-chat_cog-verbosity/tests/verifier_env.sh","IGNORE","Phase 0~2의 제품 계약에 필요하지 않음","MIT","none","cf416f6549fa597a704734fb414495ad751f8b222b765070d5f34e20ed0fcf5c"
"persona/validation/tasks/probe-chat_register/input/chatbot.yaml","IGNORE","Phase 0~2의 제품 계약에 필요하지 않음","MIT","none","3f0607aad10c530051ee557a3f4bd478f1f9ee4fe71969bacf98d7d4b7aad9c1"
"persona/validation/tasks/probe-chat_register/input/context.md","IGNORE","Phase 0~2의 제품 계약에 필요하지 않음","MIT","none","29e3a150f8b4e8a1f2ba1ee48fffc80df5252ef53cc58f849d23e767db4561fe"
"persona/validation/tasks/probe-chat_register/input/protocol.md","IGNORE","Phase 0~2의 제품 계약에 필요하지 않음","MIT","none","12011b003ac95949c49df34df4be297f249479b77600d10b5dde3e29805027a5"
"persona/validation/tasks/probe-chat_register/input/self_report_schema.yaml","IGNORE","Phase 0~2의 제품 계약에 필요하지 않음","MIT","none","916f2d9c5a6606c96e1eaaf44984fa9a9a630157da52492f356536e92d6f8896"
"persona/validation/tasks/probe-chat_register/instruction.md","IGNORE","Phase 0~2의 제품 계약에 필요하지 않음","MIT","none","75cc35ea80c621587b0198a62089aa7c1c936fdb321b2bc0da711d0ff70c0ce4"
"persona/validation/tasks/probe-chat_register/persona_strategy.json","IGNORE","Phase 0~2의 제품 계약에 필요하지 않음","MIT","none","1320b79a72652b87da874f68c63e788831c4a461e3a23859f3aa2e1dbeb538bf"
"persona/validation/tasks/probe-chat_register/README.md","IGNORE","Phase 0~2의 제품 계약에 필요하지 않음","MIT","none","f4820a87c61bd31012ba374c8cdb8c0c7157302cc84535173736e0473ecf1503"
"persona/validation/tasks/probe-chat_register/reporting.json","IGNORE","Phase 0~2의 제품 계약에 필요하지 않음","MIT","none","b0cb46062d4d8ed5c63b25b24e1721bcb4244e583fa3c8a5ad400865b14216e1"
"persona/validation/tasks/probe-chat_register/task.toml","IGNORE","Phase 0~2의 제품 계약에 필요하지 않음","MIT","none","dabd8e10d3dd5229c5f19ff71a0661ad09acc54155b6c58ca8a433a9dc90ed71"
"persona/validation/tasks/probe-chat_register/tests/test_state.py","IGNORE","Phase 0~2의 제품 계약에 필요하지 않음","MIT","none","0a24bdac12c3c8cdccc2cb31c1898ce78ee50d4889c59558fb7a3743a11c186a"
"persona/validation/tasks/probe-chat_register/tests/test.sh","IGNORE","Phase 0~2의 제품 계약에 필요하지 않음","MIT","none","038cafe57abc8dfb462adc2d973c3a9a71bf4dae98856f5cd42abb40520cef66"
"persona/validation/tasks/probe-chat_register/tests/verifier_env.sh","IGNORE","Phase 0~2의 제품 계약에 필요하지 않음","MIT","none","cf416f6549fa597a704734fb414495ad751f8b222b765070d5f34e20ed0fcf5c"
"persona/validation/tasks/probe-osapp-linux_code-comment-style/input/context.md","IGNORE","Phase 0~2의 제품 계약에 필요하지 않음","MIT","none","08e0f3057a7dcd25f44a474d69acc3f8c01d1e16ada4665d56025670e534c2ba"
"persona/validation/tasks/probe-osapp-linux_code-comment-style/instruction.md","IGNORE","Phase 0~2의 제품 계약에 필요하지 않음","MIT","none","5d7cd7b22400fcd949a854d39f811960d61ec3711532af68d294f1078c02a7db"
"persona/validation/tasks/probe-osapp-linux_code-comment-style/persona_strategy.json","IGNORE","Phase 0~2의 제품 계약에 필요하지 않음","MIT","none","ac4ac60e4ddfdbd84522c665672e4954773d506d9047739daa06898f7cce41a0"
"persona/validation/tasks/probe-osapp-linux_code-comment-style/README.md","IGNORE","Phase 0~2의 제품 계약에 필요하지 않음","MIT","none","4a2a786ad5da26f1379f861b489caeb7ee4ef0ae29a4e8b5658b035b9b3cf71f"
"persona/validation/tasks/probe-osapp-linux_code-comment-style/reporting.json","IGNORE","Phase 0~2의 제품 계약에 필요하지 않음","MIT","none","fcae1ff430f518f52228912543f81431df1b8d95c0a1385ac8301db736abdb9c"
"persona/validation/tasks/probe-osapp-linux_code-comment-style/task.toml","IGNORE","Phase 0~2의 제품 계약에 필요하지 않음","MIT","none","121cb2b0a1e361473f85b644ea379d31533ca251ef1d7aec01913ddbb2b89203"
"persona/validation/tasks/probe-osapp-linux_code-comment-style/tests/test.sh","IGNORE","Phase 0~2의 제품 계약에 필요하지 않음","MIT","none","5cee257b895319b247e4c1fb24129fe4c9932886c99eaed2eb0fd84536b6f334"
"persona/validation/tasks/probe-osapp-linux_code-comment-style/tests/verifier_env.sh","IGNORE","Phase 0~2의 제품 계약에 필요하지 않음","MIT","none","f266d82a3c32a0f2196ae3f0e54fc24cd1a61443a92e8f18941363f338dc8a9f"
"persona/validation/tasks/probe-osapp-linux_code-naming-verbosity/input/context.md","IGNORE","Phase 0~2의 제품 계약에 필요하지 않음","MIT","none","08e0f3057a7dcd25f44a474d69acc3f8c01d1e16ada4665d56025670e534c2ba"
"persona/validation/tasks/probe-osapp-linux_code-naming-verbosity/instruction.md","IGNORE","Phase 0~2의 제품 계약에 필요하지 않음","MIT","none","0356ad80c6d2f3f4432a6544563a3e69301d5aa4bf44d20c924c46c6adbfc2de"
"persona/validation/tasks/probe-osapp-linux_code-naming-verbosity/persona_strategy.json","IGNORE","Phase 0~2의 제품 계약에 필요하지 않음","MIT","none","e2c75e924fb3c1fbe4fc150bf03571f391187cfed99afe35d8bdee0813254108"
"persona/validation/tasks/probe-osapp-linux_code-naming-verbosity/README.md","IGNORE","Phase 0~2의 제품 계약에 필요하지 않음","MIT","none","f74b93abbf23aec71034af5ecbd2c42b47cf2b4f25ac82799151948afd77c3bc"
"persona/validation/tasks/probe-osapp-linux_code-naming-verbosity/reporting.json","IGNORE","Phase 0~2의 제품 계약에 필요하지 않음","MIT","none","fcae1ff430f518f52228912543f81431df1b8d95c0a1385ac8301db736abdb9c"
"persona/validation/tasks/probe-osapp-linux_code-naming-verbosity/task.toml","IGNORE","Phase 0~2의 제품 계약에 필요하지 않음","MIT","none","dc07a25d26990ac28cbbe8b5103914376f62869bb13015cf5bf76e7620012f2f"
"persona/validation/tasks/probe-osapp-linux_code-naming-verbosity/tests/test.sh","IGNORE","Phase 0~2의 제품 계약에 필요하지 않음","MIT","none","74712fea77f9468f6a2f1f1b571076db50911e67b57f44057ea8ee70ffdfadef"
"persona/validation/tasks/probe-osapp-linux_code-naming-verbosity/tests/verifier_env.sh","IGNORE","Phase 0~2의 제품 계약에 필요하지 않음","MIT","none","f266d82a3c32a0f2196ae3f0e54fc24cd1a61443a92e8f18941363f338dc8a9f"
"persona/validation/tasks/probe-osapp-linux_code-summary-documentation/input/context.md","IGNORE","Phase 0~2의 제품 계약에 필요하지 않음","MIT","none","08e0f3057a7dcd25f44a474d69acc3f8c01d1e16ada4665d56025670e534c2ba"
"persona/validation/tasks/probe-osapp-linux_code-summary-documentation/instruction.md","IGNORE","Phase 0~2의 제품 계약에 필요하지 않음","MIT","none","8cf79d973edbdf2887b61009fdc2cb001a1a49b282129b11108a29881675d3b2"
"persona/validation/tasks/probe-osapp-linux_code-summary-documentation/persona_strategy.json","IGNORE","Phase 0~2의 제품 계약에 필요하지 않음","MIT","none","0573f61dc50ede51e53d845a0541fe22ed49745810022e0d064a8a7fb9bf1d5a"
"persona/validation/tasks/probe-osapp-linux_code-summary-documentation/README.md","IGNORE","Phase 0~2의 제품 계약에 필요하지 않음","MIT","none","19a535497ae600a2db7b405931604b4acc82e9da25f2eb5bc7efde11cd91e5a7"
"persona/validation/tasks/probe-osapp-linux_code-summary-documentation/reporting.json","IGNORE","Phase 0~2의 제품 계약에 필요하지 않음","MIT","none","fcae1ff430f518f52228912543f81431df1b8d95c0a1385ac8301db736abdb9c"
"persona/validation/tasks/probe-osapp-linux_code-summary-documentation/task.toml","IGNORE","Phase 0~2의 제품 계약에 필요하지 않음","MIT","none","94bd5cc370c49ebb8fe45caaac2795129598abbf9b8f52d5633038fa13082685"
"persona/validation/tasks/probe-osapp-linux_code-summary-documentation/tests/test.sh","IGNORE","Phase 0~2의 제품 계약에 필요하지 않음","MIT","none","14c67b7d7653b70f03fa8a59d6103b0ad82413ed095feba3be9dd2ce0454001d"
"persona/validation/tasks/probe-osapp-linux_code-summary-documentation/tests/verifier_env.sh","IGNORE","Phase 0~2의 제품 계약에 필요하지 않음","MIT","none","f266d82a3c32a0f2196ae3f0e54fc24cd1a61443a92e8f18941363f338dc8a9f"
"persona/validation/tasks/probe-osapp-linux_cog-emoji-use/input/context.md","IGNORE","Phase 0~2의 제품 계약에 필요하지 않음","MIT","none","08e0f3057a7dcd25f44a474d69acc3f8c01d1e16ada4665d56025670e534c2ba"
"persona/validation/tasks/probe-osapp-linux_cog-emoji-use/instruction.md","IGNORE","Phase 0~2의 제품 계약에 필요하지 않음","MIT","none","694fc620981f82d7c173880774bcfd2eeb9135ef608bcfad3d36c0111d61aa4c"
"persona/validation/tasks/probe-osapp-linux_cog-emoji-use/persona_strategy.json","IGNORE","Phase 0~2의 제품 계약에 필요하지 않음","MIT","none","1f023f455a433ec2178b3ba2a389c89b6ffb81e33fc73a7e229b8d2a5cf102de"
"persona/validation/tasks/probe-osapp-linux_cog-emoji-use/README.md","IGNORE","Phase 0~2의 제품 계약에 필요하지 않음","MIT","none","068f418ad6a27e866559f2f88746e43932c1c28094df42ceac2b462b455231ab"
"persona/validation/tasks/probe-osapp-linux_cog-emoji-use/reporting.json","IGNORE","Phase 0~2의 제품 계약에 필요하지 않음","MIT","none","fcae1ff430f518f52228912543f81431df1b8d95c0a1385ac8301db736abdb9c"
"persona/validation/tasks/probe-osapp-linux_cog-emoji-use/task.toml","IGNORE","Phase 0~2의 제품 계약에 필요하지 않음","MIT","none","8c7e3514f8ce733758f4bd3d360deae1d1398007f79ba8cd81d8803d5e5538bd"
"persona/validation/tasks/probe-osapp-linux_cog-emoji-use/tests/test.sh","IGNORE","Phase 0~2의 제품 계약에 필요하지 않음","MIT","none","ea6305c7bb0c809335991a09ebcb0ba46870b8a3b7f2150cca0d2b96e90de843"
"persona/validation/tasks/probe-osapp-linux_cog-emoji-use/tests/verifier_env.sh","IGNORE","Phase 0~2의 제품 계약에 필요하지 않음","MIT","none","f266d82a3c32a0f2196ae3f0e54fc24cd1a61443a92e8f18941363f338dc8a9f"
"persona/validation/tasks/probe-osapp-linux_cog-humor/input/context.md","IGNORE","Phase 0~2의 제품 계약에 필요하지 않음","MIT","none","08e0f3057a7dcd25f44a474d69acc3f8c01d1e16ada4665d56025670e534c2ba"
"persona/validation/tasks/probe-osapp-linux_cog-humor/instruction.md","IGNORE","Phase 0~2의 제품 계약에 필요하지 않음","MIT","none","f4534e9e5dbf4cd3e3bb0d95b9a2fec81d668fb0a33cf489778cb6f472c563bd"
"persona/validation/tasks/probe-osapp-linux_cog-humor/persona_strategy.json","IGNORE","Phase 0~2의 제품 계약에 필요하지 않음","MIT","none","7409422f0c6ef5048b5a68b1668951f3e01ec68026de259f433e8e78d409fb15"
"persona/validation/tasks/probe-osapp-linux_cog-humor/README.md","IGNORE","Phase 0~2의 제품 계약에 필요하지 않음","MIT","none","9d655d66307ee73d8cf691912de18a51324f53d74c5bb255c8cfc3e4b22141d2"
"persona/validation/tasks/probe-osapp-linux_cog-humor/reporting.json","IGNORE","Phase 0~2의 제품 계약에 필요하지 않음","MIT","none","fcae1ff430f518f52228912543f81431df1b8d95c0a1385ac8301db736abdb9c"
"persona/validation/tasks/probe-osapp-linux_cog-humor/task.toml","IGNORE","Phase 0~2의 제품 계약에 필요하지 않음","MIT","none","25ce0b8d4bf6d6326ceffca3df69d3c231ccf9e97cae16081a624315c4d53667"
"persona/validation/tasks/probe-osapp-linux_cog-humor/tests/test.sh","IGNORE","Phase 0~2의 제품 계약에 필요하지 않음","MIT","none","ea6305c7bb0c809335991a09ebcb0ba46870b8a3b7f2150cca0d2b96e90de843"
"persona/validation/tasks/probe-osapp-linux_cog-humor/tests/verifier_env.sh","IGNORE","Phase 0~2의 제품 계약에 필요하지 않음","MIT","none","f266d82a3c32a0f2196ae3f0e54fc24cd1a61443a92e8f18941363f338dc8a9f"
"persona/validation/tasks/probe-osapp-linux_cog-politeness/input/context.md","IGNORE","Phase 0~2의 제품 계약에 필요하지 않음","MIT","none","08e0f3057a7dcd25f44a474d69acc3f8c01d1e16ada4665d56025670e534c2ba"
"persona/validation/tasks/probe-osapp-linux_cog-politeness/instruction.md","IGNORE","Phase 0~2의 제품 계약에 필요하지 않음","MIT","none","67c0568b391ed8f578741bcd863030722eadc52e11b7d68420fd849b55330cb1"
"persona/validation/tasks/probe-osapp-linux_cog-politeness/persona_strategy.json","IGNORE","Phase 0~2의 제품 계약에 필요하지 않음","MIT","none","b05a67f4ad137ee8d08a0fdc63d23bdedc76ee1103f96e99cb0e82e07669232a"
"persona/validation/tasks/probe-osapp-linux_cog-politeness/README.md","IGNORE","Phase 0~2의 제품 계약에 필요하지 않음","MIT","none","b88f3014a27888d782c221bbc82c33f9f1aa73047d01282ba02a81a6c4fcfaea"
"persona/validation/tasks/probe-osapp-linux_cog-politeness/reporting.json","IGNORE","Phase 0~2의 제품 계약에 필요하지 않음","MIT","none","fcae1ff430f518f52228912543f81431df1b8d95c0a1385ac8301db736abdb9c"
"persona/validation/tasks/probe-osapp-linux_cog-politeness/task.toml","IGNORE","Phase 0~2의 제품 계약에 필요하지 않음","MIT","none","5873a3dcf546569c8f0f1a9ff3604e0ce97dcb5aec82176bb13c77f3b3d51e91"
"persona/validation/tasks/probe-osapp-linux_cog-politeness/tests/test.sh","IGNORE","Phase 0~2의 제품 계약에 필요하지 않음","MIT","none","ea6305c7bb0c809335991a09ebcb0ba46870b8a3b7f2150cca0d2b96e90de843"
"persona/validation/tasks/probe-osapp-linux_cog-politeness/tests/verifier_env.sh","IGNORE","Phase 0~2의 제품 계약에 필요하지 않음","MIT","none","f266d82a3c32a0f2196ae3f0e54fc24cd1a61443a92e8f18941363f338dc8a9f"
"persona/validation/tasks/probe-osapp-linux_cog-storytelling/input/context.md","IGNORE","Phase 0~2의 제품 계약에 필요하지 않음","MIT","none","08e0f3057a7dcd25f44a474d69acc3f8c01d1e16ada4665d56025670e534c2ba"
"persona/validation/tasks/probe-osapp-linux_cog-storytelling/instruction.md","IGNORE","Phase 0~2의 제품 계약에 필요하지 않음","MIT","none","57cace9ffe3c292195ab59ab8c8783d99313d326abac2192f33d93764bfaceda"
"persona/validation/tasks/probe-osapp-linux_cog-storytelling/persona_strategy.json","IGNORE","Phase 0~2의 제품 계약에 필요하지 않음","MIT","none","bc65d3e986caeb31e719398eb69df077602008b2710ec9acfa96e0b99ddbf7fe"
"persona/validation/tasks/probe-osapp-linux_cog-storytelling/README.md","IGNORE","Phase 0~2의 제품 계약에 필요하지 않음","MIT","none","abcc3b085fab48e19506c4e0336e5a09c3593f125d7895bcce07e03670288f3a"
"persona/validation/tasks/probe-osapp-linux_cog-storytelling/reporting.json","IGNORE","Phase 0~2의 제품 계약에 필요하지 않음","MIT","none","fcae1ff430f518f52228912543f81431df1b8d95c0a1385ac8301db736abdb9c"
"persona/validation/tasks/probe-osapp-linux_cog-storytelling/task.toml","IGNORE","Phase 0~2의 제품 계약에 필요하지 않음","MIT","none","f7e557613c12ff43fef7987823e01e3981f1f74a3d29b928ba0d5e1c4c0bb45d"
"persona/validation/tasks/probe-osapp-linux_cog-storytelling/tests/test.sh","IGNORE","Phase 0~2의 제품 계약에 필요하지 않음","MIT","none","ea6305c7bb0c809335991a09ebcb0ba46870b8a3b7f2150cca0d2b96e90de843"
"persona/validation/tasks/probe-osapp-linux_cog-storytelling/tests/verifier_env.sh","IGNORE","Phase 0~2의 제품 계약에 필요하지 않음","MIT","none","f266d82a3c32a0f2196ae3f0e54fc24cd1a61443a92e8f18941363f338dc8a9f"
"persona/validation/tasks/probe-osapp-linux_cog-use-of-jargon/input/context.md","IGNORE","Phase 0~2의 제품 계약에 필요하지 않음","MIT","none","08e0f3057a7dcd25f44a474d69acc3f8c01d1e16ada4665d56025670e534c2ba"
"persona/validation/tasks/probe-osapp-linux_cog-use-of-jargon/instruction.md","IGNORE","Phase 0~2의 제품 계약에 필요하지 않음","MIT","none","056f6622502c799fc5aca6e1d6524a766bf31692525eaab6d58ec8bbc1148ff9"
"persona/validation/tasks/probe-osapp-linux_cog-use-of-jargon/persona_strategy.json","IGNORE","Phase 0~2의 제품 계약에 필요하지 않음","MIT","none","6da108fd0cbf2945d8bf11598af24025b066a8cc6ed0a179b10f297f78e40d4c"
"persona/validation/tasks/probe-osapp-linux_cog-use-of-jargon/README.md","IGNORE","Phase 0~2의 제품 계약에 필요하지 않음","MIT","none","28d11313346b32fa481d9827b3b015db014107b7b07a3fdbbbc05911c8d247db"
"persona/validation/tasks/probe-osapp-linux_cog-use-of-jargon/reporting.json","IGNORE","Phase 0~2의 제품 계약에 필요하지 않음","MIT","none","fcae1ff430f518f52228912543f81431df1b8d95c0a1385ac8301db736abdb9c"
"persona/validation/tasks/probe-osapp-linux_cog-use-of-jargon/task.toml","IGNORE","Phase 0~2의 제품 계약에 필요하지 않음","MIT","none","fcb8e48fa41a0638021df8745a65b10ebdae7d265543b28685352e7750ea8d77"
"persona/validation/tasks/probe-osapp-linux_cog-use-of-jargon/tests/test.sh","IGNORE","Phase 0~2의 제품 계약에 필요하지 않음","MIT","none","ea6305c7bb0c809335991a09ebcb0ba46870b8a3b7f2150cca0d2b96e90de843"
"persona/validation/tasks/probe-osapp-linux_cog-use-of-jargon/tests/verifier_env.sh","IGNORE","Phase 0~2의 제품 계약에 필요하지 않음","MIT","none","f266d82a3c32a0f2196ae3f0e54fc24cd1a61443a92e8f18941363f338dc8a9f"
"persona/validation/tasks/probe-osapp-linux_cog-verbosity/input/context.md","IGNORE","Phase 0~2의 제품 계약에 필요하지 않음","MIT","none","08e0f3057a7dcd25f44a474d69acc3f8c01d1e16ada4665d56025670e534c2ba"
"persona/validation/tasks/probe-osapp-linux_cog-verbosity/instruction.md","IGNORE","Phase 0~2의 제품 계약에 필요하지 않음","MIT","none","d0797e32f006a7c7b0c41929d4ef3bcea14e0b4ce4be8bab6d031f8c0d27a28d"
"persona/validation/tasks/probe-osapp-linux_cog-verbosity/persona_strategy.json","IGNORE","Phase 0~2의 제품 계약에 필요하지 않음","MIT","none","3469a9d6b4d59f26fe8cad52faf65607c3b0d7fa1019a041aff8704d90f1fcbc"
"persona/validation/tasks/probe-osapp-linux_cog-verbosity/README.md","IGNORE","Phase 0~2의 제품 계약에 필요하지 않음","MIT","none","dd99c17e8822d5c634e918a22c46274e9908be5da9d092d341ca7e718961eb49"
"persona/validation/tasks/probe-osapp-linux_cog-verbosity/reporting.json","IGNORE","Phase 0~2의 제품 계약에 필요하지 않음","MIT","none","fcae1ff430f518f52228912543f81431df1b8d95c0a1385ac8301db736abdb9c"
"persona/validation/tasks/probe-osapp-linux_cog-verbosity/task.toml","IGNORE","Phase 0~2의 제품 계약에 필요하지 않음","MIT","none","d96bd9a65c1c0287b1821a8e0ea690b05dcbc70ce87b9a2c7c7cbc41bc43c5dc"
"persona/validation/tasks/probe-osapp-linux_cog-verbosity/tests/test.sh","IGNORE","Phase 0~2의 제품 계약에 필요하지 않음","MIT","none","ea6305c7bb0c809335991a09ebcb0ba46870b8a3b7f2150cca0d2b96e90de843"
"persona/validation/tasks/probe-osapp-linux_cog-verbosity/tests/verifier_env.sh","IGNORE","Phase 0~2의 제품 계약에 필요하지 않음","MIT","none","f266d82a3c32a0f2196ae3f0e54fc24cd1a61443a92e8f18941363f338dc8a9f"
"persona/validation/tasks/probe-osapp-linux_register/input/context.md","IGNORE","Phase 0~2의 제품 계약에 필요하지 않음","MIT","none","08e0f3057a7dcd25f44a474d69acc3f8c01d1e16ada4665d56025670e534c2ba"
"persona/validation/tasks/probe-osapp-linux_register/instruction.md","IGNORE","Phase 0~2의 제품 계약에 필요하지 않음","MIT","none","1cb5ca19a29d2544392fefdf08fe158ff0530486cdb0844e2fdbf9b5e62feafc"
"persona/validation/tasks/probe-osapp-linux_register/persona_strategy.json","IGNORE","Phase 0~2의 제품 계약에 필요하지 않음","MIT","none","1320b79a72652b87da874f68c63e788831c4a461e3a23859f3aa2e1dbeb538bf"
"persona/validation/tasks/probe-osapp-linux_register/README.md","IGNORE","Phase 0~2의 제품 계약에 필요하지 않음","MIT","none","c021631ea788d421c8b2d4641103f6c34be04747402c8e9e98cfc80921ba897d"
"persona/validation/tasks/probe-osapp-linux_register/reporting.json","IGNORE","Phase 0~2의 제품 계약에 필요하지 않음","MIT","none","fcae1ff430f518f52228912543f81431df1b8d95c0a1385ac8301db736abdb9c"
"persona/validation/tasks/probe-osapp-linux_register/task.toml","IGNORE","Phase 0~2의 제품 계약에 필요하지 않음","MIT","none","ec3a84d6301a63824038ac27297910f6cd39e7e48b4e70dd125db8036c090b4e"
"persona/validation/tasks/probe-osapp-linux_register/tests/test.sh","IGNORE","Phase 0~2의 제품 계약에 필요하지 않음","MIT","none","ea6305c7bb0c809335991a09ebcb0ba46870b8a3b7f2150cca0d2b96e90de843"
"persona/validation/tasks/probe-osapp-linux_register/tests/verifier_env.sh","IGNORE","Phase 0~2의 제품 계약에 필요하지 않음","MIT","none","f266d82a3c32a0f2196ae3f0e54fc24cd1a61443a92e8f18941363f338dc8a9f"
"persona/validation/tasks/probe-survey_code-comment-style/input/context.md","IGNORE","Phase 0~2의 제품 계약에 필요하지 않음","MIT","none","a94e1ab5745f45ec87aecb0834653fb1d07ad10f9112d0d4cad850861832cf1a"
"persona/validation/tasks/probe-survey_code-comment-style/input/questionnaire.yaml","IGNORE","Phase 0~2의 제품 계약에 필요하지 않음","MIT","none","db9667f714d6a00dfeaf3416edee11de139bd152619e66a4c72433244bc0a877"
"persona/validation/tasks/probe-survey_code-comment-style/instruction.md","IGNORE","Phase 0~2의 제품 계약에 필요하지 않음","MIT","none","1f2485fd34f402e68400b0110a7df983561f5794903043e1ec0a26b796c5bcbc"
"persona/validation/tasks/probe-survey_code-comment-style/persona_strategy.json","IGNORE","Phase 0~2의 제품 계약에 필요하지 않음","MIT","none","ac4ac60e4ddfdbd84522c665672e4954773d506d9047739daa06898f7cce41a0"
"persona/validation/tasks/probe-survey_code-comment-style/README.md","IGNORE","Phase 0~2의 제품 계약에 필요하지 않음","MIT","none","886c0f457670ec85cf4a32550028df0f2731b9381dcdcddcb069ed61fc8e9bb7"
"persona/validation/tasks/probe-survey_code-comment-style/reporting.json","IGNORE","Phase 0~2의 제품 계약에 필요하지 않음","MIT","none","fcae1ff430f518f52228912543f81431df1b8d95c0a1385ac8301db736abdb9c"
"persona/validation/tasks/probe-survey_code-comment-style/task.toml","IGNORE","Phase 0~2의 제품 계약에 필요하지 않음","MIT","none","8df1daace52cddc3cdf552b166c453503b35eb530ac1b43987deeb0e5aafd075"
"persona/validation/tasks/probe-survey_code-comment-style/tests/test_state.py","IGNORE","Phase 0~2의 제품 계약에 필요하지 않음","MIT","none","35333f498a23a3579a39cff9eb56c35e98027939ab6841a69ba28c004cd04270"
"persona/validation/tasks/probe-survey_code-comment-style/tests/test.sh","IGNORE","Phase 0~2의 제품 계약에 필요하지 않음","MIT","none","e41c610b60f4b0648dd736614a7d0faf7ce0d2a6a7bef51f936d2413c7f5106e"
"persona/validation/tasks/probe-survey_code-comment-style/tests/verifier_env.sh","IGNORE","Phase 0~2의 제품 계약에 필요하지 않음","MIT","none","cf416f6549fa597a704734fb414495ad751f8b222b765070d5f34e20ed0fcf5c"
"persona/validation/tasks/probe-survey_code-naming-verbosity/input/context.md","IGNORE","Phase 0~2의 제품 계약에 필요하지 않음","MIT","none","a94e1ab5745f45ec87aecb0834653fb1d07ad10f9112d0d4cad850861832cf1a"
"persona/validation/tasks/probe-survey_code-naming-verbosity/input/questionnaire.yaml","IGNORE","Phase 0~2의 제품 계약에 필요하지 않음","MIT","none","ebc3b7bc65f21f94c8c0972e74dfbbf1bb94446c368273780b34c02394e9e216"
"persona/validation/tasks/probe-survey_code-naming-verbosity/instruction.md","IGNORE","Phase 0~2의 제품 계약에 필요하지 않음","MIT","none","1f2485fd34f402e68400b0110a7df983561f5794903043e1ec0a26b796c5bcbc"
"persona/validation/tasks/probe-survey_code-naming-verbosity/persona_strategy.json","IGNORE","Phase 0~2의 제품 계약에 필요하지 않음","MIT","none","e2c75e924fb3c1fbe4fc150bf03571f391187cfed99afe35d8bdee0813254108"
"persona/validation/tasks/probe-survey_code-naming-verbosity/README.md","IGNORE","Phase 0~2의 제품 계약에 필요하지 않음","MIT","none","d7759f3977e9cbe2e5dbdff7836b9154e02e8d7fbdca9d6549903a0f8e0d5937"
"persona/validation/tasks/probe-survey_code-naming-verbosity/reporting.json","IGNORE","Phase 0~2의 제품 계약에 필요하지 않음","MIT","none","fcae1ff430f518f52228912543f81431df1b8d95c0a1385ac8301db736abdb9c"
"persona/validation/tasks/probe-survey_code-naming-verbosity/task.toml","IGNORE","Phase 0~2의 제품 계약에 필요하지 않음","MIT","none","8306e1cc1dec9bddc96d54eda87c3c44a3f3d5baafbb5f63413bbca6db3f666d"
"persona/validation/tasks/probe-survey_code-naming-verbosity/tests/test_state.py","IGNORE","Phase 0~2의 제품 계약에 필요하지 않음","MIT","none","35333f498a23a3579a39cff9eb56c35e98027939ab6841a69ba28c004cd04270"
"persona/validation/tasks/probe-survey_code-naming-verbosity/tests/test.sh","IGNORE","Phase 0~2의 제품 계약에 필요하지 않음","MIT","none","e41c610b60f4b0648dd736614a7d0faf7ce0d2a6a7bef51f936d2413c7f5106e"
"persona/validation/tasks/probe-survey_code-naming-verbosity/tests/verifier_env.sh","IGNORE","Phase 0~2의 제품 계약에 필요하지 않음","MIT","none","cf416f6549fa597a704734fb414495ad751f8b222b765070d5f34e20ed0fcf5c"
"persona/validation/tasks/probe-survey_code-summary-documentation/input/context.md","IGNORE","Phase 0~2의 제품 계약에 필요하지 않음","MIT","none","a94e1ab5745f45ec87aecb0834653fb1d07ad10f9112d0d4cad850861832cf1a"
"persona/validation/tasks/probe-survey_code-summary-documentation/input/questionnaire.yaml","IGNORE","Phase 0~2의 제품 계약에 필요하지 않음","MIT","none","a04f1cfd98f3a1590fe227f5cf37b17112a6783b23e4e28bc5150042472dc118"
"persona/validation/tasks/probe-survey_code-summary-documentation/instruction.md","IGNORE","Phase 0~2의 제품 계약에 필요하지 않음","MIT","none","1f2485fd34f402e68400b0110a7df983561f5794903043e1ec0a26b796c5bcbc"
"persona/validation/tasks/probe-survey_code-summary-documentation/persona_strategy.json","IGNORE","Phase 0~2의 제품 계약에 필요하지 않음","MIT","none","0573f61dc50ede51e53d845a0541fe22ed49745810022e0d064a8a7fb9bf1d5a"
"persona/validation/tasks/probe-survey_code-summary-documentation/README.md","IGNORE","Phase 0~2의 제품 계약에 필요하지 않음","MIT","none","4905c64b26b90790020a3798ef3ba0df2ddda6d0c998efc439860d4c671c4bff"
"persona/validation/tasks/probe-survey_code-summary-documentation/reporting.json","IGNORE","Phase 0~2의 제품 계약에 필요하지 않음","MIT","none","fcae1ff430f518f52228912543f81431df1b8d95c0a1385ac8301db736abdb9c"
"persona/validation/tasks/probe-survey_code-summary-documentation/task.toml","IGNORE","Phase 0~2의 제품 계약에 필요하지 않음","MIT","none","685c494c6f8ce3e6b83eb6283e31ecdb972eaf1e4403dcb419f1dc898e2a7951"
"persona/validation/tasks/probe-survey_code-summary-documentation/tests/test_state.py","IGNORE","Phase 0~2의 제품 계약에 필요하지 않음","MIT","none","35333f498a23a3579a39cff9eb56c35e98027939ab6841a69ba28c004cd04270"
"persona/validation/tasks/probe-survey_code-summary-documentation/tests/test.sh","IGNORE","Phase 0~2의 제품 계약에 필요하지 않음","MIT","none","e41c610b60f4b0648dd736614a7d0faf7ce0d2a6a7bef51f936d2413c7f5106e"
"persona/validation/tasks/probe-survey_code-summary-documentation/tests/verifier_env.sh","IGNORE","Phase 0~2의 제품 계약에 필요하지 않음","MIT","none","cf416f6549fa597a704734fb414495ad751f8b222b765070d5f34e20ed0fcf5c"
"persona/validation/tasks/probe-survey_cog-emoji-use/input/context.md","IGNORE","Phase 0~2의 제품 계약에 필요하지 않음","MIT","none","a94e1ab5745f45ec87aecb0834653fb1d07ad10f9112d0d4cad850861832cf1a"
"persona/validation/tasks/probe-survey_cog-emoji-use/input/questionnaire.yaml","IGNORE","Phase 0~2의 제품 계약에 필요하지 않음","MIT","none","5d15d41fb1bda7dbaf7c985edbe1c4714e34aa8cbc3c586428007254f58b4982"
"persona/validation/tasks/probe-survey_cog-emoji-use/instruction.md","IGNORE","Phase 0~2의 제품 계약에 필요하지 않음","MIT","none","1f2485fd34f402e68400b0110a7df983561f5794903043e1ec0a26b796c5bcbc"
"persona/validation/tasks/probe-survey_cog-emoji-use/persona_strategy.json","IGNORE","Phase 0~2의 제품 계약에 필요하지 않음","MIT","none","1f023f455a433ec2178b3ba2a389c89b6ffb81e33fc73a7e229b8d2a5cf102de"
"persona/validation/tasks/probe-survey_cog-emoji-use/README.md","IGNORE","Phase 0~2의 제품 계약에 필요하지 않음","MIT","none","c9e159f209fe55ebfadcfbce89687c6701d90e26d57ba0b3c08fce234439e01d"
"persona/validation/tasks/probe-survey_cog-emoji-use/reporting.json","IGNORE","Phase 0~2의 제품 계약에 필요하지 않음","MIT","none","fcae1ff430f518f52228912543f81431df1b8d95c0a1385ac8301db736abdb9c"
"persona/validation/tasks/probe-survey_cog-emoji-use/task.toml","IGNORE","Phase 0~2의 제품 계약에 필요하지 않음","MIT","none","0902a19b763c2bcf3fc3d4e8db56ad5c4233c1f9fcdcda8942967de4907fc280"
"persona/validation/tasks/probe-survey_cog-emoji-use/tests/test_state.py","IGNORE","Phase 0~2의 제품 계약에 필요하지 않음","MIT","none","35333f498a23a3579a39cff9eb56c35e98027939ab6841a69ba28c004cd04270"
"persona/validation/tasks/probe-survey_cog-emoji-use/tests/test.sh","IGNORE","Phase 0~2의 제품 계약에 필요하지 않음","MIT","none","e41c610b60f4b0648dd736614a7d0faf7ce0d2a6a7bef51f936d2413c7f5106e"
"persona/validation/tasks/probe-survey_cog-emoji-use/tests/verifier_env.sh","IGNORE","Phase 0~2의 제품 계약에 필요하지 않음","MIT","none","cf416f6549fa597a704734fb414495ad751f8b222b765070d5f34e20ed0fcf5c"
"persona/validation/tasks/probe-survey_cog-humor/input/context.md","IGNORE","Phase 0~2의 제품 계약에 필요하지 않음","MIT","none","a94e1ab5745f45ec87aecb0834653fb1d07ad10f9112d0d4cad850861832cf1a"
"persona/validation/tasks/probe-survey_cog-humor/input/questionnaire.yaml","IGNORE","Phase 0~2의 제품 계약에 필요하지 않음","MIT","none","735678dbba7d053495cd8889cb26b3382663c713fe2038f038b3a9a5446dbe7d"
"persona/validation/tasks/probe-survey_cog-humor/instruction.md","IGNORE","Phase 0~2의 제품 계약에 필요하지 않음","MIT","none","e532822131abb002b8f83c6bfce4e2480f952acf3abfb440646357eae6a9664b"
"persona/validation/tasks/probe-survey_cog-humor/persona_strategy.json","IGNORE","Phase 0~2의 제품 계약에 필요하지 않음","MIT","none","7409422f0c6ef5048b5a68b1668951f3e01ec68026de259f433e8e78d409fb15"
"persona/validation/tasks/probe-survey_cog-humor/README.md","IGNORE","Phase 0~2의 제품 계약에 필요하지 않음","MIT","none","a570781e0c38fb286c1f6915724a6d4817e493a9d36e168e356495af94e15032"
"persona/validation/tasks/probe-survey_cog-humor/reporting.json","IGNORE","Phase 0~2의 제품 계약에 필요하지 않음","MIT","none","fcae1ff430f518f52228912543f81431df1b8d95c0a1385ac8301db736abdb9c"
"persona/validation/tasks/probe-survey_cog-humor/task.toml","IGNORE","Phase 0~2의 제품 계약에 필요하지 않음","MIT","none","0ef7c52a4995dab7b11c8c84b9b67f7751c4bcd6283d7535d8c0b3bb44343b16"
"persona/validation/tasks/probe-survey_cog-humor/tests/test_state.py","IGNORE","Phase 0~2의 제품 계약에 필요하지 않음","MIT","none","35333f498a23a3579a39cff9eb56c35e98027939ab6841a69ba28c004cd04270"
"persona/validation/tasks/probe-survey_cog-humor/tests/test.sh","IGNORE","Phase 0~2의 제품 계약에 필요하지 않음","MIT","none","e41c610b60f4b0648dd736614a7d0faf7ce0d2a6a7bef51f936d2413c7f5106e"
"persona/validation/tasks/probe-survey_cog-humor/tests/verifier_env.sh","IGNORE","Phase 0~2의 제품 계약에 필요하지 않음","MIT","none","cf416f6549fa597a704734fb414495ad751f8b222b765070d5f34e20ed0fcf5c"
"persona/validation/tasks/probe-survey_cog-politeness/input/context.md","IGNORE","Phase 0~2의 제품 계약에 필요하지 않음","MIT","none","a94e1ab5745f45ec87aecb0834653fb1d07ad10f9112d0d4cad850861832cf1a"
"persona/validation/tasks/probe-survey_cog-politeness/input/questionnaire.yaml","IGNORE","Phase 0~2의 제품 계약에 필요하지 않음","MIT","none","12998fca69e3ed71820836d00569b3882cf248a029a42075ffe5b3ad8b598866"
"persona/validation/tasks/probe-survey_cog-politeness/instruction.md","IGNORE","Phase 0~2의 제품 계약에 필요하지 않음","MIT","none","1f2485fd34f402e68400b0110a7df983561f5794903043e1ec0a26b796c5bcbc"
"persona/validation/tasks/probe-survey_cog-politeness/persona_strategy.json","IGNORE","Phase 0~2의 제품 계약에 필요하지 않음","MIT","none","b05a67f4ad137ee8d08a0fdc63d23bdedc76ee1103f96e99cb0e82e07669232a"
"persona/validation/tasks/probe-survey_cog-politeness/README.md","IGNORE","Phase 0~2의 제품 계약에 필요하지 않음","MIT","none","6bb9d53ac55354faf0772c671327197fdb8bf9698e491d554bd2465d971b3747"
"persona/validation/tasks/probe-survey_cog-politeness/reporting.json","IGNORE","Phase 0~2의 제품 계약에 필요하지 않음","MIT","none","fcae1ff430f518f52228912543f81431df1b8d95c0a1385ac8301db736abdb9c"
"persona/validation/tasks/probe-survey_cog-politeness/task.toml","IGNORE","Phase 0~2의 제품 계약에 필요하지 않음","MIT","none","364b5686b1a4b8476933f685f8a36326081f8fe6cd04f352b3985ea247d36986"
"persona/validation/tasks/probe-survey_cog-politeness/tests/test_state.py","IGNORE","Phase 0~2의 제품 계약에 필요하지 않음","MIT","none","35333f498a23a3579a39cff9eb56c35e98027939ab6841a69ba28c004cd04270"
"persona/validation/tasks/probe-survey_cog-politeness/tests/test.sh","IGNORE","Phase 0~2의 제품 계약에 필요하지 않음","MIT","none","e41c610b60f4b0648dd736614a7d0faf7ce0d2a6a7bef51f936d2413c7f5106e"
"persona/validation/tasks/probe-survey_cog-politeness/tests/verifier_env.sh","IGNORE","Phase 0~2의 제품 계약에 필요하지 않음","MIT","none","cf416f6549fa597a704734fb414495ad751f8b222b765070d5f34e20ed0fcf5c"
"persona/validation/tasks/probe-survey_cog-storytelling/input/context.md","IGNORE","Phase 0~2의 제품 계약에 필요하지 않음","MIT","none","a94e1ab5745f45ec87aecb0834653fb1d07ad10f9112d0d4cad850861832cf1a"
"persona/validation/tasks/probe-survey_cog-storytelling/input/questionnaire.yaml","IGNORE","Phase 0~2의 제품 계약에 필요하지 않음","MIT","none","1d1f62d2387a2dec18800170f5997021a5525a35656d781ecb1af3de03a4b82f"
"persona/validation/tasks/probe-survey_cog-storytelling/instruction.md","IGNORE","Phase 0~2의 제품 계약에 필요하지 않음","MIT","none","1f2485fd34f402e68400b0110a7df983561f5794903043e1ec0a26b796c5bcbc"
"persona/validation/tasks/probe-survey_cog-storytelling/persona_strategy.json","IGNORE","Phase 0~2의 제품 계약에 필요하지 않음","MIT","none","bc65d3e986caeb31e719398eb69df077602008b2710ec9acfa96e0b99ddbf7fe"
"persona/validation/tasks/probe-survey_cog-storytelling/README.md","IGNORE","Phase 0~2의 제품 계약에 필요하지 않음","MIT","none","bec45b2cd2b97443d6ddcbfbab80f563dad0537a8b84773e81df659668407938"
"persona/validation/tasks/probe-survey_cog-storytelling/reporting.json","IGNORE","Phase 0~2의 제품 계약에 필요하지 않음","MIT","none","fcae1ff430f518f52228912543f81431df1b8d95c0a1385ac8301db736abdb9c"
"persona/validation/tasks/probe-survey_cog-storytelling/task.toml","IGNORE","Phase 0~2의 제품 계약에 필요하지 않음","MIT","none","5afff64b21096b72762a73738d021216e20d30165cae0deb537f2ab1e20dc389"
"persona/validation/tasks/probe-survey_cog-storytelling/tests/test_state.py","IGNORE","Phase 0~2의 제품 계약에 필요하지 않음","MIT","none","35333f498a23a3579a39cff9eb56c35e98027939ab6841a69ba28c004cd04270"
"persona/validation/tasks/probe-survey_cog-storytelling/tests/test.sh","IGNORE","Phase 0~2의 제품 계약에 필요하지 않음","MIT","none","e41c610b60f4b0648dd736614a7d0faf7ce0d2a6a7bef51f936d2413c7f5106e"
"persona/validation/tasks/probe-survey_cog-storytelling/tests/verifier_env.sh","IGNORE","Phase 0~2의 제품 계약에 필요하지 않음","MIT","none","cf416f6549fa597a704734fb414495ad751f8b222b765070d5f34e20ed0fcf5c"
"persona/validation/tasks/probe-survey_cog-use-of-jargon/input/context.md","IGNORE","Phase 0~2의 제품 계약에 필요하지 않음","MIT","none","a94e1ab5745f45ec87aecb0834653fb1d07ad10f9112d0d4cad850861832cf1a"
"persona/validation/tasks/probe-survey_cog-use-of-jargon/input/questionnaire.yaml","IGNORE","Phase 0~2의 제품 계약에 필요하지 않음","MIT","none","b387abe8598ddba441e6cff6fe0009ac1e2498f7bf695b04268d287894df559d"
"persona/validation/tasks/probe-survey_cog-use-of-jargon/instruction.md","IGNORE","Phase 0~2의 제품 계약에 필요하지 않음","MIT","none","1f2485fd34f402e68400b0110a7df983561f5794903043e1ec0a26b796c5bcbc"
"persona/validation/tasks/probe-survey_cog-use-of-jargon/persona_strategy.json","IGNORE","Phase 0~2의 제품 계약에 필요하지 않음","MIT","none","6da108fd0cbf2945d8bf11598af24025b066a8cc6ed0a179b10f297f78e40d4c"
"persona/validation/tasks/probe-survey_cog-use-of-jargon/README.md","IGNORE","Phase 0~2의 제품 계약에 필요하지 않음","MIT","none","816ef70a828842376b1760d0f6f6e69485ddb44718c141fb3159eed758707d56"
"persona/validation/tasks/probe-survey_cog-use-of-jargon/reporting.json","IGNORE","Phase 0~2의 제품 계약에 필요하지 않음","MIT","none","fcae1ff430f518f52228912543f81431df1b8d95c0a1385ac8301db736abdb9c"
"persona/validation/tasks/probe-survey_cog-use-of-jargon/task.toml","IGNORE","Phase 0~2의 제품 계약에 필요하지 않음","MIT","none","68b25cc092351e0b0d07ef063f706719809190aa4abed44634c938d51d2ad0c1"
"persona/validation/tasks/probe-survey_cog-use-of-jargon/tests/test_state.py","IGNORE","Phase 0~2의 제품 계약에 필요하지 않음","MIT","none","35333f498a23a3579a39cff9eb56c35e98027939ab6841a69ba28c004cd04270"
"persona/validation/tasks/probe-survey_cog-use-of-jargon/tests/test.sh","IGNORE","Phase 0~2의 제품 계약에 필요하지 않음","MIT","none","e41c610b60f4b0648dd736614a7d0faf7ce0d2a6a7bef51f936d2413c7f5106e"
"persona/validation/tasks/probe-survey_cog-use-of-jargon/tests/verifier_env.sh","IGNORE","Phase 0~2의 제품 계약에 필요하지 않음","MIT","none","cf416f6549fa597a704734fb414495ad751f8b222b765070d5f34e20ed0fcf5c"
"persona/validation/tasks/probe-survey_cog-verbosity/input/context.md","IGNORE","Phase 0~2의 제품 계약에 필요하지 않음","MIT","none","a94e1ab5745f45ec87aecb0834653fb1d07ad10f9112d0d4cad850861832cf1a"
"persona/validation/tasks/probe-survey_cog-verbosity/input/questionnaire.yaml","IGNORE","Phase 0~2의 제품 계약에 필요하지 않음","MIT","none","ce77a111cb18368a8347438dadec1f30b1b32d581d0e0045f0693f7c6de69b07"
"persona/validation/tasks/probe-survey_cog-verbosity/instruction.md","IGNORE","Phase 0~2의 제품 계약에 필요하지 않음","MIT","none","1b04217eadfa324bcac111c72f538598be626b6c22797df1deb8ea183dd5fdcb"
"persona/validation/tasks/probe-survey_cog-verbosity/persona_strategy.json","IGNORE","Phase 0~2의 제품 계약에 필요하지 않음","MIT","none","3469a9d6b4d59f26fe8cad52faf65607c3b0d7fa1019a041aff8704d90f1fcbc"
"persona/validation/tasks/probe-survey_cog-verbosity/README.md","IGNORE","Phase 0~2의 제품 계약에 필요하지 않음","MIT","none","2fecd85b992628ab956eacce9c472dd2a9827741a0f2bb1c80a6c25655675583"
"persona/validation/tasks/probe-survey_cog-verbosity/reporting.json","IGNORE","Phase 0~2의 제품 계약에 필요하지 않음","MIT","none","fcae1ff430f518f52228912543f81431df1b8d95c0a1385ac8301db736abdb9c"
"persona/validation/tasks/probe-survey_cog-verbosity/task.toml","IGNORE","Phase 0~2의 제품 계약에 필요하지 않음","MIT","none","e3f984a36fbfbc1b254d1dd99dac9cfeed63684971b4edc99925eaf7b368df2c"
"persona/validation/tasks/probe-survey_cog-verbosity/tests/test_state.py","IGNORE","Phase 0~2의 제품 계약에 필요하지 않음","MIT","none","35333f498a23a3579a39cff9eb56c35e98027939ab6841a69ba28c004cd04270"
"persona/validation/tasks/probe-survey_cog-verbosity/tests/test.sh","IGNORE","Phase 0~2의 제품 계약에 필요하지 않음","MIT","none","e41c610b60f4b0648dd736614a7d0faf7ce0d2a6a7bef51f936d2413c7f5106e"
"persona/validation/tasks/probe-survey_cog-verbosity/tests/verifier_env.sh","IGNORE","Phase 0~2의 제품 계약에 필요하지 않음","MIT","none","cf416f6549fa597a704734fb414495ad751f8b222b765070d5f34e20ed0fcf5c"
"persona/validation/tasks/probe-survey_register/input/context.md","IGNORE","Phase 0~2의 제품 계약에 필요하지 않음","MIT","none","a94e1ab5745f45ec87aecb0834653fb1d07ad10f9112d0d4cad850861832cf1a"
"persona/validation/tasks/probe-survey_register/input/questionnaire.yaml","IGNORE","Phase 0~2의 제품 계약에 필요하지 않음","MIT","none","41a6acff01f02f6de7e9283dbbc2d3356844bd538c507b9d9589e6f1898b1689"
"persona/validation/tasks/probe-survey_register/instruction.md","IGNORE","Phase 0~2의 제품 계약에 필요하지 않음","MIT","none","1f2485fd34f402e68400b0110a7df983561f5794903043e1ec0a26b796c5bcbc"
"persona/validation/tasks/probe-survey_register/persona_strategy.json","IGNORE","Phase 0~2의 제품 계약에 필요하지 않음","MIT","none","1320b79a72652b87da874f68c63e788831c4a461e3a23859f3aa2e1dbeb538bf"
"persona/validation/tasks/probe-survey_register/README.md","IGNORE","Phase 0~2의 제품 계약에 필요하지 않음","MIT","none","b158965dce289206b6654cd13100b2e98d9ffed60bb4203615463e29037f6153"
"persona/validation/tasks/probe-survey_register/reporting.json","IGNORE","Phase 0~2의 제품 계약에 필요하지 않음","MIT","none","fcae1ff430f518f52228912543f81431df1b8d95c0a1385ac8301db736abdb9c"
"persona/validation/tasks/probe-survey_register/task.toml","IGNORE","Phase 0~2의 제품 계약에 필요하지 않음","MIT","none","cc5ba3ecd8bb8603556a560c545f00bcbca8bccafe8002be5bc11de58da82289"
"persona/validation/tasks/probe-survey_register/tests/test_state.py","IGNORE","Phase 0~2의 제품 계약에 필요하지 않음","MIT","none","35333f498a23a3579a39cff9eb56c35e98027939ab6841a69ba28c004cd04270"
"persona/validation/tasks/probe-survey_register/tests/test.sh","IGNORE","Phase 0~2의 제품 계약에 필요하지 않음","MIT","none","e41c610b60f4b0648dd736614a7d0faf7ce0d2a6a7bef51f936d2413c7f5106e"
"persona/validation/tasks/probe-survey_register/tests/verifier_env.sh","IGNORE","Phase 0~2의 제품 계약에 필요하지 않음","MIT","none","cf416f6549fa597a704734fb414495ad751f8b222b765070d5f34e20ed0fcf5c"
"persona/validation/tasks/probe-web_code-comment-style/input/context.md","IGNORE","Phase 0~2의 제품 계약에 필요하지 않음","MIT","none","08e0f3057a7dcd25f44a474d69acc3f8c01d1e16ada4665d56025670e534c2ba"
"persona/validation/tasks/probe-web_code-comment-style/instruction.md","IGNORE","Phase 0~2의 제품 계약에 필요하지 않음","MIT","none","e3266847671a47027796f3411ce331ee11ab59fb1dc5b953c011b2dc4656656b"
"persona/validation/tasks/probe-web_code-comment-style/persona_strategy.json","IGNORE","Phase 0~2의 제품 계약에 필요하지 않음","MIT","none","ac4ac60e4ddfdbd84522c665672e4954773d506d9047739daa06898f7cce41a0"
"persona/validation/tasks/probe-web_code-comment-style/README.md","IGNORE","Phase 0~2의 제품 계약에 필요하지 않음","MIT","none","d59a52a26b2d467247dcce526c0df30a60a81d58f0b9792618b05a49587edf9a"
"persona/validation/tasks/probe-web_code-comment-style/reporting.json","IGNORE","Phase 0~2의 제품 계약에 필요하지 않음","MIT","none","fcae1ff430f518f52228912543f81431df1b8d95c0a1385ac8301db736abdb9c"
"persona/validation/tasks/probe-web_code-comment-style/task.toml","IGNORE","Phase 0~2의 제품 계약에 필요하지 않음","MIT","none","9df856a1832d568b054cf7ef0ed2874497b2e9838fbbb8a4ce13dbf12bba6ed7"
"persona/validation/tasks/probe-web_code-comment-style/tests/test.sh","IGNORE","Phase 0~2의 제품 계약에 필요하지 않음","MIT","none","4316b967c470ac90d7bea72b4a4e0fe9df282407d8504cdfc86e123d8ab4eff9"
"persona/validation/tasks/probe-web_code-comment-style/tests/verifier_env.sh","IGNORE","Phase 0~2의 제품 계약에 필요하지 않음","MIT","none","f266d82a3c32a0f2196ae3f0e54fc24cd1a61443a92e8f18941363f338dc8a9f"
"persona/validation/tasks/probe-web_code-naming-verbosity/input/context.md","IGNORE","Phase 0~2의 제품 계약에 필요하지 않음","MIT","none","08e0f3057a7dcd25f44a474d69acc3f8c01d1e16ada4665d56025670e534c2ba"
"persona/validation/tasks/probe-web_code-naming-verbosity/instruction.md","IGNORE","Phase 0~2의 제품 계약에 필요하지 않음","MIT","none","d6bc46e4bde096212cf3fb643e2a4ed640a453e946efca3a762dedd2541bfdf9"
"persona/validation/tasks/probe-web_code-naming-verbosity/persona_strategy.json","IGNORE","Phase 0~2의 제품 계약에 필요하지 않음","MIT","none","e2c75e924fb3c1fbe4fc150bf03571f391187cfed99afe35d8bdee0813254108"
"persona/validation/tasks/probe-web_code-naming-verbosity/README.md","IGNORE","Phase 0~2의 제품 계약에 필요하지 않음","MIT","none","31dfae4afcc4b19d698709155f92bbaa469221cf48e8b026348589ed51e1903d"
"persona/validation/tasks/probe-web_code-naming-verbosity/reporting.json","IGNORE","Phase 0~2의 제품 계약에 필요하지 않음","MIT","none","fcae1ff430f518f52228912543f81431df1b8d95c0a1385ac8301db736abdb9c"
"persona/validation/tasks/probe-web_code-naming-verbosity/task.toml","IGNORE","Phase 0~2의 제품 계약에 필요하지 않음","MIT","none","7de9cdac2744b56790163030d11ed1c05860e578307f3ed50a2de970d1d0b117"
"persona/validation/tasks/probe-web_code-naming-verbosity/tests/test.sh","IGNORE","Phase 0~2의 제품 계약에 필요하지 않음","MIT","none","1d3a9d6216950cea7c2986f9d126de61bb984ae171c0f0988c919b84bbe2d6c1"
"persona/validation/tasks/probe-web_code-naming-verbosity/tests/verifier_env.sh","IGNORE","Phase 0~2의 제품 계약에 필요하지 않음","MIT","none","f266d82a3c32a0f2196ae3f0e54fc24cd1a61443a92e8f18941363f338dc8a9f"
"persona/validation/tasks/probe-web_code-summary-documentation/input/context.md","IGNORE","Phase 0~2의 제품 계약에 필요하지 않음","MIT","none","08e0f3057a7dcd25f44a474d69acc3f8c01d1e16ada4665d56025670e534c2ba"
"persona/validation/tasks/probe-web_code-summary-documentation/instruction.md","IGNORE","Phase 0~2의 제품 계약에 필요하지 않음","MIT","none","01cbc570a11ab5d57946b5e51f6736044a21d3cde59dc72922cc123f9792ea34"
"persona/validation/tasks/probe-web_code-summary-documentation/persona_strategy.json","IGNORE","Phase 0~2의 제품 계약에 필요하지 않음","MIT","none","0573f61dc50ede51e53d845a0541fe22ed49745810022e0d064a8a7fb9bf1d5a"
"persona/validation/tasks/probe-web_code-summary-documentation/README.md","IGNORE","Phase 0~2의 제품 계약에 필요하지 않음","MIT","none","070066acaede5a840fdf43003c57398dc3c11ec02413f3c583e4c4328da3ab24"
"persona/validation/tasks/probe-web_code-summary-documentation/reporting.json","IGNORE","Phase 0~2의 제품 계약에 필요하지 않음","MIT","none","fcae1ff430f518f52228912543f81431df1b8d95c0a1385ac8301db736abdb9c"
"persona/validation/tasks/probe-web_code-summary-documentation/task.toml","IGNORE","Phase 0~2의 제품 계약에 필요하지 않음","MIT","none","39d989d21ea2c6bb74efbeca1b2373cd745ed112b88b09a1b806998fb4635122"
"persona/validation/tasks/probe-web_code-summary-documentation/tests/test.sh","IGNORE","Phase 0~2의 제품 계약에 필요하지 않음","MIT","none","a3d0deba54236cd8cbd917a28fe3ea44bef182ca4a92fd008c88828c42913487"
"persona/validation/tasks/probe-web_code-summary-documentation/tests/verifier_env.sh","IGNORE","Phase 0~2의 제품 계약에 필요하지 않음","MIT","none","f266d82a3c32a0f2196ae3f0e54fc24cd1a61443a92e8f18941363f338dc8a9f"
"persona/validation/tasks/probe-web_cog-emoji-use/input/context.md","IGNORE","Phase 0~2의 제품 계약에 필요하지 않음","MIT","none","08e0f3057a7dcd25f44a474d69acc3f8c01d1e16ada4665d56025670e534c2ba"
"persona/validation/tasks/probe-web_cog-emoji-use/instruction.md","IGNORE","Phase 0~2의 제품 계약에 필요하지 않음","MIT","none","2e064a602cb4fcd3136720d6505ee002c391d3e07643906fd31353618400ebe9"
"persona/validation/tasks/probe-web_cog-emoji-use/persona_strategy.json","IGNORE","Phase 0~2의 제품 계약에 필요하지 않음","MIT","none","1f023f455a433ec2178b3ba2a389c89b6ffb81e33fc73a7e229b8d2a5cf102de"
"persona/validation/tasks/probe-web_cog-emoji-use/README.md","IGNORE","Phase 0~2의 제품 계약에 필요하지 않음","MIT","none","9231192e2dcb67a24bdb60cc34ac1db8306dbf5c7ab2dd7ad1f86ea4c6dbeaf8"
"persona/validation/tasks/probe-web_cog-emoji-use/reporting.json","IGNORE","Phase 0~2의 제품 계약에 필요하지 않음","MIT","none","fcae1ff430f518f52228912543f81431df1b8d95c0a1385ac8301db736abdb9c"
"persona/validation/tasks/probe-web_cog-emoji-use/task.toml","IGNORE","Phase 0~2의 제품 계약에 필요하지 않음","MIT","none","60612c73c9c3649e3194d36b61203074d7a04ba4800d21f21d55e1b9d672cba4"
"persona/validation/tasks/probe-web_cog-emoji-use/tests/test.sh","IGNORE","Phase 0~2의 제품 계약에 필요하지 않음","MIT","none","6440adb61f9ee363afd40f01d8ff06438f1708f47a4cc3534c407351394d453c"
"persona/validation/tasks/probe-web_cog-emoji-use/tests/verifier_env.sh","IGNORE","Phase 0~2의 제품 계약에 필요하지 않음","MIT","none","f266d82a3c32a0f2196ae3f0e54fc24cd1a61443a92e8f18941363f338dc8a9f"
"persona/validation/tasks/probe-web_cog-humor/input/context.md","IGNORE","Phase 0~2의 제품 계약에 필요하지 않음","MIT","none","08e0f3057a7dcd25f44a474d69acc3f8c01d1e16ada4665d56025670e534c2ba"
"persona/validation/tasks/probe-web_cog-humor/instruction.md","IGNORE","Phase 0~2의 제품 계약에 필요하지 않음","MIT","none","430a554ea2ab4732f1f05d335617195c6713e450cba9c291c665b0c5a301b061"
"persona/validation/tasks/probe-web_cog-humor/persona_strategy.json","IGNORE","Phase 0~2의 제품 계약에 필요하지 않음","MIT","none","7409422f0c6ef5048b5a68b1668951f3e01ec68026de259f433e8e78d409fb15"
"persona/validation/tasks/probe-web_cog-humor/README.md","IGNORE","Phase 0~2의 제품 계약에 필요하지 않음","MIT","none","db19deff4c77f003ff1f8b75ac00227b38f5f3cf76dd8e56e464180b91d8dee5"
"persona/validation/tasks/probe-web_cog-humor/reporting.json","IGNORE","Phase 0~2의 제품 계약에 필요하지 않음","MIT","none","fcae1ff430f518f52228912543f81431df1b8d95c0a1385ac8301db736abdb9c"
"persona/validation/tasks/probe-web_cog-humor/task.toml","IGNORE","Phase 0~2의 제품 계약에 필요하지 않음","MIT","none","8f936672e61e82da3c3e205c78c7f8f3b95d6be5cfbadab5d69262ee87733f10"
"persona/validation/tasks/probe-web_cog-humor/tests/test.sh","IGNORE","Phase 0~2의 제품 계약에 필요하지 않음","MIT","none","6440adb61f9ee363afd40f01d8ff06438f1708f47a4cc3534c407351394d453c"
"persona/validation/tasks/probe-web_cog-humor/tests/verifier_env.sh","IGNORE","Phase 0~2의 제품 계약에 필요하지 않음","MIT","none","f266d82a3c32a0f2196ae3f0e54fc24cd1a61443a92e8f18941363f338dc8a9f"
"persona/validation/tasks/probe-web_cog-politeness/input/context.md","IGNORE","Phase 0~2의 제품 계약에 필요하지 않음","MIT","none","08e0f3057a7dcd25f44a474d69acc3f8c01d1e16ada4665d56025670e534c2ba"
"persona/validation/tasks/probe-web_cog-politeness/instruction.md","IGNORE","Phase 0~2의 제품 계약에 필요하지 않음","MIT","none","212eb7e10a233db8287e4d10d118c941bacc48e3abfde2f274342f05d3e20c47"
"persona/validation/tasks/probe-web_cog-politeness/persona_strategy.json","IGNORE","Phase 0~2의 제품 계약에 필요하지 않음","MIT","none","b05a67f4ad137ee8d08a0fdc63d23bdedc76ee1103f96e99cb0e82e07669232a"
"persona/validation/tasks/probe-web_cog-politeness/README.md","IGNORE","Phase 0~2의 제품 계약에 필요하지 않음","MIT","none","fb0f4091c0e82d065b154fd427f8c5cf100a8a060d9eb94c13e461340357a8db"
"persona/validation/tasks/probe-web_cog-politeness/reporting.json","IGNORE","Phase 0~2의 제품 계약에 필요하지 않음","MIT","none","fcae1ff430f518f52228912543f81431df1b8d95c0a1385ac8301db736abdb9c"
"persona/validation/tasks/probe-web_cog-politeness/task.toml","IGNORE","Phase 0~2의 제품 계약에 필요하지 않음","MIT","none","c9c881c8ad827ee81e12303df08d11ffa69e569cba590ab89bdba8229649a912"
"persona/validation/tasks/probe-web_cog-politeness/tests/test.sh","IGNORE","Phase 0~2의 제품 계약에 필요하지 않음","MIT","none","6440adb61f9ee363afd40f01d8ff06438f1708f47a4cc3534c407351394d453c"
"persona/validation/tasks/probe-web_cog-politeness/tests/verifier_env.sh","IGNORE","Phase 0~2의 제품 계약에 필요하지 않음","MIT","none","f266d82a3c32a0f2196ae3f0e54fc24cd1a61443a92e8f18941363f338dc8a9f"
"persona/validation/tasks/probe-web_cog-storytelling/input/context.md","IGNORE","Phase 0~2의 제품 계약에 필요하지 않음","MIT","none","08e0f3057a7dcd25f44a474d69acc3f8c01d1e16ada4665d56025670e534c2ba"
"persona/validation/tasks/probe-web_cog-storytelling/instruction.md","IGNORE","Phase 0~2의 제품 계약에 필요하지 않음","MIT","none","bb0f3f06daf87c86a15fac85f9668c8b3e18ce0e8e36de5a89434aabd04ce261"
"persona/validation/tasks/probe-web_cog-storytelling/persona_strategy.json","IGNORE","Phase 0~2의 제품 계약에 필요하지 않음","MIT","none","bc65d3e986caeb31e719398eb69df077602008b2710ec9acfa96e0b99ddbf7fe"
"persona/validation/tasks/probe-web_cog-storytelling/README.md","IGNORE","Phase 0~2의 제품 계약에 필요하지 않음","MIT","none","010217998b531f933adf0997414146fb54bbf8495cfb6fe52494b3c07722fba7"
"persona/validation/tasks/probe-web_cog-storytelling/reporting.json","IGNORE","Phase 0~2의 제품 계약에 필요하지 않음","MIT","none","fcae1ff430f518f52228912543f81431df1b8d95c0a1385ac8301db736abdb9c"
"persona/validation/tasks/probe-web_cog-storytelling/task.toml","IGNORE","Phase 0~2의 제품 계약에 필요하지 않음","MIT","none","b090bb7c0f440733171575b3a35966f0f57c4d7f2c78541f782420964b0015b6"
"persona/validation/tasks/probe-web_cog-storytelling/tests/test.sh","IGNORE","Phase 0~2의 제품 계약에 필요하지 않음","MIT","none","6440adb61f9ee363afd40f01d8ff06438f1708f47a4cc3534c407351394d453c"
"persona/validation/tasks/probe-web_cog-storytelling/tests/verifier_env.sh","IGNORE","Phase 0~2의 제품 계약에 필요하지 않음","MIT","none","f266d82a3c32a0f2196ae3f0e54fc24cd1a61443a92e8f18941363f338dc8a9f"
"persona/validation/tasks/probe-web_cog-use-of-jargon/input/context.md","IGNORE","Phase 0~2의 제품 계약에 필요하지 않음","MIT","none","08e0f3057a7dcd25f44a474d69acc3f8c01d1e16ada4665d56025670e534c2ba"
"persona/validation/tasks/probe-web_cog-use-of-jargon/instruction.md","IGNORE","Phase 0~2의 제품 계약에 필요하지 않음","MIT","none","360048befe91c0005ceeb99314d1b54dbdd35bde31f8f422a19414aacb9e1a86"
"persona/validation/tasks/probe-web_cog-use-of-jargon/persona_strategy.json","IGNORE","Phase 0~2의 제품 계약에 필요하지 않음","MIT","none","6da108fd0cbf2945d8bf11598af24025b066a8cc6ed0a179b10f297f78e40d4c"
"persona/validation/tasks/probe-web_cog-use-of-jargon/README.md","IGNORE","Phase 0~2의 제품 계약에 필요하지 않음","MIT","none","720a926408aa64aeda57272201fe64edc0c3ff1adc9cda3fb7c0fb9d8845160c"
"persona/validation/tasks/probe-web_cog-use-of-jargon/reporting.json","IGNORE","Phase 0~2의 제품 계약에 필요하지 않음","MIT","none","fcae1ff430f518f52228912543f81431df1b8d95c0a1385ac8301db736abdb9c"
"persona/validation/tasks/probe-web_cog-use-of-jargon/task.toml","IGNORE","Phase 0~2의 제품 계약에 필요하지 않음","MIT","none","367e9d30f9aa4832330739122f546d7220a1cc0deb6c1092b06583c21ebc653c"
"persona/validation/tasks/probe-web_cog-use-of-jargon/tests/test.sh","IGNORE","Phase 0~2의 제품 계약에 필요하지 않음","MIT","none","6440adb61f9ee363afd40f01d8ff06438f1708f47a4cc3534c407351394d453c"
"persona/validation/tasks/probe-web_cog-use-of-jargon/tests/verifier_env.sh","IGNORE","Phase 0~2의 제품 계약에 필요하지 않음","MIT","none","f266d82a3c32a0f2196ae3f0e54fc24cd1a61443a92e8f18941363f338dc8a9f"
"persona/validation/tasks/probe-web_cog-verbosity/input/context.md","IGNORE","Phase 0~2의 제품 계약에 필요하지 않음","MIT","none","08e0f3057a7dcd25f44a474d69acc3f8c01d1e16ada4665d56025670e534c2ba"
"persona/validation/tasks/probe-web_cog-verbosity/instruction.md","IGNORE","Phase 0~2의 제품 계약에 필요하지 않음","MIT","none","6592b09d2df9748e4510ae8d759d0133c1a593bc4fecabf72367f7d2d0d85cdb"
"persona/validation/tasks/probe-web_cog-verbosity/persona_strategy.json","IGNORE","Phase 0~2의 제품 계약에 필요하지 않음","MIT","none","3469a9d6b4d59f26fe8cad52faf65607c3b0d7fa1019a041aff8704d90f1fcbc"
"persona/validation/tasks/probe-web_cog-verbosity/README.md","IGNORE","Phase 0~2의 제품 계약에 필요하지 않음","MIT","none","8dcd46a38bfc6ffa10c1fa7c2987065cfbbf7c94269ea20257253a9220c3ba4b"
"persona/validation/tasks/probe-web_cog-verbosity/reporting.json","IGNORE","Phase 0~2의 제품 계약에 필요하지 않음","MIT","none","fcae1ff430f518f52228912543f81431df1b8d95c0a1385ac8301db736abdb9c"
"persona/validation/tasks/probe-web_cog-verbosity/task.toml","IGNORE","Phase 0~2의 제품 계약에 필요하지 않음","MIT","none","568e974ce43cdffb7c3311e09bdbe55af049a8c7ecbf21f1fe5cb8288b63b9a1"
"persona/validation/tasks/probe-web_cog-verbosity/tests/test.sh","IGNORE","Phase 0~2의 제품 계약에 필요하지 않음","MIT","none","6440adb61f9ee363afd40f01d8ff06438f1708f47a4cc3534c407351394d453c"
"persona/validation/tasks/probe-web_cog-verbosity/tests/verifier_env.sh","IGNORE","Phase 0~2의 제품 계약에 필요하지 않음","MIT","none","f266d82a3c32a0f2196ae3f0e54fc24cd1a61443a92e8f18941363f338dc8a9f"
"persona/validation/tasks/probe-web_register/input/context.md","IGNORE","Phase 0~2의 제품 계약에 필요하지 않음","MIT","none","08e0f3057a7dcd25f44a474d69acc3f8c01d1e16ada4665d56025670e534c2ba"
"persona/validation/tasks/probe-web_register/instruction.md","IGNORE","Phase 0~2의 제품 계약에 필요하지 않음","MIT","none","09cd10d05ddacc2cbb0f999115c46a24d5faf5615565989d398df2526f287eda"
"persona/validation/tasks/probe-web_register/persona_strategy.json","IGNORE","Phase 0~2의 제품 계약에 필요하지 않음","MIT","none","1320b79a72652b87da874f68c63e788831c4a461e3a23859f3aa2e1dbeb538bf"
"persona/validation/tasks/probe-web_register/README.md","IGNORE","Phase 0~2의 제품 계약에 필요하지 않음","MIT","none","a5168fa21a23da1df2812a22a9aa100a0e092a30adf48f28b1cf775d4b531607"
"persona/validation/tasks/probe-web_register/reporting.json","IGNORE","Phase 0~2의 제품 계약에 필요하지 않음","MIT","none","fcae1ff430f518f52228912543f81431df1b8d95c0a1385ac8301db736abdb9c"
"persona/validation/tasks/probe-web_register/task.toml","IGNORE","Phase 0~2의 제품 계약에 필요하지 않음","MIT","none","b7216a587a1d92538e81370ddada955670496c6d55dbbb2e0819d2e11f250951"
"persona/validation/tasks/probe-web_register/tests/test.sh","IGNORE","Phase 0~2의 제품 계약에 필요하지 않음","MIT","none","6440adb61f9ee363afd40f01d8ff06438f1708f47a4cc3534c407351394d453c"
"persona/validation/tasks/probe-web_register/tests/verifier_env.sh","IGNORE","Phase 0~2의 제품 계약에 필요하지 않음","MIT","none","f266d82a3c32a0f2196ae3f0e54fc24cd1a61443a92e8f18941363f338dc8a9f"
"pyproject.toml","IGNORE","Phase 0~2의 제품 계약에 필요하지 않음","MIT","none","ff9206070960ed5b9ae92df1882ac9a3142f5c4337ac3445969694e1000ad5f1"
"README.md","IGNORE","Phase 0~2의 제품 계약에 필요하지 않음","MIT","none","96cc0224fe6e9e7f6ebb40d097186d43141443684583142e000e97589e9db700"
"scripts/sync_docker_snippets.py","IGNORE","Phase 0~2의 제품 계약에 필요하지 않음","MIT","none","10a2bf2c0c64e6a262175474e968f11c88ae50304426e44c13b4e29c0b08e05e"
"src/.DS_Store","IGNORE","Phase 0~2의 제품 계약에 필요하지 않음","MIT","none","bab2565c080643cbdf8dca6c8531b2af91fd53dea1688cb94eaa367a8961db51"
"src/matraix/__init__.py","IGNORE","Phase 0~2의 제품 계약에 필요하지 않음","MIT","none","1d315d7db0df8edbf52b223606823d718d25cb7dd1f98fe5b478f5682ecbcced"
"src/matraix/application_job.py","IGNORE","Phase 0~2의 제품 계약에 필요하지 않음","MIT","none","19fdd3ee5f70c70924f42d3b36876a7d2e69fcdf7230330e4e067cb50ab3f8ef"
"src/matraix/persona_agent_context.py","ADAPT","구조와 실패 사례만 자체 구현에 반영","MIT","design-or-test-reference","a85fd38dc085027c6a7e4350cc44dee534ae4f69447fc965df4264427218a644"
"src/matraix/persona_consistency.py","ADAPT","구조와 실패 사례만 자체 구현에 반영","MIT","design-or-test-reference","13b09ff9fac6cb4e4d89d59e59a2c3245f2c49c02b232a966f786b87e527581a"
"src/matraix/persona_dimension_catalog.py","ADAPT","구조와 실패 사례만 자체 구현에 반영","MIT","design-or-test-reference","e61d671f2ec3f58942d9aa0b7187d3f1d5df051841bc31923ff995179ed79261"
"src/matraix/persona_display_name.py","ADAPT","구조와 실패 사례만 자체 구현에 반영","MIT","design-or-test-reference","744b9aa7a405a14948bd13c39884888494c62d523f776cd295aa95fb1255fbcc"
"src/matraix/persona_generator.py","ADAPT","구조와 실패 사례만 자체 구현에 반영","MIT","design-or-test-reference","ea6c144bb666648ad56f894b1bd7d3a03b2a70d42f161d1f986bfba6b9027add"
"src/matraix/persona_grounding.py","ADAPT","구조와 실패 사례만 자체 구현에 반영","MIT","design-or-test-reference","879f058bfad3aae190293a0b454a12412f28ad80991dc4d55b0aa57a6c6e5436"
"src/matraix/persona_job.py","ADAPT","구조와 실패 사례만 자체 구현에 반영","MIT","design-or-test-reference","78ceab5628037f99db08192cd7e475b85dfa0359cf2e3fe102a738699a15d059"
"src/matraix/task_catalog.py","ADAPT","구조와 실패 사례만 자체 구현에 반영","MIT","design-or-test-reference","2ecfc267eab47e97630a48d3fc45b7bd6fa3a148aeb0209a913834e338e8b46d"
"src/matraix/web_task_environment.py","IGNORE","Phase 0~2의 제품 계약에 필요하지 않음","MIT","none","e8ed1c6d1363162fa3684f88bae87bb8c7d29002cc3f8a6b9d1d8bb76ffcbef7"
"tests/.DS_Store","IGNORE","Phase 0~2의 제품 계약에 필요하지 않음","MIT","none","8f1528a69109e91513f786fbb9314c24c2272ab1017ed663db3c23cd0f1c41f2"
"tests/environment/test_application_task_contracts.py","ADAPT","구조와 실패 사례만 자체 구현에 반영","MIT","design-or-test-reference","75d2e7c3bfcbb8e12eb558b64553f8998c9220c013266bef7f5703d4d8cfbe71"
"tests/environment/test_application_tasks.py","ADAPT","구조와 실패 사례만 자체 구현에 반영","MIT","design-or-test-reference","87af482c95ac216fbad33dae150a9f095f7b227485defe680d5c6da0f50a7a9f"
"tests/environment/test_docker_snippets.py","IGNORE","Phase 0~2의 제품 계약에 필요하지 않음","MIT","none","a6847a1cfd3acc1ba49821a810686734fc56adc149517b738373db56d4c88797"
"tests/environment/test_examples_smoke.py","IGNORE","Phase 0~2의 제품 계약에 필요하지 않음","MIT","none","090d3b9c90016e985bfb6c0b3a701bf23a9bd63e17ed08978a7c1242eb51b5b0"
"tests/environment/test_harbor_runtime_foundation.py","IGNORE","Phase 0~2의 제품 계약에 필요하지 않음","MIT","none","ef97fbf62944cba818c038c9d45a01542911e7c12018d2621d6690f3258cf80f"
"tests/environment/test_job_recipes.py","IGNORE","Phase 0~2의 제품 계약에 필요하지 않음","MIT","none","44c1e87e0d9e51b2aac615af198360e832c213c95c13448cdc46cf9864069bec"
"tests/environment/test_optional_packages.py","IGNORE","Phase 0~2의 제품 계약에 필요하지 않음","MIT","none","0ad014f970e849cb40da50c2e38f008f5bec9861fbedb213fcc7719f4a5103fd"
"tests/environment/test_persona_agents.py","ADAPT","구조와 실패 사례만 자체 구현에 반영","MIT","design-or-test-reference","eebf55de20e6449f4fabb551f3555afb7c364a60d139151dd015a0ce68bb5549"
"tests/environment/test_persona_strategy_gate.py","ADAPT","구조와 실패 사례만 자체 구현에 반영","MIT","design-or-test-reference","982144d53d07303ab289e9f86e9034887cec18aa985fa58dfdd13008d158b0df"
"tests/environment/test_task_catalog_alignment.py","ADAPT","구조와 실패 사례만 자체 구현에 반영","MIT","design-or-test-reference","cdfb3b92c24d7108e8134b55163533ec0d568d3dd842b68035170acb4668815a"
"tests/persona/.DS_Store","ADAPT","구조와 실패 사례만 자체 구현에 반영","MIT","design-or-test-reference","547b26547c8eb85352e65b8c4c42f79dede8ebf78929b25de897e69603f6df2a"
"tests/persona/conftest.py","ADAPT","구조와 실패 사례만 자체 구현에 반영","MIT","design-or-test-reference","e76076c865b5662a3f875eb6c24beb7f0d99fec05c7dd73b96bec77fdb0ee3ea"
"tests/persona/curation/existing_data/__init__.py","ADAPT","구조와 실패 사례만 자체 구현에 반영","MIT","design-or-test-reference","e3b0c44298fc1c149afbf4c8996fb92427ae41e4649b934ca495991b7852b855"
"tests/persona/curation/existing_data/test_amazon_collab_unittest.py","ADAPT","구조와 실패 사례만 자체 구현에 반영","MIT","design-or-test-reference","b98e1b9aaed113958e3847f8f1a8e7199f928060e55af78499411336a558da5c"
"tests/persona/curation/existing_data/test_amazon_extraction_prompt.py","ADAPT","구조와 실패 사례만 자체 구현에 반영","MIT","design-or-test-reference","245bce0fc111972a8d8b6de7708b3bbc79cc59ef53360f8ca2d18276c4c1b5ca"
"tests/persona/curation/existing_data/test_amazon_human_extraction_flow.py","ADAPT","구조와 실패 사례만 자체 구현에 반영","MIT","design-or-test-reference","e97700f977a9fa2c72206bdf534f9f55ae075e9059a23a80869ff0f5757a5c34"
"tests/persona/curation/existing_data/test_amazon_review_core_unittest.py","ADAPT","구조와 실패 사례만 자체 구현에 반영","MIT","design-or-test-reference","f09c06a81e97068013231d49bf81ceda466c826fd4500c665e6466ff21bbd841"
"tests/persona/curation/existing_data/test_assignment_runner.py","ADAPT","구조와 실패 사례만 자체 구현에 반영","MIT","design-or-test-reference","4b924b303df9bf4abe236f475d874b944e7db5a06f7c0cc9fff6e14c93ba083c"
"tests/persona/curation/existing_data/test_collab_kit.py","ADAPT","구조와 실패 사례만 자체 구현에 반영","MIT","design-or-test-reference","b6aad3665cba908917be24fda42dd485b2095f0f7f819e6d56dd0d80b0e11d22"
"tests/persona/curation/existing_data/test_coverage_report.py","ADAPT","구조와 실패 사례만 자체 구현에 반영","MIT","design-or-test-reference","7909ab8a56e05f4f7c06af1b47124fbfbd8bba6c1f79a21f0f93be50479f9348"
"tests/persona/curation/existing_data/test_crosswalk_engine.py","ADAPT","구조와 실패 사례만 자체 구현에 반영","MIT","design-or-test-reference","0c9b2baa5ee237252327dc99d422fcb540b29b47cf7efed9ea5ebe26d0f6d5cf"
"tests/persona/curation/existing_data/test_export_hf_amazon_user_histories.py","ADAPT","구조와 실패 사례만 자체 구현에 반영","MIT","design-or-test-reference","0a2fcc596ff1b84b448962e8dca508bb9883ea85f81e52845b5c9e679f6ed6ee"
"tests/persona/curation/existing_data/test_fetch_sources.py","ADAPT","구조와 실패 사례만 자체 구현에 반영","MIT","design-or-test-reference","3156787683e96983e308019097f130e668148cc47d0146d33bd68ee0ca9c5949"
"tests/persona/curation/existing_data/test_make_amazon_collab_package.py","ADAPT","구조와 실패 사례만 자체 구현에 반영","MIT","design-or-test-reference","cd85d687f977ef45e0c1ee80f8a273cee9157530fe9f08d4829f93200e7f403b"
"tests/persona/curation/existing_data/test_make_collab_package.py","ADAPT","구조와 실패 사례만 자체 구현에 반영","MIT","design-or-test-reference","a0f129cca0f34c8b8c40ec3f3d201e34b6e637aa26867a2586b954e41257117a"
"tests/persona/curation/existing_data/test_make_package.py","ADAPT","구조와 실패 사례만 자체 구현에 반영","MIT","design-or-test-reference","f48370aeedef5a584bbaf30728823e4f2362342650408a17ed6f1bccad3f5973"
"tests/persona/curation/existing_data/test_merge_collab_results.py","ADAPT","구조와 실패 사례만 자체 구현에 반영","MIT","design-or-test-reference","5556e8e9c5227acb53064709d74f22cb4e39506712a0029ae6a3aea5e4927ac6"
"tests/persona/curation/existing_data/test_nemotron_selection_tools.py","ADAPT","구조와 실패 사례만 자체 구현에 반영","MIT","design-or-test-reference","4bf7a1c920cd3cda5934c84b2a793e016d0e8d958b64153e161409a2d30c54bb"
"tests/persona/curation/existing_data/test_postprocess_engine.py","ADAPT","구조와 실패 사례만 자체 구현에 반영","MIT","design-or-test-reference","bfb66242f9e67f2eb4e060aac6ca45b430f603758f4b4f332a1f812a3834f34a"
"tests/persona/curation/existing_data/test_predict_amazon_persona_holdout_ratings.py","ADAPT","구조와 실패 사례만 자체 구현에 반영","MIT","design-or-test-reference","3567fd38d553756b17e59f1c6070b3fa668e4358be90cc7f32ce4875fb028691"
"tests/persona/curation/existing_data/test_select_amazon_top_reviewers.py","ADAPT","구조와 실패 사례만 자체 구현에 반영","MIT","design-or-test-reference","824ee474610cd3db192864b725a6031cc4af63b975a1b05201af64a79a06a58e"
"tests/persona/curation/existing_data/test_validate_extraction.py","ADAPT","구조와 실패 사례만 자체 구현에 반영","MIT","design-or-test-reference","6a583e2d4562baa6eeba191b26224902c48e24b93abe2c7f700f3453d3dafef4"
"tests/persona/curation/existing_data/test_wiki_collab_core.py","ADAPT","구조와 실패 사례만 자체 구현에 반영","MIT","design-or-test-reference","676fb080850ef1190a4a123dcd0808fabd0644a57ee5f56a502228b58100cf3f"
"tests/persona/curation/existing_data/test_wiki_collab_dataset.py","ADAPT","구조와 실패 사례만 자체 구현에 반영","MIT","design-or-test-reference","9779d2aed9c50c751dd782f6997cf756dd69705549ba87be91e6c83a62f64152"
"tests/persona/curation/existing_data/test_wiki_collab_results.py","ADAPT","구조와 실패 사례만 자체 구현에 반영","MIT","design-or-test-reference","ad7a58892171b7783a87eacf3c8ca53636dbd77986de30f2915f0601450c6f38"
"tests/persona/curation/existing_data/test_worker_kit.py","ADAPT","구조와 실패 사례만 자체 구현에 반영","MIT","design-or-test-reference","9eb488e95ab12d22b4a83bd466e1580ebb5e2852278e146b1010fbdccc270b17"
"tests/persona/human_extraction/test_amazon_extraction_guardrails.py","ADAPT","구조와 실패 사례만 자체 구현에 반영","MIT","design-or-test-reference","fa201f2e2567ebd7e54c6bc1b90a2f3994f850a73c9a2806f4c6a95b32508dec"
"tests/persona/human_extraction/test_amazon_job_config.py","ADAPT","구조와 실패 사례만 자체 구현에 반영","MIT","design-or-test-reference","8372c9e22545dec486ff506d4a5e7ef9397b3a7e2856444f38103f4f20ea73a6"
"tests/persona/post_process/test_contradiction_rules.py","ADAPT","구조와 실패 사례만 자체 구현에 반영","MIT","design-or-test-reference","01477ef4186cc16e22fedeed425c7e4f75061510ffc05f100fe1eadbd6dccdc8"
"tests/persona/post_process/test_coreset_builder.py","ADAPT","구조와 실패 사례만 자체 구현에 반영","MIT","design-or-test-reference","b44e86508903480cb208eebaa24578c57c50a78c59077ee2106f2ea0fb69efb6"
"tests/persona/post_process/test_coreset_calibration.py","ADAPT","구조와 실패 사례만 자체 구현에 반영","MIT","design-or-test-reference","f956c10ca5be8bb19ee6d39db22c15d93c8bcf4b1dae99c17ddbcc89fec22348"
"tests/persona/post_process/test_dedup_hll.py","ADAPT","구조와 실패 사례만 자체 구현에 반영","MIT","design-or-test-reference","e10aea496375070882353f290a9638eceb7b494a4cceea51897f69f54c08e7fc"
"tests/persona/post_process/test_human_minhash_dedup.py","ADAPT","구조와 실패 사례만 자체 구현에 반영","MIT","design-or-test-reference","14fa512e27f5dbf0e50918eb1abb3e54f1077dbb5351a75976172207e48f25c4"
"tests/persona/post_process/test_quality_filter_conflicts.py","ADAPT","구조와 실패 사례만 자체 구현에 반영","MIT","design-or-test-reference","208fd6b64b7dcbec8d59ae608d9bd1ee035f9c4eece1799c551176eec96cd640"
"tests/persona/post_process/test_quality_filter_scan.py","ADAPT","구조와 실패 사례만 자체 구현에 반영","MIT","design-or-test-reference","99f483766c84e6a818a3bb85a2afa5a80732d5a16ab9c1f0581458e62adf64e4"
"tests/persona/post_process/test_unified_dataset_schema.py","ADAPT","구조와 실패 사례만 자체 구현에 반영","MIT","design-or-test-reference","683d2f3bdb63b017ec2227f364160f24faa5511d588678b3f53b340542c0c2d7"
"tests/persona/synthesis/test_parallel_sampling.py","ADAPT","구조와 실패 사례만 자체 구현에 반영","MIT","design-or-test-reference","1c37536f35abed84589d6ee879ab159574e9f346b5e210f8c6851ee5de728ac0"
"tests/persona/synthesis/test_visualization_counts.py","ADAPT","구조와 실패 사례만 자체 구현에 반영","MIT","design-or-test-reference","ef15b94dbd977b3117d4b2f0bd62a4344d7449efff6066c241cdd0b3b865a9fe"
"tests/playground_core/test_persona_display_name.py","ADAPT","구조와 실패 사례만 자체 구현에 반영","MIT","design-or-test-reference","8644c72d6e89488582329d621e2d16a173c7c0325aa317d269d1dd66bf0ed46f"
"tests/unit/__init__.py","IGNORE","Phase 0~2의 제품 계약에 필요하지 않음","MIT","none","e3b0c44298fc1c149afbf4c8996fb92427ae41e4649b934ca495991b7852b855"
"tests/unit/agents/__init__.py","IGNORE","Phase 0~2의 제품 계약에 필요하지 않음","MIT","none","e3b0c44298fc1c149afbf4c8996fb92427ae41e4649b934ca495991b7852b855"
"tests/unit/agents/computer_1/test_compaction.py","IGNORE","Phase 0~2의 제품 계약에 필요하지 않음","MIT","none","dde65e6818ecd46300dc9a9c170305ad4c3644626ca8e13dd8f4fc67610248af"
"tests/unit/agents/computer_1/test_final_answer.py","IGNORE","Phase 0~2의 제품 계약에 필요하지 않음","MIT","none","01d7c2d3c31ef4f1e4bcd3b199b430c745ad7e230aefd3fb7e33cb867e484967"
"tests/unit/agents/computer_1/test_providers.py","IGNORE","Phase 0~2의 제품 계약에 필요하지 않음","MIT","none","1c981e5b91416b1145384d4de994313ba30e28dfa77189d6673403926b813c59"
"tests/unit/agents/computer_1/test_recorder_bake.py","IGNORE","Phase 0~2의 제품 계약에 필요하지 않음","MIT","none","7f68cf87a62a535033b9d03e93d1bb9cdc8854290602ae69d7f8b8e8ef006efe"
"tests/unit/agents/computer_1/test_runtime.py","IGNORE","Phase 0~2의 제품 계약에 필요하지 않음","MIT","none","182996c79e35495ba7937ecf458eab8fec3b86465f990def70aa49dd8d8801dc"
"tests/unit/agents/test_base_agent_model_info.py","IGNORE","Phase 0~2의 제품 계약에 필요하지 않음","MIT","none","9825436547f93bebef6aadff863a3adc058892b6d7594bede76cf70bf28fe55c"
"tests/unit/agents/test_factory_computer_1.py","IGNORE","Phase 0~2의 제품 계약에 필요하지 않음","MIT","none","6c54ea078bbd4e0f8ecbd7c4b29e0e1921afd5be016841bf8fd2497257fb83fe"
"tests/unit/agents/test_factory.py","IGNORE","Phase 0~2의 제품 계약에 필요하지 않음","MIT","none","f1956ccf7da41055078147e30c8952f96d7faf169defddff926b8816b27dff4a"
"tests/unit/agents/test_oracle.py","IGNORE","Phase 0~2의 제품 계약에 필요하지 않음","MIT","none","b6972ef07c7739a678e7a2025725d242d51e2be6648acfec0dbcc03eeec6be5c"
"tests/unit/agents/test_web_live_trajectory_flush.py","IGNORE","Phase 0~2의 제품 계약에 필요하지 않음","MIT","none","da1dc56ccc754a0cd21bf9276e30cc5e11bc4243dcd060161bc59730a64ef439"
"tests/unit/application/test_generate_application_job.py","IGNORE","Phase 0~2의 제품 계약에 필요하지 않음","MIT","none","26b3e65620040656d7dd12e2b6702d4f815dd38ce2ed077ff07d25557577e0c2"
"tests/unit/application/test_persona_retrieval_cli.py","ADAPT","구조와 실패 사례만 자체 구현에 반영","MIT","design-or-test-reference","9cb3123a6996c43edf19e4948ca9bef3598f06e4bbfac29e410a8dbc41ec25cf"
"tests/unit/harbor/test_compose_materialize.py","IGNORE","Phase 0~2의 제품 계약에 필요하지 않음","MIT","none","0e137e784bb8251a13f10ca4f0c255d68444e006dd91a1c8790b0a85ee46bc69"
"tests/unit/harbor/test_host_environment.py","IGNORE","Phase 0~2의 제품 계약에 필요하지 않음","MIT","none","104626153b19a39be879b7c886e5441ba4129763fe8de77e73b181ae5988f22e"
"tests/unit/harbor/test_trial_input_mounts.py","IGNORE","Phase 0~2의 제품 계약에 필요하지 않음","MIT","none","743b25baf99775eb2a489b7280a86436ba9d11e43e13cb7ebc4880415e698d12"
"tests/unit/harbor/test_use_computer_macos_paths.py","IGNORE","Phase 0~2의 제품 계약에 필요하지 않음","MIT","none","ed1044c80efee10cbc41473442b05b4b551558dcbe10b388349b5ac9fcef87a2"
"tests/unit/matraix/test_persona_collab_packages.py","ADAPT","구조와 실패 사례만 자체 구현에 반영","MIT","design-or-test-reference","49c698b98a65eaa8710a16586915dd244135c13346c02dd9bcbb03fbabe7f098"
"tests/unit/matraix/test_persona_dimension_narrative.py","ADAPT","구조와 실패 사례만 자체 구현에 반영","MIT","design-or-test-reference","ad0ae3bfefbc501783ddfc6f090cd2400b7eda714c2bfa97b5a8d04f676acd7a"
"tests/unit/models/__init__.py","IGNORE","Phase 0~2의 제품 계약에 필요하지 않음","MIT","none","4d4a8a64b61cd88229deb77def3864277ac303e27dee11631bf9a099b2927bdf"
"tests/unit/models/test_agent_config_env.py","IGNORE","Phase 0~2의 제품 계약에 필요하지 않음","MIT","none","f56905e7181efefacfe598d89a78c75cc54417a84d92587f96ddf901aafc00ed"
"tests/unit/models/test_artifact_validation.py","IGNORE","Phase 0~2의 제품 계약에 필요하지 않음","MIT","none","2a65d47c80ed359c3692ebd7b7690192192b587cab5861cbdf1df1bc5540e135"
"tests/unit/models/test_content.py","IGNORE","Phase 0~2의 제품 계약에 필요하지 않음","MIT","none","6794a9eced8b2c5db6c5484dcbac8b7502c2facbbf8d1bb5a3bae64241c5df44"
"tests/unit/models/test_job_lock.py","IGNORE","Phase 0~2의 제품 계약에 필요하지 않음","MIT","none","3daf7bbfd804f325a3e5510fcc01e5e446ecd0d0c4e1f95d5632b3c4688dd7fb"
"tests/unit/models/test_job_result_status.py","IGNORE","Phase 0~2의 제품 계약에 필요하지 않음","MIT","none","a9706dd0dfd70696d4b06217e644d54bc69d0558e7f28c8b750d759d799ededc"
"tests/unit/models/test_observation_result.py","IGNORE","Phase 0~2의 제품 계약에 필요하지 않음","MIT","none","5e6372560acdf49888dae8b45378972901d6d50ad711b95f94dc18724e0e2787"
"tests/unit/models/test_step.py","IGNORE","Phase 0~2의 제품 계약에 필요하지 않음","MIT","none","5e6dd7e0895698089a56eee7788fc2d58574de5b33f488defe665f0e98a1ca82"
"tests/unit/models/test_task_config_deprecated_fields.py","ADAPT","구조와 실패 사례만 자체 구현에 반영","MIT","design-or-test-reference","c45825714eee8d306395f983a59b2c640647190d3b4843875343a346f6c5865e"
"tests/unit/models/test_task_config_env.py","ADAPT","구조와 실패 사례만 자체 구현에 반영","MIT","design-or-test-reference","d71c62f2c8eb6cfceed5db55bac6f991783f8050b380322c7712ad97075634d3"
"tests/unit/models/test_task_config_mcp.py","ADAPT","구조와 실패 사례만 자체 구현에 반영","MIT","design-or-test-reference","2f72e3aa6f58ee02f132b9ef933c9c5f8d530ac4e91d9261c111aef8709181a4"
"tests/unit/models/test_task_config_network.py","ADAPT","구조와 실패 사례만 자체 구현에 반영","MIT","design-or-test-reference","24b7a5cb0b182b9772c1addf6c6d3288dd3b6f7ecd60a181f56856a72d833fed"
"tests/unit/models/test_task_config_os.py","ADAPT","구조와 실패 사례만 자체 구현에 반영","MIT","design-or-test-reference","ac4344effe39233405e708d320c92e08e528723b03d55516970f5558d4566a6d"
"tests/unit/models/test_task_config_skills.py","ADAPT","구조와 실패 사례만 자체 구현에 반영","MIT","design-or-test-reference","d47cb5a8540ef3931b2959c67c09ffb588de92c183f0d6ad4408550996c6fa7b"
"tests/unit/models/test_task_config_timeout.py","ADAPT","구조와 실패 사례만 자체 구현에 반영","MIT","design-or-test-reference","68b196fe909d905962d3d0a982a4c51ecfde89b668b9bd14edf5bfa4263bd70b"
"tests/unit/models/test_task_config_toml.py","ADAPT","구조와 실패 사례만 자체 구현에 반영","MIT","design-or-test-reference","41014e025af403786445c84017c0916d18a8434cf5551fcbf97697d1015e0a86"
"tests/unit/models/test_task_config_workdir.py","ADAPT","구조와 실패 사례만 자체 구현에 반영","MIT","design-or-test-reference","c74c08eee56be726cb279453160629a053f32a0a94008eb4fae5f3ca88cefbaa"
"tests/unit/models/test_task_paths.py","ADAPT","구조와 실패 사례만 자체 구현에 반영","MIT","design-or-test-reference","97d651d2e3d0898181cf7c67a64ff9cf906f0a2be4dddabb01155c98cf0febc7"
"tests/unit/models/test_task_scripts.py","ADAPT","구조와 실패 사례만 자체 구현에 반영","MIT","design-or-test-reference","5bb5759df26c84126f806fa52ae2e88da4cb8658648a69baf375a4e85234059e"
"tests/unit/models/test_task_short_name.py","ADAPT","구조와 실패 사례만 자체 구현에 반영","MIT","design-or-test-reference","ca41230e0deeb8f051aabd0d1a58d7bddf416be4e8c6e529094ec571be928624"
"tests/unit/models/test_task_validate_steps_verifier_os.py","ADAPT","구조와 실패 사례만 자체 구현에 반영","MIT","design-or-test-reference","32a3c885836a41eee1d658603657339501af5dea9d2c4da5e5d2033c6f60dacc"
"tests/unit/models/test_task_windows_multistep.py","ADAPT","구조와 실패 사례만 자체 구현에 반영","MIT","design-or-test-reference","af5fc1d7924ecbcd757fb35441f1d5c5414f486b9f32b306567a2687ff2a348d"
"tests/unit/models/test_tool_call.py","IGNORE","Phase 0~2의 제품 계약에 필요하지 않음","MIT","none","63472629e1e44d9365363a1ccd59cf64ca10f5a28e20639fddd067a282ed68eb"
"tests/unit/models/test_trajectory.py","IGNORE","Phase 0~2의 제품 계약에 필요하지 않음","MIT","none","0227e64421f9f78fee9e8e0eac867899455384c32a1e1aaeeef790cd015d923c"
"tests/unit/models/test_trial_env_config.py","IGNORE","Phase 0~2의 제품 계약에 필요하지 않음","MIT","none","28193d487e61ff63f0f891810875e57b26c9b1e68c4f3212b34d3a3cec1b075e"
"tests/unit/models/test_trial_task_config.py","ADAPT","구조와 실패 사례만 자체 구현에 반영","MIT","design-or-test-reference","83ba4763cb8a2cccf41bfc8f114dcaa724e5a7a4cd5e35e6768acdb4d12dc926"
"tests/unit/models/test_validation.py","IGNORE","Phase 0~2의 제품 계약에 필요하지 않음","MIT","none","8bd514815dcb44425617c1960e6c6326dc82c4cb2ebeba46c2328e6f8522bdd0"
"tests/unit/models/test_verifier_config_validation.py","IGNORE","Phase 0~2의 제품 계약에 필요하지 않음","MIT","none","55601fdfcc90cbb4e67817a779388e0329960fceb9274a73f3c3b52f859d2d18"
"tests/unit/models/test_verifier_mode.py","IGNORE","Phase 0~2의 제품 계약에 필요하지 않음","MIT","none","72fc6444ddee4a15b080f357b2f6556f2e725265dd0fe6c2f3ef6b555173cb34"
"tests/unit/playground_core/test_application_job.py","IGNORE","Phase 0~2의 제품 계약에 필요하지 않음","MIT","none","909f65850cb4d8371d9d5e0b267c93c875241c010f5c66288c0f254629ebff73"
"tests/unit/playground_core/test_persona_generator.py","ADAPT","구조와 실패 사례만 자체 구현에 반영","MIT","design-or-test-reference","b7baad88ed8096fb2b64715bc1ad761f8dafc0f9861a06ab91ea19a899506634"
"tests/unit/playground_core/test_persona_grounding.py","ADAPT","구조와 실패 사례만 자체 구현에 반영","MIT","design-or-test-reference","f4354d66ee9ac0a5725f366a542ccbf689e09cf6dbd1b5d7b6eba23e01a74846"
"tests/unit/publisher/test_packager_environment_definition.py","IGNORE","Phase 0~2의 제품 계약에 필요하지 않음","MIT","none","0051acf18b8a6417c022e308c7e43d030a31ec3384fdd8b18caf780f3860a3ce"
"tests/unit/tasks/test_task_client_environment_definition.py","ADAPT","구조와 실패 사례만 자체 구현에 반영","MIT","design-or-test-reference","06cdccb40890066f4c1d4f9ce97e365048e776541eb4dac0e4e45453e94e74cc"
"tests/unit/test_web_task_environment.py","ADAPT","구조와 실패 사례만 자체 구현에 반영","MIT","design-or-test-reference","ed49a1469d97cc24d9afa17bdea6580d745335b6a6b8d6b8a58b5c64f357881e"
"tests/unit/viewer/test_auth.py","IGNORE","Phase 0~2의 제품 계약에 필요하지 않음","MIT","none","a24aa01c461de34a9a08ea01135ee150bfe386fe12482441c57d180d2ff7d3bc"
"tests/unit/viewer/test_frontend_environment.py","IGNORE","Phase 0~2의 제품 계약에 필요하지 않음","MIT","none","8d865538bee86fedb8fecb1eded1eb7107366c2c351c3fa7cf5f3acf224138f0"
"tests/unit/viewer/test_frontend_source_parity.py","IGNORE","Phase 0~2의 제품 계약에 필요하지 않음","MIT","none","d89b5c4245d16607f4f1539d5e0560b2e8dcbce91f4448adc1cf4fac7b2d4c93"
"tests/unit/viewer/test_job_status.py","IGNORE","Phase 0~2의 제품 계약에 필요하지 않음","MIT","none","9cd5437cbb8832b83bb4be08bfe06ece96c8d40802db1fba498e335ad5c6f524"
"tests/unit/viewer/test_task_scanner_environment_definition.py","ADAPT","구조와 실패 사례만 자체 구현에 반영","MIT","design-or-test-reference","f9e8685c013e1ee60e4128460f82db8d91930514be47f778f56ef3fc28a6e983"
"tests/unit/viewer/test_trial_file_size.py","IGNORE","Phase 0~2의 제품 계약에 필요하지 않음","MIT","none","683d0ba9b798a1550ce1833aab4362cb644ed711b0b27febc2d7b7e4402d5bce"
"tests/unit/viewer/test_upload_status.py","IGNORE","Phase 0~2의 제품 계약에 필요하지 않음","MIT","none","95851c15118fe335662d66e7fb25b44ba500dd8781e899ddaddcafa880f9b0fe"
"uv.lock","IGNORE","Phase 0~2의 제품 계약에 필요하지 않음","MIT","none","14776f972006b294f256183fa15c8498dcebfc11ffc72aea05953eb290490e9c"
